cluster,cost_of_goods_sold,current_assets,current_liabilities,current_ratio,debt_ratio,equity,financial_profit,gross_margin,gross_profit,net_income,net_profit_margin,other_profit,profit_before_tax,revenue,revenue_growth,roa,roe,total_assets,total_debt
0,0.8306467441051749,0.16647939385921767,-0.04872048551790749,1.5237577925257275,0.28374512584759004,-0.027252964931764143,-0.5127921090646679,-0.3296506333372537,-0.30889155158631654,-0.45933774670926114,-0.4691480304236247,-0.5044812874759408,-0.4470950506634341,1.0389139604691575,-0.4167249733989513,-0.44418959045847084,-0.36232528469143493,0.4837407627278997,0.0024259531902842226
1,0.07634762895566473,0.3810857986893064,-0.18763019003436213,1.6483398025990759,-0.21632736802016223,0.709308289216237,-0.4596941459130807,-0.24932010569578264,-0.273145027172963,-0.38032895683044704,-0.37354691833619363,-0.4715819106540073,-0.3606990026270056,0.2603616422522301,-0.39664088947726217,-0.4320448743282167,-0.4101450755515717,1.149432979894698,-0.04485770780847447
2,0.06278890669114125,0.30479547726585243,0.3163040587718612,1.0301453415291453,0.676078859502309,-0.07143184844400102,-0.49272933487509046,-0.16363074215466933,-0.3624938274723185,-0.4673153161871338,-0.47453826153092077,-0.4685959455294473,-0.4578728705787401,0.14341719054901567,-0.37120939673287234,-0.46549604567664105,-0.4362914198104557,1.0336833405441683,0.6345987548547082
