{
    "current_assets": 3332440476.0,
    "current_liabilities": 944460362.0,
    "equity": 2420065070.0,
    "financial_profit": -49869686.0,
    "net_income": 86939040.0,
    "other_profit": 5736360.0,
    "revenue": 656522207.0,
    "total_assets": 3566762108.0,
    "total_debt": 1146697038.0,
    "roa": 0.024374779524824985,
    "roe": 0.03592425719362992,
    "debt_ratio": 0.32149523945766895,
    "current_ratio": 3.528406918997835,
    "net_profit_margin": 0.13242360893970492,
    "revenue_growth": -0.4647574802788962,
    "gross_profit": 0.0,
    "gross_margin": 0.0,
    "net_income_growth": -0.727384945550076,
    "total_equity": 2420065070.0
}