{
    "current_assets": 4180315820.0,
    "current_liabilities": 2799517924.0,
    "equity": 1540816939.0,
    "net_income": 204717147.0,
    "profit_before_tax": 256144305.0,
    "revenue": 2153284690.0,
    "total_assets": 4340334863.0,
    "total_debt": 2799517924.0,
    "roa": 0.047166210318275156,
    "roe": 0.1328627313331996,
    "debt_ratio": 0.6450004463630252,
    "current_ratio": 1.493227024611113,
    "net_profit_margin": 0.09507203016429751,
    "revenue_growth": 0.06681929588868973,
    "gross_profit": 0.0,
    "gross_margin": 0.0,
    "net_income_growth": -0.16887113421898803,
    "total_equity": 1540816939.0
}