{
    "current_assets": 2835593029.0,
    "current_liabilities": 559443632.0,
    "equity": 2494739109.0,
    "financial_profit": -12816642.0,
    "net_income": 146309079.0,
    "other_profit": 20412.0,
    "revenue": 361377046.0,
    "total_assets": 3062598169.0,
    "total_debt": 567859060.0,
    "roa": 0.047772861774998336,
    "roe": 0.058647045886352035,
    "debt_ratio": 0.18541742294106361,
    "current_ratio": 5.06859470160168,
    "net_profit_margin": 0.4048654462685491,
    "revenue_growth": -0.01632509738632626,
    "gross_profit": 0.0,
    "gross_margin": 0.0,
    "net_income_growth": -0.00023028809484149093,
    "total_equity": 2494739109.0
}