{
    "current_assets": 3756411201.0,
    "current_liabilities": 2891491226.0,
    "equity": 1096932209.0,
    "net_income": 24623413.0,
    "profit_before_tax": 32996021.0,
    "revenue": 1988359722.0,
    "total_assets": 4007562248.0,
    "total_debt": 2910630038.0,
    "roa": 0.006144237188652147,
    "roe": 0.022447524811036408,
    "debt_ratio": 0.7262844237672338,
    "current_ratio": 1.2991259206400927,
    "net_profit_margin": 0.01238378183160562,
    "revenue_growth": -0.14795187933766907,
    "gross_profit": 0.0,
    "gross_margin": 0.0,
    "net_income_growth": 0.18619888478074986,
    "total_equity": 1096932210.0
}