{
    "cost_of_goods_sold": 70209236.0,
    "current_assets": 79254189.0,
    "current_liabilities": 51094761.0,
    "equity": 95232720.0,
    "financial_profit": 2491525.0,
    "gross_profit": 14671666.0,
    "net_income": 920163.0,
    "other_profit": -3634463.0,
    "profit_before_tax": 920163.0,
    "revenue": 86114408.0,
    "total_assets": 156104881.0,
    "total_debt": 60872161.0,
    "roa": 0.005894517801784814,
    "roe": 0.009662256837775924,
    "debt_ratio": 0.38994399540908653,
    "current_ratio": 1.551121630650156,
    "gross_margin": 0.1703741143990678,
    "net_profit_margin": 0.010685354766649502,
    "revenue_growth": -0.20456435316292332,
    "net_income_growth": -0.2489323669131691,
    "total_equity": 95232720.0
}