{
    "current_assets": 6853000653.0,
    "current_liabilities": 4761920591.0,
    "equity": 2783989307.0,
    "net_income": 456048423.0,
    "profit_before_tax": 574059022.0,
    "revenue": 3354210359.0,
    "total_assets": 7550245803.0,
    "total_debt": 4766256487.0,
    "roa": 0.06040179815321967,
    "roe": 0.16381112541597123,
    "debt_ratio": 0.6312716978175975,
    "current_ratio": 1.4391253533190218,
    "net_profit_margin": 0.13596297613723993,
    "revenue_growth": 0.2635907383507594,
    "gross_profit": 0.0,
    "gross_margin": 0.0,
    "net_income_growth": 0.43305484325034493,
    "total_equity": 2783989316.0
}