{
    "cost_of_goods_sold": 442724961.0,
    "current_assets": 230437536.0,
    "current_liabilities": 169822113.0,
    "equity": 163047409.0,
    "financial_profit": -4211410.0,
    "gross_profit": 21321363.0,
    "net_income": 9804474.0,
    "other_profit": -88928.0,
    "profit_before_tax": 11459102.0,
    "revenue": 464046324.0,
    "total_assets": 359029522.0,
    "total_debt": 195982113.0,
    "roa": 0.027308266867257784,
    "roe": 0.06013265748982249,
    "debt_ratio": 0.5458662895136518,
    "current_ratio": 1.3569348062463455,
    "gross_margin": 0.04594662622518695,
    "net_profit_margin": 0.021128222534955367,
    "revenue_growth": 1.271141587288934,
    "net_income_growth": 3.268976958043785,
    "total_equity": 163047409.0
}