{
    "current_assets": 1969449539.0,
    "current_liabilities": 1488477527.0,
    "equity": 836904726.0,
    "net_income": 88937406.0,
    "profit_before_tax": 111018609.0,
    "revenue": 1257810418.0,
    "total_assets": 2328999153.0,
    "total_debt": 1492084426.0,
    "roa": 0.03818696365150632,
    "roe": 0.10626818136992827,
    "debt_ratio": 0.6406547739951024,
    "current_ratio": 1.323130180520354,
    "net_profit_margin": 0.07070811684118203,
    "revenue_growth": 0.06825955376913972,
    "gross_profit": 0.0,
    "gross_margin": 0.0,
    "net_income_growth": 0.012444597948504832,
    "total_equity": 836914727.0
}