{
    "current_assets": 1206751518.0,
    "current_liabilities": 369370622.0,
    "equity": 807853240.0,
    "financial_profit": -9369658.0,
    "gross_profit": -9369658.0,
    "net_income": 186797803.0,
    "other_profit": 231094.0,
    "revenue": 552112599.0,
    "total_assets": 1212970385.0,
    "total_debt": 405117145.0,
    "roa": 0.1540002998506843,
    "roe": 0.2312273984319231,
    "debt_ratio": 0.33398766368067595,
    "current_ratio": 3.2670479083201154,
    "gross_margin": -0.01697055639913046,
    "net_profit_margin": 0.3383328026535399,
    "revenue_growth": 0.2696395668427154,
    "net_income_growth": 3.023018288602106,
    "total_equity": 807853240.0
}