{
    "current_assets": 122398176223.0,
    "current_liabilities": 30823017940.0,
    "equity": 22259023109.0,
    "net_income": 1859989244.0,
    "profit_before_tax": 2236298700.0,
    "revenue": 40080480186.0,
    "total_assets": 221101602594.0,
    "total_debt": 198842579485.0,
    "roa": 0.008412373416466924,
    "roe": 0.08356113540526178,
    "debt_ratio": 0.8993267219782511,
    "current_ratio": 3.970999091044879,
    "net_profit_margin": 0.046406361285304384,
    "revenue_growth": -0.014937160673311856,
    "gross_profit": 0.0,
    "gross_margin": 0.0,
    "net_income_growth": 0.1441818061762281,
    "total_equity": 22259023109.0
}