{
    "current_assets": 5080994655.0,
    "current_liabilities": 3118981333.0,
    "equity": 1753033162.0,
    "financial_profit": -132715299.0,
    "net_income": 199953862.0,
    "other_profit": -115051.0,
    "revenue": 990555836.0,
    "total_assets": 5460042184.0,
    "total_debt": 3153287233.0,
    "roa": 0.036621303510427236,
    "roe": 0.08668188266522117,
    "debt_ratio": 0.5775206723201389,
    "current_ratio": 1.6290558078181354,
    "net_profit_margin": 0.20186026343294391,
    "revenue_growth": 0.13792400937805138,
    "gross_profit": 0.0,
    "gross_margin": 0.0,
    "net_income_growth": 0.02161428390999065,
    "total_equity": 2306754951.0
}