{
    "cost_of_goods_sold": 111326391.0,
    "current_assets": 61125676.0,
    "current_liabilities": 44512127.0,
    "equity": 37405570.0,
    "financial_profit": 393775.0,
    "gross_profit": 19177974.0,
    "net_income": 4115415.0,
    "other_profit": 99242.0,
    "profit_before_tax": 5146784.0,
    "revenue": 130654269.0,
    "total_assets": 81917697.0,
    "total_debt": 44512127.0,
    "roa": 0.05023841185379027,
    "roe": 0.11002144867729592,
    "debt_ratio": 0.5433762011156149,
    "current_ratio": 1.3732364665476444,
    "gross_margin": 0.14678413607748247,
    "net_profit_margin": 0.031498511541172836,
    "revenue_growth": 0.05877000131691612,
    "net_income_growth": 0.04806531118670798,
    "total_equity": 37405570.0
}