{
    "cost_of_goods_sold": 80550160.0,
    "current_assets": 22402280.0,
    "current_liabilities": 4480779.0,
    "equity": 67420368.0,
    "financial_profit": 1331994.0,
    "gross_profit": 4659184.0,
    "net_income": 65112.0,
    "other_profit": -13839.0,
    "profit_before_tax": 190812.0,
    "revenue": 85209344.0,
    "total_assets": 71901148.0,
    "total_debt": 4480779.0,
    "roa": 0.0009055766397498967,
    "roe": 0.0009657615490060578,
    "debt_ratio": 0.06231860164458014,
    "current_ratio": 4.999639571601278,
    "gross_margin": 0.05467926146691142,
    "net_profit_margin": 0.0007641415476687627,
    "revenue_growth": -0.09087514892622095,
    "net_income_growth": -0.4164441018838839,
    "total_equity": 67420369.0
}