{
    "current_assets": 173648814.0,
    "current_liabilities": 0.0,
    "equity": 180530129.0,
    "financial_profit": 9311.0,
    "net_income": -12664839.0,
    "other_profit": -1399946.0,
    "revenue": 12596730.0,
    "total_assets": 181574460.0,
    "total_debt": 0.0,
    "roa": -0.06975011243321334,
    "roe": -0.06975011243321334,
    "debt_ratio": 0.0,
    "current_ratio": 173648814.0,
    "net_profit_margin": -1.0054068794044169,
    "revenue_growth": -0.6714284521879939,
    "gross_profit": 0.0,
    "gross_margin": 0.0,
    "net_income_growth": -1.9973672791647996,
    "total_equity": 181574460.0
}