{
    "cost_of_goods_sold": 7700506800.0,
    "current_assets": 2780516388.0,
    "current_liabilities": 2417958979.0,
    "equity": 1122512271.0,
    "financial_profit": 49603958.0,
    "gross_profit": 473567527.0,
    "net_income": 47935815.0,
    "other_profit": 16573333.0,
    "profit_before_tax": 57046240.0,
    "revenue": 8540961691.0,
    "total_assets": 3917631339.0,
    "total_debt": 2795119068.0,
    "roa": 0.012235917791140583,
    "roe": 0.042704045415286156,
    "debt_ratio": 0.713471694024551,
    "current_ratio": 1.149943573132884,
    "gross_margin": 0.055446628158866425,
    "net_profit_margin": 0.0056124610710421696,
    "revenue_growth": 0.15639077218521713,
    "net_income_growth": 0.0882848620231047,
    "total_equity": 1122512271.0
}