{
    "cost_of_goods_sold": 117522051.0,
    "current_assets": 121743755.0,
    "current_liabilities": 121279430.0,
    "equity": 55325212.0,
    "financial_profit": -7379877.0,
    "gross_profit": 27219149.0,
    "net_income": 7588017.0,
    "other_profit": -27810.0,
    "profit_before_tax": 10395455.0,
    "revenue": 144741200.0,
    "total_assets": 232380003.0,
    "total_debt": 177054791.0,
    "roa": 0.032653485248470365,
    "roe": 0.13715296743914873,
    "debt_ratio": 0.7619192215949838,
    "current_ratio": 1.0038285552628339,
    "gross_margin": 0.1880539127767353,
    "net_profit_margin": 0.05242472081204246,
    "revenue_growth": -0.019792609637512282,
    "net_income_growth": -6.804799888616635,
    "total_equity": 55325212.0
}