{
    "cost_of_goods_sold": 607413368.0,
    "current_assets": 572706713.0,
    "current_liabilities": 711594850.0,
    "equity": 573084092.0,
    "financial_profit": -243987362.0,
    "gross_profit": 46501276.0,
    "net_income": -205473530.0,
    "other_profit": 7235938.0,
    "profit_before_tax": -205157360.0,
    "revenue": 663769673.0,
    "total_assets": 1551597481.0,
    "total_debt": 978513389.0,
    "roa": -0.13242708403185402,
    "roe": -0.358539929599023,
    "debt_ratio": 0.6306489930425454,
    "current_ratio": 0.8048213291594226,
    "gross_margin": 0.07005634317372617,
    "net_profit_margin": -0.30955546533383127,
    "revenue_growth": -0.3195578992135639,
    "net_income_growth": -5.637587571415636,
    "total_equity": 573084092.0
}