{
    "cost_of_goods_sold": 1136472911.0,
    "current_assets": 367154537.0,
    "current_liabilities": 214571011.0,
    "equity": 248266006.0,
    "financial_profit": -7995053.0,
    "gross_profit": 166499229.0,
    "net_income": 40042720.0,
    "other_profit": 4436952.0,
    "profit_before_tax": 51111851.0,
    "revenue": 1303167247.0,
    "total_assets": 503531216.0,
    "total_debt": 255265210.0,
    "roa": 0.07952380851001699,
    "roe": 0.16128958066051138,
    "debt_ratio": 0.506950119255367,
    "current_ratio": 1.7111096941235926,
    "gross_margin": 0.12776505040569056,
    "net_profit_margin": 0.030727230209462133,
    "revenue_growth": 0.08361211643634325,
    "net_income_growth": 0.27629311121052025,
    "total_equity": 248266006.0
}