{
    "cost_of_goods_sold": 742143962.0,
    "current_assets": 1513597804.0,
    "current_liabilities": 2093435832.0,
    "equity": 751873346.0,
    "financial_profit": 24291229.0,
    "gross_profit": 316577926.0,
    "net_income": 244031208.0,
    "other_profit": 301364251.0,
    "profit_before_tax": 261095427.0,
    "revenue": 1058723074.0,
    "total_assets": 4348369469.0,
    "total_debt": 3596496123.0,
    "roa": 0.056120164061431554,
    "roe": 0.32456424914948373,
    "debt_ratio": 0.8270907402509867,
    "current_ratio": 0.7230208735626533,
    "gross_margin": 0.2990186327043251,
    "net_profit_margin": 0.23049578685200167,
    "revenue_growth": -0.05667965852212853,
    "net_income_growth": -1.4216594583553182,
    "total_equity": 751873346.0
}