{
    "cost_of_goods_sold": 11530565.0,
    "current_assets": 35404896.0,
    "current_liabilities": 47586925.0,
    "equity": 59782526.0,
    "financial_profit": -7409897.0,
    "gross_profit": -199509.0,
    "net_income": -12441877.0,
    "other_profit": 80390.0,
    "profit_before_tax": -12441877.0,
    "revenue": 11331056.0,
    "total_assets": 150209252.0,
    "total_debt": 90426726.0,
    "roa": -0.08283029729753265,
    "roe": -0.20811895770346003,
    "debt_ratio": 0.6020050349495116,
    "current_ratio": 0.7440047029725076,
    "gross_margin": -0.017607273320333076,
    "net_profit_margin": -1.098033316577025,
    "revenue_growth": -0.18148824652981188,
    "net_income_growth": -0.49905549567362384,
    "total_equity": 59782526.0
}