{
    "current_assets": 8045915033.0,
    "current_liabilities": 4590747360.0,
    "equity": 3643935759.0,
    "financial_profit": 9107268.0,
    "net_income": 444917591.0,
    "other_profit": 1211665.0,
    "revenue": 944166711.0,
    "total_assets": 8234683119.0,
    "total_debt": 4590747360.0,
    "roa": 0.054029716088702356,
    "roe": 0.12209808855743881,
    "debt_ratio": 0.5574892553433786,
    "current_ratio": 1.7526372945515347,
    "net_profit_margin": 0.47122778828833334,
    "revenue_growth": 0.11046909717349429,
    "gross_profit": 0.0,
    "gross_margin": 0.0,
    "net_income_growth": 0.3981209262365606,
    "total_equity": 3643935759.0
}