{
    "cost_of_goods_sold": 1322136530.0,
    "current_assets": 2415160004.0,
    "current_liabilities": 2399838709.0,
    "equity": 1113178104.0,
    "financial_profit": -58937717.0,
    "gross_profit": 134950221.0,
    "net_income": 26672788.0,
    "other_profit": 21708553.0,
    "profit_before_tax": 31078434.0,
    "revenue": 1457086751.0,
    "total_assets": 4401208623.0,
    "total_debt": 3288030519.0,
    "roa": 0.006060332577876984,
    "roe": 0.02396093482629263,
    "debt_ratio": 0.7470744517352091,
    "current_ratio": 1.0063843019710206,
    "gross_margin": 0.09261646288896906,
    "net_profit_margin": 0.018305559351009432,
    "revenue_growth": 0.04149094709553425,
    "net_income_growth": 0.5381546760521778,
    "total_equity": 1113178104.0
}