{
    "current_assets": 263287797.0,
    "current_liabilities": 9817922.0,
    "equity": 262931973.0,
    "financial_profit": 3291664.0,
    "net_income": 33507910.0,
    "other_profit": -7029.0,
    "revenue": 104038075.0,
    "total_assets": 272749895.0,
    "total_debt": 9817922.0,
    "roa": 0.12285214628588582,
    "roe": 0.12743946511214138,
    "debt_ratio": 0.03599606152002369,
    "current_ratio": 26.817059353292887,
    "net_profit_margin": 0.3220735293304879,
    "revenue_growth": 0.6725004585636132,
    "gross_profit": 0.0,
    "gross_margin": 0.0,
    "net_income_growth": -1.4134930545246378,
    "total_equity": 262931973.0
}