{
    "cost_of_goods_sold": 6063289791.0,
    "current_assets": 13734790530.0,
    "current_liabilities": 12410681510.0,
    "equity": 1747899997.0,
    "financial_profit": -163004824.0,
    "gross_profit": 357555131.0,
    "net_income": 962962483.0,
    "other_profit": 610545178.0,
    "profit_before_tax": 1009351523.0,
    "revenue": 6425200748.0,
    "total_assets": 15411757819.0,
    "total_debt": 13663857822.0,
    "roa": 0.062482326436043255,
    "roe": 0.5509253874093347,
    "debt_ratio": 0.886586590736253,
    "current_ratio": 1.1066910804965133,
    "gross_margin": 0.05564886530764004,
    "net_profit_margin": 0.1498727465129779,
    "revenue_growth": -0.1481015527650047,
    "net_income_growth": -1.8633821278362768,
    "total_equity": 1747899997.0
}