{
    "current_assets": 319769571.0,
    "current_liabilities": 6058027.0,
    "equity": 32844648.0,
    "financial_profit": 763168.0,
    "net_income": 9796532.0,
    "other_profit": -283107.0,
    "revenue": 29012168.0,
    "total_assets": 362424935.0,
    "total_debt": 6058027.0,
    "roa": 0.027030513228898007,
    "roe": 0.02749001599216951,
    "debt_ratio": 0.016715259947553,
    "current_ratio": 52.78444137010284,
    "net_profit_margin": 0.33766976669926907,
    "revenue_growth": -0.2478841484906389,
    "gross_profit": 0.0,
    "gross_margin": 0.0,
    "net_income_growth": -0.4486993223860659,
    "total_equity": 356366908.0
}