{
    "current_assets": 17728214114.0,
    "current_liabilities": 9598589845.0,
    "equity": 8312085228.0,
    "financial_profit": 2230086.0,
    "net_income": 674358866.0,
    "other_profit": 21818.0,
    "revenue": 2903163797.0,
    "total_assets": 17910675073.0,
    "total_debt": 9598589845.0,
    "roa": 0.037651225498283036,
    "roe": 0.08112992678760825,
    "debt_ratio": 0.5359144647467639,
    "current_ratio": 1.846960272319043,
    "net_profit_margin": 0.23228412626833264,
    "revenue_growth": -0.25587469430779775,
    "gross_profit": 0.0,
    "gross_margin": 0.0,
    "net_income_growth": -0.20895196070118904,
    "total_equity": 8312085228.0
}