{
    "cost_of_goods_sold": 325857077.0,
    "current_assets": 2320586229.0,
    "current_liabilities": 2142023997.0,
    "equity": 2272109386.0,
    "financial_profit": -38483548.0,
    "gross_profit": 220371271.0,
    "net_income": 66904963.0,
    "other_profit": -40255902.0,
    "profit_before_tax": 89734380.0,
    "revenue": 556262768.0,
    "total_assets": 4877377355.0,
    "total_debt": 2605267969.0,
    "roa": 0.013717405509215515,
    "roe": 0.029446189260185558,
    "debt_ratio": 0.5341534557151361,
    "current_ratio": 1.0833614526494961,
    "gross_margin": 0.39616397802845577,
    "net_profit_margin": 0.12027582439240297,
    "revenue_growth": -0.16478614782752465,
    "net_income_growth": -0.49303705848489277,
    "total_equity": 2272109386.0
}