{
    "cost_of_goods_sold": 1166354221.0,
    "current_assets": 3353883065.0,
    "current_liabilities": 2328692229.0,
    "equity": 7228748133.0,
    "financial_profit": -528701260.0,
    "gross_profit": 1723029746.0,
    "net_income": 866291362.0,
    "other_profit": 2050200.0,
    "profit_before_tax": 963389016.0,
    "revenue": 2889383968.0,
    "total_assets": 14438351768.0,
    "total_debt": 7209603635.0,
    "roa": 0.0599993251251835,
    "roe": 0.11983974902172732,
    "debt_ratio": 0.49933702619566206,
    "current_ratio": 1.4402431644821707,
    "gross_margin": 0.5963311782312762,
    "net_profit_margin": 0.29981870585363474,
    "revenue_growth": -0.19317784843178354,
    "net_income_growth": -0.3639113018384251,
    "total_equity": 7228748133.0
}