{
    "cost_of_goods_sold": -869816683.0,
    "current_assets": 715212359.0,
    "current_liabilities": 456342994.0,
    "equity": 437102480.0,
    "financial_profit": 45219349.0,
    "gross_profit": 110386601.0,
    "net_income": 27884517.0,
    "other_profit": 2828942.0,
    "profit_before_tax": 29416578.0,
    "revenue": 980203284.0,
    "total_assets": 893945473.0,
    "total_debt": 456842994.0,
    "roa": 0.03119263740597297,
    "roe": 0.06379400332799302,
    "debt_ratio": 0.5110412299162681,
    "current_ratio": 1.5672692873641443,
    "gross_margin": 0.1126160285339342,
    "net_profit_margin": 0.028447687796157188,
    "revenue_growth": 0.2217330611547541,
    "net_income_growth": -0.10212000914092112,
    "total_equity": 437102479.0
}