{
    "current_assets": 90588260.0,
    "current_liabilities": 1291801.0,
    "equity": 286283090.0,
    "financial_profit": 1803330.0,
    "net_income": 723438.0,
    "other_profit": -2924.0,
    "profit_before_tax": 1003552.0,
    "total_assets": 287574892.0,
    "total_debt": 1291801.0,
    "roa": 0.002515650775242228,
    "roe": 0.002527002197276122,
    "debt_ratio": 0.004492050717696175,
    "current_ratio": 70.12555339405992,
    "revenue": 0.0,
    "gross_profit": 0.0,
    "gross_margin": 0.0,
    "net_profit_margin": 723438.0,
    "revenue_growth": 0.0,
    "net_income_growth": -0.9758704646219188,
    "total_equity": 286283091.0
}