{
    "cost_of_goods_sold": 4533184734.0,
    "current_assets": 3881686564.0,
    "current_liabilities": 2854277224.0,
    "equity": 3423312689.0,
    "financial_profit": 114009717.0,
    "gross_profit": 3124965570.0,
    "net_income": 875301760.0,
    "other_profit": 3325829.0,
    "profit_before_tax": 1108404124.0,
    "revenue": 7774453293.0,
    "total_assets": 6945179364.0,
    "total_debt": 3521866676.0,
    "roa": 0.12603011587246893,
    "roe": 0.25568852155056193,
    "debt_ratio": 0.5070951362689674,
    "current_ratio": 1.35995429293311,
    "gross_margin": 0.4019530958934015,
    "net_profit_margin": 0.11258692116500442,
    "revenue_growth": 0.15233001278904124,
    "net_income_growth": -0.053069435931062725,
    "total_equity": 3423312688.0
}