{
    "cost_of_goods_sold": 843676486.0,
    "current_assets": 3742769257.0,
    "current_liabilities": 2317793110.0,
    "equity": 3823586837.0,
    "financial_profit": -78690619.0,
    "gross_profit": -66778665.0,
    "net_income": 394852893.0,
    "other_profit": 11318497.0,
    "profit_before_tax": 494392648.0,
    "revenue": 1515697524.0,
    "total_assets": 6403754435.0,
    "total_debt": 2580167598.0,
    "roa": 0.06165959313522615,
    "roe": 0.10326766720166947,
    "debt_ratio": 0.40291482507480003,
    "current_ratio": 1.614798681060882,
    "gross_margin": -0.04405804188672673,
    "net_profit_margin": 0.2605090308242794,
    "revenue_growth": -0.23386260669736714,
    "net_income_growth": -0.22736793624183216,
    "total_equity": 3823586837.0
}