{
    "cost_of_goods_sold": 443014661.0,
    "current_assets": 166449607.0,
    "current_liabilities": 671673279.0,
    "equity": -199496955.0,
    "financial_profit": 6844400.0,
    "gross_profit": -59200860.0,
    "net_income": 530812957.0,
    "other_profit": 655354426.0,
    "profit_before_tax": 570292710.0,
    "revenue": 383813800.0,
    "total_assets": 628391324.0,
    "total_debt": 827888279.0,
    "roa": 0.844717195681715,
    "roe": -2.6607571879981826,
    "debt_ratio": 1.3174724847092256,
    "current_ratio": 0.24781335242011318,
    "gross_margin": -0.15424369837666077,
    "net_profit_margin": 1.3829960178607439,
    "revenue_growth": 0.09739449400937783,
    "net_income_growth": -5.406031060183645,
    "total_equity": -199496955.0
}