{
    "current_assets": 21873553969.0,
    "current_liabilities": 14161986238.0,
    "equity": 1180409047.0,
    "financial_profit": -535109059.0,
    "net_income": 743553183.0,
    "other_profit": 4856549.0,
    "revenue": 3120367476.0,
    "total_assets": 22121692241.0,
    "total_debt": 15223341794.0,
    "roa": 0.03361194862036414,
    "roe": 0.10778709906269858,
    "debt_ratio": 0.6881635287279377,
    "current_ratio": 1.5445258596783562,
    "net_profit_margin": 0.23829026187427163,
    "revenue_growth": 0.7183030556871337,
    "gross_profit": 0.0,
    "gross_margin": 0.0,
    "net_income_growth": 0.2731717734839598,
    "total_equity": 6898350447.0
}