{
    "cost_of_goods_sold": 50167871.0,
    "current_assets": 51496798.0,
    "current_liabilities": 18349470.0,
    "equity": 61134103.0,
    "financial_profit": 1661385.0,
    "gross_profit": 11586814.0,
    "net_income": 3057442.0,
    "other_profit": 573580.0,
    "profit_before_tax": 3853957.0,
    "revenue": 61754685.0,
    "total_assets": 82272479.0,
    "total_debt": 21138376.0,
    "roa": 0.037162390597225106,
    "roe": 0.050012053010739355,
    "debt_ratio": 0.2569313123529437,
    "current_ratio": 2.8064460717394017,
    "gross_margin": 0.18762647724622028,
    "net_profit_margin": 0.04950947446335448,
    "revenue_growth": 0.03466054265579266,
    "net_income_growth": -0.0006853973752254383,
    "total_equity": 61134103.0
}