{
    "cost_of_goods_sold": 89920423.0,
    "current_assets": 74303145.0,
    "current_liabilities": 15235201.0,
    "equity": 97495051.0,
    "financial_profit": 1555522.0,
    "gross_profit": 20082899.0,
    "net_income": 8669685.0,
    "other_profit": -598449.0,
    "profit_before_tax": 11166090.0,
    "revenue": 110003321.0,
    "total_assets": 112730252.0,
    "total_debt": 15235201.0,
    "roa": 0.07690646340433976,
    "roe": 0.08892435986314834,
    "debt_ratio": 0.13514740479778223,
    "current_ratio": 4.87707021390791,
    "gross_margin": 0.1825662972484258,
    "net_profit_margin": 0.07881293874754927,
    "revenue_growth": -0.06044176711458071,
    "net_income_growth": -0.1216402277861125,
    "total_equity": 97495051.0
}