{
    "cost_of_goods_sold": 113860487.0,
    "current_assets": 97860762.0,
    "current_liabilities": 2549874.0,
    "equity": 115291888.0,
    "financial_profit": 16581723.0,
    "gross_profit": 15464608.0,
    "net_income": 21106729.0,
    "other_profit": 506286.0,
    "profit_before_tax": 23373504.0,
    "revenue": 129325094.0,
    "total_assets": 120672092.0,
    "total_debt": 5380204.0,
    "roa": 0.17490977947079928,
    "roe": 0.18307210824754644,
    "debt_ratio": 0.0445853213516842,
    "current_ratio": 38.37866576936743,
    "gross_margin": 0.11957932928314748,
    "net_profit_margin": 0.1632067555272761,
    "revenue_growth": 0.28592444974380715,
    "net_income_growth": -0.0901678238829896,
    "total_equity": 115291888.0
}