{
    "cost_of_goods_sold": 42234365.0,
    "current_assets": 3389657486.0,
    "current_liabilities": 2572141470.0,
    "equity": 1817921867.0,
    "financial_profit": 60570217.0,
    "gross_profit": 22492128.0,
    "net_income": 438932.0,
    "other_profit": -49522640.0,
    "profit_before_tax": 14904479.0,
    "revenue": 64726492.0,
    "total_assets": 7753558811.0,
    "total_debt": 5935636943.0,
    "roa": 5.661039152463585e-05,
    "roe": 0.00024144712032255503,
    "debt_ratio": 0.7655371020826065,
    "current_ratio": 1.3178347791266707,
    "gross_margin": 0.34749493298663553,
    "net_profit_margin": 0.0067813346040752525,
    "revenue_growth": -0.7791173892675134,
    "net_income_growth": -0.5957394095407386,
    "total_equity": 1817921868.0
}