{
    "cost_of_goods_sold": 1140735361.0,
    "current_assets": 369881587.0,
    "current_liabilities": 247832514.0,
    "equity": 227854827.0,
    "financial_profit": -2299515.0,
    "gross_profit": 19867433.0,
    "net_income": -13109769.0,
    "other_profit": -1320442.0,
    "profit_before_tax": -13109769.0,
    "revenue": 1160602794.0,
    "total_assets": 475687341.0,
    "total_debt": 247832514.0,
    "roa": -0.02755963396553788,
    "roe": -0.05753562113476753,
    "debt_ratio": 0.5209987582999397,
    "current_ratio": 1.4924659441577548,
    "gross_margin": 0.0171182019401549,
    "net_profit_margin": -0.011295655212768685,
    "revenue_growth": 0.23156457429817645,
    "net_income_growth": -2.5174701394002033,
    "total_equity": 227854827.0
}