{
    "cost_of_goods_sold": 130110.0,
    "current_assets": 60590222.0,
    "current_liabilities": 2107254.0,
    "equity": 57482968.0,
    "financial_profit": 1633186.0,
    "gross_profit": 5027755.0,
    "net_income": 5269730.0,
    "other_profit": -102431.0,
    "profit_before_tax": 6144267.0,
    "total_assets": 60590222.0,
    "total_debt": 3107254.0,
    "roa": 0.08697327433459479,
    "roe": 0.09167463308435987,
    "debt_ratio": 0.0512830931697197,
    "current_ratio": 28.75316501949931,
    "revenue": 0.0,
    "gross_margin": 5027755.0,
    "net_profit_margin": 5269730.0,
    "revenue_growth": 0.0,
    "net_income_growth": 1.2199553458589603,
    "total_equity": 57482968.0
}