{
    "cost_of_goods_sold": 18777248235.0,
    "current_assets": 10202370501.0,
    "current_liabilities": 7620886731.0,
    "equity": 5871406574.0,
    "financial_profit": -136480855.0,
    "gross_profit": 1831773955.0,
    "net_income": 453008144.0,
    "other_profit": 717000.0,
    "profit_before_tax": 558169985.0,
    "revenue": 20707517192.0,
    "total_assets": 13519085553.0,
    "total_debt": 7647678978.0,
    "roa": 0.03350878594739521,
    "roe": 0.07715496077700938,
    "debt_ratio": 0.5656949908348583,
    "current_ratio": 1.3387379790725826,
    "gross_margin": 0.0884593714454418,
    "net_profit_margin": 0.02187650696120209,
    "revenue_growth": 0.11203913904002438,
    "net_income_growth": 2.8583909444766658,
    "total_equity": 5871406575.0
}