{
    "cost_of_goods_sold": 311812439.0,
    "current_assets": 234207017.0,
    "current_liabilities": 204538834.0,
    "equity": 583287765.0,
    "financial_profit": -16731739.0,
    "gross_profit": 240464621.0,
    "net_income": 15013374.0,
    "other_profit": 23354212.0,
    "profit_before_tax": 18800763.0,
    "revenue": 552277060.0,
    "total_assets": 1437338414.0,
    "total_debt": 854050648.0,
    "roa": 0.010445260388066133,
    "roe": 0.02573922320188008,
    "debt_ratio": 0.5941889813013792,
    "current_ratio": 1.1450491450440163,
    "gross_margin": 0.43540577441329903,
    "net_profit_margin": 0.0271844968538074,
    "revenue_growth": 0.16561154284569857,
    "net_income_growth": 0.060186637066260706,
    "total_equity": 583287766.0
}