{
    "cost_of_goods_sold": 737265180.0,
    "current_assets": 227798020.0,
    "current_liabilities": 107742511.0,
    "equity": 187817087.0,
    "financial_profit": -2740246.0,
    "gross_profit": 132210946.0,
    "net_income": 18311183.0,
    "other_profit": 528008.0,
    "profit_before_tax": 23114686.0,
    "revenue": 869476126.0,
    "total_assets": 295559599.0,
    "total_debt": 107742511.0,
    "roa": 0.06195428286529784,
    "roe": 0.09749476575848093,
    "debt_ratio": 0.36453734327877474,
    "current_ratio": 2.1142817063173887,
    "gross_margin": 0.15205816703470937,
    "net_profit_margin": 0.0210600181562662,
    "revenue_growth": 0.23071309189991807,
    "net_income_growth": 0.6280177173074308,
    "total_equity": 187817088.0
}