{
    "cost_of_goods_sold": 147228974.0,
    "current_assets": 92241864.0,
    "current_liabilities": 37346690.0,
    "equity": 97030059.0,
    "financial_profit": 112787.0,
    "gross_profit": 10058723.0,
    "net_income": 11347224.0,
    "other_profit": 6561380.0,
    "profit_before_tax": 14218578.0,
    "revenue": 157287697.0,
    "total_assets": 153970313.0,
    "total_debt": 56940253.0,
    "roa": 0.07369747959140668,
    "roe": 0.11694544968847799,
    "debt_ratio": 0.3698131924951013,
    "current_ratio": 2.4698805704066413,
    "gross_margin": 0.06395111119212331,
    "net_profit_margin": 0.07214311237578867,
    "revenue_growth": 0.03826069452888081,
    "net_income_growth": 1.129612724799486,
    "total_equity": 97030060.0
}