{
    "cost_of_goods_sold": 855335075.0,
    "current_assets": 777700050.0,
    "current_liabilities": 976318468.0,
    "equity": 1269725000.0,
    "financial_profit": -40286797.0,
    "gross_profit": 209760271.0,
    "net_income": 21675460.0,
    "other_profit": -2061860.0,
    "profit_before_tax": 28149395.0,
    "revenue": 1066796488.0,
    "total_assets": 3167616373.0,
    "total_debt": 1897891373.0,
    "roa": 0.006842829890878329,
    "roe": 0.017070987812321567,
    "debt_ratio": 0.5991544270250556,
    "current_ratio": 0.796563903572497,
    "gross_margin": 0.19662632316427348,
    "net_profit_margin": 0.020318270864048815,
    "revenue_growth": -0.20456922175141679,
    "net_income_growth": -0.4493242189258536,
    "total_equity": 1269725000.0
}