{
    "current_assets": 6210119368.0,
    "current_liabilities": 5532379449.0,
    "equity": 1864622211.0,
    "net_income": 229086496.0,
    "profit_before_tax": 283676809.0,
    "revenue": 3226157799.0,
    "total_assets": 7448720197.0,
    "total_debt": 5584097986.0,
    "roa": 0.030755148527698145,
    "roe": 0.12285946968160405,
    "debt_ratio": 0.7496721367314907,
    "current_ratio": 1.1225042362418767,
    "net_profit_margin": 0.0710090796150793,
    "revenue_growth": 0.05057051199325846,
    "gross_profit": 0.0,
    "gross_margin": 0.0,
    "net_income_growth": 0.12448208559104046,
    "total_equity": 1864622211.0
}