{
    "cost_of_goods_sold": 166285673.0,
    "current_assets": 102065346.0,
    "current_liabilities": 90069030.0,
    "equity": 20896680.0,
    "financial_profit": 352854.0,
    "gross_profit": 8770051.0,
    "net_income": 1372087.0,
    "other_profit": 964561.0,
    "profit_before_tax": 1827075.0,
    "revenue": 175055724.0,
    "total_assets": 110965710.0,
    "total_debt": 90069030.0,
    "roa": 0.01236496391542937,
    "roe": 0.06566052597828938,
    "debt_ratio": 0.8116834470756777,
    "current_ratio": 1.133190243083555,
    "gross_margin": 0.05009862459567446,
    "net_profit_margin": 0.007838001344074873,
    "revenue_growth": 5.265090222759711,
    "net_income_growth": 5.000686623953118,
    "total_equity": 20896680.0
}