{
    "cost_of_goods_sold": 13441440927.0,
    "current_assets": 3936776214.0,
    "current_liabilities": 7679983370.0,
    "equity": 2611299194.0,
    "financial_profit": -453514603.0,
    "gross_profit": -424073787.0,
    "net_income": -1079868046.0,
    "other_profit": -13330137.0,
    "profit_before_tax": -1079046118.0,
    "revenue": 13041401643.0,
    "total_assets": 11031617799.0,
    "total_debt": 8420318605.0,
    "roa": -0.09788845713072913,
    "roe": -0.41353669793228603,
    "debt_ratio": 0.7632895517612376,
    "current_ratio": 0.5126021795018548,
    "gross_margin": -0.03251750069576475,
    "net_profit_margin": -0.08280306638509377,
    "revenue_growth": -0.07325573611133762,
    "net_income_growth": -6.916144143844648,
    "total_equity": 2611299194.0
}