{
    "current_assets": 5717559646.0,
    "current_liabilities": 940619636.0,
    "equity": 1609992473.0,
    "net_income": 190524685.0,
    "profit_before_tax": 240199847.0,
    "revenue": 1361565572.0,
    "total_assets": 6700999105.0,
    "total_debt": 5083629951.0,
    "roa": 0.028432280323368288,
    "roe": 0.1177991335674997,
    "debt_ratio": 0.7586376108014716,
    "current_ratio": 6.078503389865444,
    "net_profit_margin": 0.13993059821580153,
    "revenue_growth": -0.0327686985420611,
    "gross_profit": 0.0,
    "gross_margin": 0.0,
    "net_income_growth": -0.05756282707638516,
    "total_equity": 1617369154.0
}