{
    "cost_of_goods_sold": 5355797768.0,
    "current_assets": 6127665324.0,
    "current_liabilities": 6703635465.0,
    "equity": 1591467907.0,
    "financial_profit": -493941300.0,
    "gross_profit": 743443460.0,
    "net_income": 47353874.0,
    "other_profit": 2877283.0,
    "profit_before_tax": 63854572.0,
    "revenue": 6124801832.0,
    "total_assets": 10992014791.0,
    "total_debt": 9400546884.0,
    "roa": 0.004308024952693133,
    "roe": 0.029754840667358805,
    "debt_ratio": 0.8552159965884456,
    "current_ratio": 0.9140809275791968,
    "gross_margin": 0.12138245128450713,
    "net_profit_margin": 0.007731494879163627,
    "revenue_growth": -0.17138776228420505,
    "net_income_growth": -1.2001310182493314,
    "total_equity": 1591467907.0
}