{
    "current_assets": 2554954970.0,
    "current_liabilities": 1820976871.0,
    "equity": 109243905.0,
    "financial_profit": -91627381.0,
    "net_income": 25904263.0,
    "other_profit": -575223.0,
    "revenue": 343536436.0,
    "total_assets": 2598633695.0,
    "total_debt": 1890976789.0,
    "roa": 0.009968416498963314,
    "roe": 0.03660568105866828,
    "debt_ratio": 0.7276811628504648,
    "current_ratio": 1.403068325956788,
    "net_profit_margin": 0.07540470321465406,
    "revenue_growth": 0.14657924093377206,
    "gross_profit": 0.0,
    "gross_margin": 0.0,
    "net_income_growth": 0.05920457586124095,
    "total_equity": 707656906.0
}