{
    "current_assets": 7127718367.0,
    "current_liabilities": 1437116673.0,
    "equity": 2060260268.0,
    "net_income": 252869257.0,
    "profit_before_tax": 319758228.0,
    "revenue": 4878341417.0,
    "total_assets": 8218792122.0,
    "total_debt": 6154474300.0,
    "roa": 0.03076720438312602,
    "roe": 0.12249531264280293,
    "debt_ratio": 0.7488295370709949,
    "current_ratio": 4.959735351285567,
    "net_profit_margin": 0.051835088072926486,
    "revenue_growth": -0.05329472180745687,
    "gross_profit": 0.0,
    "gross_margin": 0.0,
    "net_income_growth": -1.7279406086000937,
    "total_equity": 2064317822.0
}