{
    "cost_of_goods_sold": 7533882512.0,
    "current_assets": 7782381355.0,
    "current_liabilities": 4124097177.0,
    "equity": 16052342324.0,
    "financial_profit": -248305826.0,
    "gross_profit": 1754176796.0,
    "net_income": 697970710.0,
    "other_profit": 17854872.0,
    "profit_before_tax": 937210202.0,
    "revenue": 9289871699.0,
    "total_assets": 23614557761.0,
    "total_debt": 7562215437.0,
    "roa": 0.029556797847500458,
    "roe": 0.043480926079956426,
    "debt_ratio": 0.3202353189729929,
    "current_ratio": 1.8870509158712776,
    "gross_margin": 0.188826805454033,
    "net_profit_margin": 0.07513243805887357,
    "revenue_growth": 0.6004844113004144,
    "net_income_growth": 0.27847001805489735,
    "total_equity": 16052342324.0
}