{
    "cost_of_goods_sold": 342449.0,
    "current_assets": 71151933.0,
    "current_liabilities": 54049192.0,
    "equity": 147085502.0,
    "financial_profit": -30668.0,
    "gross_profit": 160756.0,
    "net_income": -17208739.0,
    "other_profit": -72221.0,
    "profit_before_tax": -17208739.0,
    "revenue": 503205.0,
    "total_assets": 201135644.0,
    "total_debt": 54050142.0,
    "roa": -0.08555787854290013,
    "roe": -0.11699820013531993,
    "debt_ratio": 0.2687248312884811,
    "current_ratio": 1.3164291706710436,
    "gross_margin": 0.31946423425840365,
    "net_profit_margin": -34.19826710783875,
    "revenue_growth": -0.6519016894913678,
    "net_income_growth": -0.8062268197611735,
    "total_equity": 147085502.0
}