{
    "cost_of_goods_sold": 9288346581.0,
    "current_assets": 6648001422.0,
    "current_liabilities": 3714296574.0,
    "equity": 10389474545.0,
    "financial_profit": -267463620.0,
    "gross_profit": 2443801481.0,
    "net_income": 1469628361.0,
    "other_profit": 180448142.0,
    "profit_before_tax": 1868391060.0,
    "revenue": 11732148062.0,
    "total_assets": 19858153053.0,
    "total_debt": 9468678508.0,
    "roa": 0.07400629641022839,
    "roe": 0.1414535792579874,
    "debt_ratio": 0.47681566773751666,
    "current_ratio": 1.7898413036093763,
    "gross_margin": 0.2082995772032049,
    "net_profit_margin": 0.1252650710878831,
    "revenue_growth": 0.2277284808527138,
    "net_income_growth": 0.2031334618248961,
    "total_equity": 10389474545.0
}