{
    "cost_of_goods_sold": 55152164.0,
    "current_assets": 182914335.0,
    "current_liabilities": 32542456.0,
    "equity": 255962183.0,
    "financial_profit": 3194837.0,
    "gross_profit": 59352236.0,
    "net_income": 33439305.0,
    "other_profit": -42186.0,
    "profit_before_tax": 42028438.0,
    "revenue": 114504400.0,
    "total_assets": 294371371.0,
    "total_debt": 38409188.0,
    "roa": 0.11359564242407255,
    "roe": 0.13064158387803718,
    "debt_ratio": 0.13047868027900036,
    "current_ratio": 5.620790729501178,
    "gross_margin": 0.518340220987141,
    "net_profit_margin": 0.29203510956784196,
    "revenue_growth": 0.4252658634832487,
    "net_income_growth": 2.1045766440184455,
    "total_equity": 255962183.0
}