{
    "cost_of_goods_sold": 168460580.0,
    "current_assets": 38333063.0,
    "current_liabilities": 59769910.0,
    "equity": 49708468.0,
    "financial_profit": -2621419.0,
    "gross_profit": 33622471.0,
    "net_income": 10105517.0,
    "other_profit": 411386.0,
    "profit_before_tax": 11348197.0,
    "revenue": 202083051.0,
    "total_assets": 111774392.0,
    "total_debt": 62065924.0,
    "roa": 0.09040994828225056,
    "roe": 0.20329568394664668,
    "debt_ratio": 0.5552785650580859,
    "current_ratio": 0.6413438300308634,
    "gross_margin": 0.16637947038913223,
    "net_profit_margin": 0.050006751926958984,
    "revenue_growth": 0.09172259436523844,
    "net_income_growth": 0.05019422143176189,
    "total_equity": 49708468.0
}