{
    "current_assets": 13935072946.0,
    "current_liabilities": 2725781172.0,
    "equity": 3079597730.0,
    "financial_profit": -59587446.0,
    "net_income": 1015614429.0,
    "other_profit": 2742462.0,
    "revenue": 1991305549.0,
    "total_assets": 14017689592.0,
    "total_debt": 2816524554.0,
    "roa": 0.07245234118892309,
    "roe": 0.09067042808087585,
    "debt_ratio": 0.20092644622459122,
    "current_ratio": 5.112322694552679,
    "net_profit_margin": 0.5100244056016539,
    "revenue_growth": 0.3638430427227879,
    "gross_profit": 0.0,
    "gross_margin": 0.0,
    "net_income_growth": 0.815888463249838,
    "total_equity": 11201165038.0
}