{
    "cost_of_goods_sold": 4235073827.0,
    "current_assets": 10976200581.0,
    "current_liabilities": 8579387706.0,
    "equity": 9113222015.0,
    "financial_profit": -240957622.0,
    "gross_profit": 1296354548.0,
    "net_income": 855720656.0,
    "other_profit": -15495332.0,
    "profit_before_tax": 991714523.0,
    "revenue": 5532197540.0,
    "total_assets": 22258539467.0,
    "total_debt": 13145317452.0,
    "roa": 0.03844460043160836,
    "roe": 0.09389880490034347,
    "debt_ratio": 0.5905741242137179,
    "current_ratio": 1.2793687565050578,
    "gross_margin": 0.23432904169217356,
    "net_profit_margin": 0.15468006155109204,
    "revenue_growth": -0.00972422584381405,
    "net_income_growth": 0.6610474253600238,
    "total_equity": 9113222015.0
}