{
    "cost_of_goods_sold": 11962804.0,
    "current_assets": 167199311.0,
    "current_liabilities": 133619783.0,
    "equity": 118459195.0,
    "financial_profit": -24288049.0,
    "gross_profit": -9503466.0,
    "net_income": -44818683.0,
    "other_profit": 3713.0,
    "profit_before_tax": -44818683.0,
    "revenue": 2459338.0,
    "total_assets": 252078978.0,
    "total_debt": 133619783.0,
    "roa": -0.17779619449266412,
    "roe": -0.37834701645575086,
    "debt_ratio": 0.5300711073178026,
    "current_ratio": 1.2513065598976463,
    "gross_margin": -3.864237449264802,
    "net_profit_margin": -18.22388097935298,
    "revenue_growth": -0.38318892892273293,
    "net_income_growth": 5.065686329839303,
    "total_equity": 118459195.0
}