{
    "cost_of_goods_sold": 445099632.0,
    "current_assets": 232817457.0,
    "current_liabilities": 198432817.0,
    "equity": 179121542.0,
    "financial_profit": -6326200.0,
    "gross_profit": 119428819.0,
    "net_income": 21327897.0,
    "other_profit": -2540516.0,
    "profit_before_tax": 27753035.0,
    "revenue": 580399077.0,
    "total_assets": 402187934.0,
    "total_debt": 223066392.0,
    "roa": 0.05302967890627967,
    "roe": 0.1190694137726885,
    "debt_ratio": 0.5546322331987215,
    "current_ratio": 1.1732810153070599,
    "gross_margin": 0.20577017389019728,
    "net_profit_margin": 0.03674695195974614,
    "revenue_growth": 0.29558366412567794,
    "net_income_growth": 0.1822844397855492,
    "total_equity": 179121542.0
}