{
    "cost_of_goods_sold": 10964116.0,
    "current_assets": 794911461.0,
    "current_liabilities": 632195705.0,
    "equity": 451772565.0,
    "financial_profit": 5980432.0,
    "gross_profit": 5177403.0,
    "net_income": 66197.0,
    "other_profit": -1322255.0,
    "profit_before_tax": 218022.0,
    "revenue": 16141519.0,
    "total_assets": 1083968270.0,
    "total_debt": 632195705.0,
    "roa": 6.106913074125316e-05,
    "roe": 0.00014652726864899376,
    "debt_ratio": 0.5832234415865328,
    "current_ratio": 1.2573819383983318,
    "gross_margin": 0.3207506678894347,
    "net_profit_margin": 0.004101039065778134,
    "revenue_growth": -0.600773343527907,
    "net_income_growth": 0.14395078369364223,
    "total_equity": 451772565.0
}