{
    "cost_of_goods_sold": 399949148.0,
    "current_assets": 174592785.0,
    "current_liabilities": 75924527.0,
    "equity": 138607277.0,
    "financial_profit": 1021447.0,
    "gross_profit": 90368005.0,
    "net_income": 14862273.0,
    "other_profit": 919750.0,
    "profit_before_tax": 17001488.0,
    "revenue": 490736704.0,
    "total_assets": 214531804.0,
    "total_debt": 75924527.0,
    "roa": 0.06927771417985186,
    "roe": 0.10722577718628727,
    "debt_ratio": 0.3539080247514257,
    "current_ratio": 2.2995570983273956,
    "gross_margin": 0.18414763815995308,
    "net_profit_margin": 0.030285635614490332,
    "revenue_growth": -0.026720237224662324,
    "net_income_growth": -0.039801009489010664,
    "total_equity": 138607277.0
}