{
    "cost_of_goods_sold": 147573804.0,
    "current_assets": 0.0,
    "current_liabilities": 0.0,
    "equity": 0.0,
    "financial_profit": -4174942.0,
    "gross_profit": 18954498.0,
    "net_income": 7909490.0,
    "other_profit": -86992.0,
    "profit_before_tax": 9928671.0,
    "revenue": 166528302.0,
    "total_assets": 0.0,
    "total_debt": 0.0,
    "roa": 7909490.0,
    "roe": 7909490.0,
    "debt_ratio": 0.0,
    "current_ratio": 0.0,
    "gross_margin": 0.1138214812278576,
    "net_profit_margin": 0.04749637091717899,
    "revenue_growth": -0.05024361188925297,
    "net_income_growth": 2.4524995351265373,
    "total_equity": 0.0
}