{
    "cost_of_goods_sold": 29976674.0,
    "current_assets": 15607400.0,
    "current_liabilities": 2905537.0,
    "equity": 22234863.0,
    "financial_profit": 48587.0,
    "gross_profit": 7095867.0,
    "net_income": 2160164.0,
    "other_profit": -595591.0,
    "profit_before_tax": 2160164.0,
    "revenue": 37072540.0,
    "total_assets": 25140401.0,
    "total_debt": 2905537.0,
    "roa": 0.08592400733783045,
    "roe": 0.09715211210646488,
    "debt_ratio": 0.11557242066266167,
    "current_ratio": 5.371606006049828,
    "gross_margin": 0.1914049320602257,
    "net_profit_margin": 0.05826857291137861,
    "revenue_growth": 0.15595603502253796,
    "net_income_growth": 0.19330650070653843,
    "total_equity": 22234864.0
}