{
    "current_assets": 11575344841.0,
    "current_liabilities": 11275423630.0,
    "equity": 2055416043.0,
    "financial_profit": -607866815.0,
    "net_income": 251281461.0,
    "other_profit": -469403.0,
    "revenue": 1332482343.0,
    "total_assets": 13529106412.0,
    "total_debt": 11473690369.0,
    "roa": 0.01857339674534005,
    "roe": 0.12225333253370933,
    "debt_ratio": 0.8480745157583435,
    "current_ratio": 1.0265995514529507,
    "net_profit_margin": 0.1885814564973939,
    "revenue_growth": 0.3036325505306656,
    "gross_profit": 0.0,
    "gross_margin": 0.0,
    "net_income_growth": 4.756541957588589,
    "total_equity": 2055416043.0
}