{
    "current_assets": 17174448617.0,
    "current_liabilities": 9465772066.0,
    "equity": 7371229508.0,
    "financial_profit": -716465014.0,
    "net_income": 491904659.0,
    "other_profit": 128411.0,
    "revenue": 2472460543.0,
    "total_assets": 17255134657.0,
    "total_debt": 9883905148.0,
    "roa": 0.028507726469723372,
    "roe": 0.06673305428889476,
    "debt_ratio": 0.5728095053718015,
    "current_ratio": 1.8143737771468962,
    "net_profit_margin": 0.19895349205578808,
    "revenue_growth": -0.21664436272097376,
    "gross_profit": 0.0,
    "gross_margin": 0.0,
    "net_income_growth": -0.43392749707561706,
    "total_equity": 7371229509.0
}