{
    "cost_of_goods_sold": 450520699.0,
    "current_assets": 389040320.0,
    "current_liabilities": 283975694.0,
    "equity": 1206583564.0,
    "financial_profit": -148198759.0,
    "gross_profit": 143879269.0,
    "net_income": -92582853.0,
    "other_profit": -7302776.0,
    "profit_before_tax": -92582853.0,
    "revenue": 594399968.0,
    "total_assets": 3867703842.0,
    "total_debt": 2661120278.0,
    "roa": -0.023937420439131957,
    "roe": -0.07673140573295593,
    "debt_ratio": 0.6880362061599649,
    "current_ratio": 1.3699775305417512,
    "gross_margin": 0.2420580026007,
    "net_profit_margin": -0.15575850939480534,
    "revenue_growth": 0.036438176093296804,
    "net_income_growth": -3.719438229194464,
    "total_equity": 1206583564.0
}