{
    "current_assets": 2849554202.0,
    "current_liabilities": 2123516168.0,
    "equity": 390886062.0,
    "financial_profit": -28801889.0,
    "net_income": 125172470.0,
    "other_profit": 0.0,
    "revenue": 278942731.0,
    "total_assets": 3721427277.0,
    "total_debt": 2130684566.0,
    "roa": 0.03363560824461598,
    "roe": 0.07868806761422276,
    "debt_ratio": 0.5725449961547106,
    "current_ratio": 1.3419036996001812,
    "net_profit_margin": 0.4487389563845634,
    "revenue_growth": 0.39460832023357284,
    "gross_profit": 0.0,
    "gross_margin": 0.0,
    "net_income_growth": 0.4613465983051235,
    "total_equity": 1590742711.0
}