{
    "cost_of_goods_sold": 298215077.0,
    "current_assets": 133335794.0,
    "current_liabilities": 36769710.0,
    "equity": 118963113.0,
    "financial_profit": 757359.0,
    "gross_profit": 59438832.0,
    "net_income": 18234066.0,
    "other_profit": -231199.0,
    "profit_before_tax": 22924941.0,
    "revenue": 357653909.0,
    "total_assets": 155732823.0,
    "total_debt": 36769710.0,
    "roa": 0.11708556776113922,
    "roe": 0.15327495675066943,
    "debt_ratio": 0.2361076444366516,
    "current_ratio": 3.626240022018123,
    "gross_margin": 0.1661909195014558,
    "net_profit_margin": 0.05098243173402587,
    "revenue_growth": 0.06599450206192947,
    "net_income_growth": 0.04551602026461188,
    "total_equity": 118963113.0
}