{
    "current_assets": 254131098.0,
    "current_liabilities": 11789935.0,
    "equity": 336013345.0,
    "financial_profit": 7434336.0,
    "net_income": 31063099.0,
    "other_profit": 7082.0,
    "revenue": 41389080.0,
    "total_assets": 403846811.0,
    "total_debt": 11789935.0,
    "roa": 0.07691802474082184,
    "roe": 0.07923110370343307,
    "debt_ratio": 0.029194077256190096,
    "current_ratio": 21.554919344339048,
    "net_profit_margin": 0.7505143627256271,
    "revenue_growth": -0.4252540831960082,
    "gross_profit": 0.0,
    "gross_margin": 0.0,
    "net_income_growth": 10.730688967605985,
    "total_equity": 392056876.0
}