{
    "cost_of_goods_sold": 422043696.0,
    "current_assets": 1019895257.0,
    "current_liabilities": 65099003.0,
    "equity": 1282003432.0,
    "financial_profit": 31859939.0,
    "gross_profit": 147767010.0,
    "net_income": 92905968.0,
    "other_profit": 11215496.0,
    "profit_before_tax": 118110537.0,
    "revenue": 569810705.0,
    "total_assets": 1391228301.0,
    "total_debt": 109224869.0,
    "roa": 0.06677981459493039,
    "roe": 0.07246935981681522,
    "debt_ratio": 0.07850966582658672,
    "current_ratio": 15.666833745518346,
    "gross_margin": 0.25932648983841045,
    "net_profit_margin": 0.16304707367686255,
    "revenue_growth": 0.03674785440392636,
    "net_income_growth": 0.06864536862515203,
    "total_equity": 1282003432.0
}