{
    "current_assets": 589511676.0,
    "current_liabilities": 38372189.0,
    "equity": 43911016.0,
    "financial_profit": 109230339.0,
    "net_income": 110170335.0,
    "other_profit": 0.0,
    "profit_before_tax": 108654109.0,
    "total_assets": 822283205.0,
    "total_debt": 778372189.0,
    "roa": 0.13398101083677125,
    "roe": 2.5089452496384963,
    "debt_ratio": 0.9465986709530325,
    "current_ratio": 15.362993130259001,
    "revenue": 0.0,
    "gross_profit": 0.0,
    "gross_margin": 0.0,
    "net_profit_margin": 110170335.0,
    "revenue_growth": 0.0,
    "net_income_growth": -1.534239974493889,
    "total_equity": 43911016.0
}