{
    "current_assets": 5646385571.0,
    "current_liabilities": 1131590903.0,
    "equity": 3683367290.0,
    "net_income": 423439460.0,
    "profit_before_tax": 499863282.0,
    "revenue": 1630052986.0,
    "total_assets": 8002256149.0,
    "total_debt": 4251253870.0,
    "roa": 0.052915009481784084,
    "roe": 0.11288701752345696,
    "debt_ratio": 0.5312569094068873,
    "current_ratio": 4.989776390063468,
    "net_profit_margin": 0.2597703655260198,
    "revenue_growth": 0.07643398732871032,
    "gross_profit": 0.0,
    "gross_margin": 0.0,
    "net_income_growth": 0.11907165984406665,
    "total_equity": 3751002279.0
}