{
    "cost_of_goods_sold": 23782267.0,
    "current_assets": 137705861.0,
    "current_liabilities": 22126606.0,
    "equity": 168285299.0,
    "financial_profit": -4997823.0,
    "gross_profit": 2498659.0,
    "net_income": 6104792.0,
    "other_profit": 25089780.0,
    "profit_before_tax": 6427080.0,
    "revenue": 26280926.0,
    "total_assets": 204678447.0,
    "total_debt": 36393147.0,
    "roa": 0.029826257182809287,
    "roe": 0.03627644244625051,
    "debt_ratio": 0.1778064448573816,
    "current_ratio": 6.2235419657221716,
    "gross_margin": 0.09507499849891134,
    "net_profit_margin": 0.23228983636269132,
    "revenue_growth": -0.2752030835326592,
    "net_income_growth": -1.7849163383105968,
    "total_equity": 168285300.0
}