{
    "cost_of_goods_sold": 3342682801.0,
    "current_assets": 2180353194.0,
    "current_liabilities": 1566362955.0,
    "equity": 816638122.0,
    "financial_profit": -80847581.0,
    "gross_profit": 200301796.0,
    "net_income": 58777588.0,
    "other_profit": -63578.0,
    "profit_before_tax": 76403365.0,
    "revenue": 3545799658.0,
    "total_assets": 2410520127.0,
    "total_debt": 1593882005.0,
    "roa": 0.02438377814880614,
    "roe": 0.07197507245443044,
    "debt_ratio": 0.6612191232701539,
    "current_ratio": 1.391984652752465,
    "gross_margin": 0.056489879665953764,
    "net_profit_margin": 0.01657668048655444,
    "revenue_growth": 0.3347106671939175,
    "net_income_growth": 1.5787503393029745,
    "total_equity": 816638122.0
}