{
    "current_assets": 453727096.0,
    "current_liabilities": 4664782.0,
    "equity": -19550158.0,
    "financial_profit": 1133223.0,
    "net_income": -31433725.0,
    "other_profit": 85490.0,
    "revenue": 20524908.0,
    "total_assets": 468618134.0,
    "total_debt": 4664782.0,
    "roa": -0.06707748317737956,
    "roe": -0.0677519083858241,
    "debt_ratio": 0.009954335228521054,
    "current_ratio": 97.26651663464659,
    "net_profit_margin": -1.5314916393291507,
    "revenue_growth": -0.5171751280350266,
    "gross_profit": 0.0,
    "gross_margin": 0.0,
    "net_income_growth": -20.085802465013003,
    "total_equity": 463953352.0
}