{
    "years": [
        "2022",
        "2023",
        "2024"
    ],
    "revenue": [
        719280459.0,
        719516621.0,
        727056757.0
    ],
    "net_income": [
        36666733.0,
        39629186.0,
        39269120.0
    ],
    "roa": [
        0.066977042958625,
        0.07840621825087614,
        0.07918437196409625
    ],
    "roe": [
        0.17022645441149895,
        0.17849044204135736,
        0.17757359075421647
    ],
    "debt_ratio": [
        0.6065415144186858,
        0.5607259562239812,
        0.5540757404985007
    ],
    "current_ratio": [
        1.2517980333460383,
        1.3496080577140452,
        1.353046353273022
    ]
}