{
    "years": [
        "2021",
        "2022",
        "2023",
        "2024"
    ],
    "revenue": [
        134110305.0,
        212007838.0,
        139259202.0,
        153483344.0
    ],
    "net_income": [
        225510.0,
        16899756.0,
        703151.0,
        -6295684.0
    ],
    "roa": [
        0.0011214520595680165,
        0.07731627509769419,
        0.0033033911485235057,
        -0.031112346069241816
    ],
    "roe": [
        0.0011604696817196667,
        0.08065312988534157,
        0.0034700239191223976,
        -0.03206519789042579
    ],
    "debt_ratio": [
        0.03362226757516931,
        0.041372911285540166,
        0.04802064034216647,
        0.029716074868463064
    ],
    "current_ratio": [
        29.40705076697233,
        22.7909980456663,
        18.99299544482008,
        33.578501358894584
    ]
}