{
    "years": [
        "2020",
        "2021",
        "2022",
        "2023"
    ],
    "revenue": [
        503504980.0,
        958499340.0,
        1226588290.0,
        656522207.0
    ],
    "net_income": [
        3368490.0,
        377696840.0,
        318907700.0,
        86939040.0
    ],
    "roa": [
        0.005170978366134233,
        0.2295259136316842,
        0.1382385390100605,
        0.024374779524824985
    ],
    "roe": [
        0.009719140950611844,
        0.311045938147063,
        0.20800304787222945,
        0.03592425719362992
    ],
    "debt_ratio": [
        0.4679593194078838,
        0.26208355267714833,
        0.33540137789242097,
        0.32149523945766895
    ],
    "current_ratio": [
        2.117869790945527,
        3.897234259125033,
        2.982693330595384,
        3.528406918997835
    ]
}