{
    "years": [
        "2020",
        "2021",
        "2022",
        "2023"
    ],
    "revenue": [
        287098932.0,
        473174997.0,
        961625809.0,
        599354540.0
    ],
    "net_income": [
        14038468.0,
        28813656.0,
        89028136.0,
        -2739765.0
    ],
    "roa": [
        0.024209939039981268,
        0.029503675723802875,
        0.08451135175915177,
        -0.0027090415886732366
    ],
    "roe": [
        0.03303685520991288,
        0.04308669030444614,
        0.12170925339092217,
        -0.003873291867139319
    ],
    "debt_ratio": [
        0.26718391063090813,
        0.31524850213992006,
        0.3056291990576359,
        0.3005841848231174
    ],
    "current_ratio": [
        1.8721192010248606,
        2.966450147868141,
        2.0858595474266464,
        2.050892878769603
    ]
}