{
    "years": [
        "2021",
        "2022",
        "2023",
        "2024"
    ],
    "revenue": [
        500844443.0,
        496455980.0,
        73112404.0,
        38485998.0
    ],
    "net_income": [
        30173648.0,
        3516456.0,
        -17328079.0,
        -15755564.0
    ],
    "roa": [
        0.030417615251124634,
        0.003257168203390498,
        -0.01887381654763362,
        -0.01686986065658773
    ],
    "roe": [
        0.03740005646688569,
        0.0043462614680630585,
        -0.022218375083779485,
        -0.02056277897678944
    ],
    "debt_ratio": [
        0.18669600731601477,
        0.2505816257662755,
        0.15053119427205805,
        0.17959237534820333
    ],
    "current_ratio": [
        4.9602006723462075,
        3.4168230321050985,
        7.654304970116153,
        4.969607590671495
    ]
}