{
    "years": [
        "2020",
        "2021",
        "2022",
        "2023"
    ],
    "revenue": [
        3373090726.0,
        1525844516.0,
        1387889621.0,
        1078709787.0
    ],
    "net_income": [
        -177504912.0,
        -589953004.0,
        777529745.0,
        26324248.0
    ],
    "roa": [
        -0.2015089908445283,
        -0.6383603659149766,
        1.0340387094678267,
        0.04104808924535224
    ],
    "roe": [
        -0.4891220799220998,
        2.5978439920171144,
        1.4117630885182066,
        0.052838598922557975
    ],
    "debt_ratio": [
        0.5880190260954449,
        1.245726982789031,
        0.26755507501392545,
        0.22314198176386738
    ],
    "current_ratio": [
        1.464486892556432,
        0.5853361002796477,
        2.9568609080278807,
        3.845627170072405
    ]
}