{
    "years": [
        "2021",
        "2022",
        "2023",
        "2024"
    ],
    "revenue": [
        1798652770.0,
        1926360020.0,
        2018415582.0,
        2153284690.0
    ],
    "net_income": [
        272522170.0,
        221798440.0,
        246312161.0,
        204717147.0
    ],
    "roa": [
        0.08220305658947948,
        0.0620242738988381,
        0.06223863107537408,
        0.047166210318275156
    ],
    "roe": [
        0.20594935738674505,
        0.15073640348077677,
        0.1607590186233796,
        0.1328627313331996
    ],
    "debt_ratio": [
        0.6008579117092692,
        0.5885249185559348,
        0.6128451665832542,
        0.6450004463630252
    ],
    "current_ratio": [
        11.039172811752113,
        10.983248113408981,
        1.5590374784226138,
        1.493227024611113
    ]
}