{
    "years": [
        "2020",
        "2021",
        "2022",
        "2023"
    ],
    "revenue": [
        1103996073.0,
        1198699189.0,
        1605396431.0,
        1025222516.0
    ],
    "net_income": [
        47909667.0,
        65351946.0,
        22539691.0,
        8287010.0
    ],
    "roa": [
        0.040945081645940545,
        0.04102569087987215,
        0.013502714310727512,
        0.0052475822928826155
    ],
    "roe": [
        0.11006473431929843,
        0.07054366920169676,
        0.0248871402129355,
        0.009067115354595241
    ],
    "debt_ratio": [
        0.6279909100842543,
        0.4184355400826617,
        0.45744210884827763,
        0.4212511821388568
    ],
    "current_ratio": [
        1.176943171132279,
        1.9246419563311172,
        1.7770669775295775,
        1.6884682833862221
    ]
}