{
    "years": [
        "2020",
        "2021",
        "2022",
        "2023"
    ],
    "revenue": [
        294695479.0,
        251196194.0,
        313255998.0,
        295481188.0
    ],
    "net_income": [
        19070726.0,
        19224556.0,
        17253938.0,
        14870388.0
    ],
    "roa": [
        0.09511096625846231,
        0.10566833832433781,
        0.0985608054234709,
        0.08879534457498844
    ],
    "roe": [
        0.26314171743507886,
        0.2634610425993797,
        0.2413317813669991,
        0.20845169819359097
    ],
    "debt_ratio": [
        0.6385561089076358,
        0.5989223405411871,
        0.5915962461919299,
        0.5740243646634944
    ],
    "current_ratio": [
        1.7119623393907275,
        1.4602193217911927,
        1.4822732606312692,
        1.5801937634194467
    ]
}