{
    "years": [
        "2021",
        "2022",
        "2023",
        "2024"
    ],
    "revenue": [
        1224022686.0,
        1174022468.0,
        1117774371.0,
        1758180596.0
    ],
    "net_income": [
        42088176.0,
        117947830.0,
        9852743.0,
        10765243.0
    ],
    "roa": [
        0.028863511892568576,
        0.07962077311232724,
        0.005632777655756805,
        0.006469556900800918
    ],
    "roe": [
        0.0595767834350838,
        0.1430710368226743,
        0.012329153308067066,
        0.013291947206234299
    ],
    "debt_ratio": [
        0.5155241651470005,
        0.4434878303774988,
        0.5431334565309337,
        0.5132724498208575
    ],
    "current_ratio": [
        1.5409354185029225,
        1.8391019364020889,
        1.5600481702277187,
        1.6433896812130788
    ]
}