{
    "years": [
        "2021",
        "2022",
        "2023",
        "2024"
    ],
    "revenue": [
        418594056.0,
        277915586.0,
        272322041.0,
        242788354.0
    ],
    "net_income": [
        2469150.0,
        7894.0,
        19633.0,
        934.0
    ],
    "roa": [
        0.005219982722589717,
        2.185519594354274e-05,
        5.121288482271504e-05,
        2.495311032719042e-06
    ],
    "roe": [
        0.03400679218583785,
        0.00010901492380334647,
        0.0002710552143737765,
        1.2895083296646545e-05
    ],
    "debt_ratio": [
        0.8465017607640282,
        0.7995210638960989,
        0.8110610602307244,
        0.806491282350385
    ],
    "current_ratio": [
        1.0696836939733607,
        1.1380653239643947,
        1.1582179033582904,
        1.1926589271667503
    ]
}