{
    "years": [
        "2021",
        "2022",
        "2023",
        "2024"
    ],
    "revenue": [
        4774331115.0,
        13899939268.0,
        20102500942.0,
        22700675019.0
    ],
    "net_income": [
        789599471.0,
        7090008317.0,
        8469709530.0,
        11676570658.0
    ],
    "roa": [
        0.014361711217433216,
        0.11796714655430456,
        0.12576111074572577,
        0.15109052275433735
    ],
    "roe": [
        0.02097059816013643,
        0.16195940149992188,
        0.1680043116513601,
        0.19447763269546292
    ],
    "debt_ratio": [
        0.3151501398403705,
        0.27162520074908125,
        0.2514411713033696,
        0.2230956297635855
    ],
    "current_ratio": [
        10.18652916371198,
        7.444972522819772,
        6.349299052914458,
        5.330762586989373
    ]
}