{
    "years": [
        "2020",
        "2021",
        "2022",
        "2023"
    ],
    "revenue": [
        380804402.0,
        299308199.0,
        390415031.0,
        431661958.0
    ],
    "net_income": [
        12368860.0,
        10390277.0,
        13152194.0,
        14231810.0
    ],
    "roa": [
        0.09005668378471703,
        0.0722467045568627,
        0.0812086830214376,
        0.08771641009561808
    ],
    "roe": [
        0.19457921253818516,
        0.15532513235508616,
        0.1816632620270887,
        0.18238142210762487
    ],
    "debt_ratio": [
        0.5371721233220437,
        0.5348679028214138,
        0.5529713486630656,
        0.519049642875052
    ],
    "current_ratio": [
        1.3632941628318656,
        1.4655345719892627,
        1.4279724660424569,
        1.5817580729381457
    ]
}