{
    "years": [
        "2021",
        "2022",
        "2023",
        "2024"
    ],
    "revenue": [
        416354104.0,
        589119603.0,
        519137972.0,
        821151104.0
    ],
    "net_income": [
        49583636.0,
        40046141.0,
        58934029.0,
        85313983.0
    ],
    "roa": [
        0.14983108856306163,
        0.11170365093949829,
        0.1545491931486599,
        0.24005795236598046
    ],
    "roe": [
        0.17831635100729482,
        0.14597480113308942,
        0.20520904451994346,
        0.31323420891125103
    ],
    "debt_ratio": [
        0.15974565587127723,
        0.23477442632269888,
        0.24686948613690435,
        0.23361514950623952
    ],
    "current_ratio": [
        5.120803392572271,
        3.659142743271195,
        3.597566298079557,
        3.8330083099424854
    ]
}