{
    "years": [
        "2020",
        "2021",
        "2022",
        "2023"
    ],
    "revenue": [
        1339290824.0,
        1513151486.0,
        1692604265.0,
        1641849465.0
    ],
    "net_income": [
        24442417.0,
        100486275.0,
        74943593.0,
        74990044.0
    ],
    "roa": [
        0.013299164838503874,
        0.05061850917851511,
        0.03435109010153589,
        0.029950585473034315
    ],
    "roe": [
        0.05790070794477209,
        0.1720943230431368,
        0.11405290927733018,
        0.08166619038429318
    ],
    "debt_ratio": [
        0.7703108422924789,
        0.7058676411665992,
        0.6988144334134604,
        0.6332559982032088
    ],
    "current_ratio": [
        1.1527005128840155,
        1.2358469412213031,
        1.2238306211982128,
        1.320758555622749
    ]
}