{
    "years": [
        "2021",
        "2022",
        "2023",
        "2024"
    ],
    "revenue": [
        775792097.0,
        1623675966.0,
        2149019912.0,
        2067598648.0
    ],
    "net_income": [
        21037984.0,
        28626004.0,
        26515832.0,
        28011506.0
    ],
    "roa": [
        0.03274538257418509,
        0.02616199234520098,
        0.022957564768766807,
        0.014045632229856206
    ],
    "roe": [
        0.05279259144172873,
        0.0673193964721236,
        0.05895771369271559,
        0.0588569835258936
    ],
    "debt_ratio": [
        0.3797352681516173,
        0.6113751204523284,
        0.6106096500210237,
        0.761359971435217
    ],
    "current_ratio": [
        1.8666910910473493,
        1.5003591727517394,
        1.3908814760689272,
        1.106247097362536
    ]
}