{
    "years": [
        "2022",
        "2023",
        "2024"
    ],
    "revenue": [
        262715114.0,
        269017127.0,
        337512372.0
    ],
    "net_income": [
        12786317.0,
        10796262.0,
        8630836.0
    ],
    "roa": [
        0.09757141490008293,
        0.07491399497827513,
        0.05695434548994839
    ],
    "roe": [
        0.31594930416893247,
        0.21215859330711298,
        0.15159713452610513
    ],
    "debt_ratio": [
        0.6911801557634917,
        0.6468962495908315,
        0.624304603988799
    ],
    "current_ratio": [
        1.2473814038976196,
        1.38006592588132,
        1.437185958224585
    ]
}