{
    "years": [
        "2021",
        "2022",
        "2023",
        "2024"
    ],
    "revenue": [
        1818858294.0,
        6188634735.0,
        3891046850.0,
        1913398479.0
    ],
    "net_income": [
        421167356.0,
        96554361.0,
        460384056.0,
        261003902.0
    ],
    "roa": [
        0.03351954830183739,
        0.00869974453631855,
        0.049538828766992456,
        0.03709821573387717
    ],
    "roe": [
        0.15741105863824864,
        0.035424749880312315,
        0.17726706345271193,
        0.08319940456281301
    ],
    "debt_ratio": [
        0.7870572208089285,
        0.7544162043285583,
        0.7205412680612971,
        0.5541047928309493
    ],
    "current_ratio": [
        1.8290538549310802,
        1.4463996621562383,
        1.5710255961068984,
        1.812319109041913
    ]
}