{
    "years": [
        "2021",
        "2022",
        "2023",
        "2024"
    ],
    "revenue": [
        3931417746.0,
        3432577475.0,
        788771844.0,
        240921330.0
    ],
    "net_income": [
        44712467.0,
        -232982759.0,
        -220865607.0,
        -259794620.0
    ],
    "roa": [
        0.024085369841804708,
        -0.14738289175423938,
        -0.17853788531948153,
        -0.2719672701570194
    ],
    "roe": [
        0.0926378800693135,
        -0.7978497932166174,
        -10.11911243626406,
        0.7983508544654492
    ],
    "debt_ratio": [
        0.7400051704142673,
        0.8152748888233092,
        0.9823563690546958,
        1.3406613378514138
    ],
    "current_ratio": [
        1.2641044799985706,
        0.7619647085743649,
        0.29173545740873036,
        0.15351811822701847
    ]
}