{
    "years": [
        "2021",
        "2022",
        "2023"
    ],
    "revenue": [
        533993916.0,
        700794581.0,
        728406445.0
    ],
    "net_income": [
        33226414.0,
        42910273.0,
        43612787.0
    ],
    "roa": [
        0.04952737881004432,
        0.053474757010866784,
        0.04857937661514017
    ],
    "roe": [
        0.1430757110403053,
        0.13658404626876564,
        0.12296225812756992
    ],
    "debt_ratio": [
        0.653837968374016,
        0.6084846036436722,
        0.604924491832767
    ],
    "current_ratio": [
        1.1990662982312983,
        1.1575627035160116,
        1.1025919865089073
    ]
}