{
    "years": [
        "2020",
        "2021",
        "2022",
        "2023"
    ],
    "revenue": [
        224796380.0,
        394171750.0,
        367374470.0,
        361377046.0
    ],
    "net_income": [
        96793290.0,
        390130200.0,
        146342780.0,
        146309079.0
    ],
    "roa": [
        0.04233398375611164,
        0.1424212700875793,
        0.05216855639103314,
        0.047772861774998336
    ],
    "roe": [
        0.0461661507408614,
        0.158792744315382,
        0.05860224558305778,
        0.058647045886352035
    ],
    "debt_ratio": [
        0.08300815474654545,
        0.10309963656328616,
        0.10978571090601098,
        0.18541742294106361
    ],
    "current_ratio": [
        10.127118607053765,
        9.78359338143873,
        8.847392235097773,
        5.06859470160168
    ]
}