{
    "years": [
        "2020",
        "2022",
        "2023",
        "2024"
    ],
    "revenue": [
        614035012.0,
        979597104.0,
        917601065.0,
        1568381805.0
    ],
    "net_income": [
        61347844.0,
        136727643.0,
        139298380.0,
        344627956.0
    ],
    "roa": [
        0.1069599406857256,
        0.18421575302716614,
        0.16845622182683553,
        0.28687771176609106
    ],
    "roe": [
        0.14046746573184904,
        0.2211919452375924,
        0.18880336405153256,
        0.3243045948815209
    ],
    "debt_ratio": [
        0.2385429599056693,
        0.1671678965104649,
        0.10776896019259175,
        0.115406576737228
    ],
    "current_ratio": [
        2.61139303149652,
        4.364521114283098,
        7.583574578328665,
        7.641886511608737
    ]
}