{
    "years": [
        "2020",
        "2021",
        "2022",
        "2023"
    ],
    "revenue": [
        1200488270.0,
        1488192860.0,
        2333623740.0,
        1988359722.0
    ],
    "net_income": [
        10486710.0,
        17246740.0,
        20758250.0,
        24623413.0
    ],
    "roa": [
        0.0035898028882181796,
        0.004952312377817897,
        0.005551806804242748,
        0.006144237188652147
    ],
    "roe": [
        0.010130739323487866,
        0.016388796033165485,
        0.019345313384943885,
        0.022447524811036408
    ],
    "debt_ratio": [
        0.6456524273706944,
        0.6978232953905791,
        0.713015411341766,
        0.7262844237672338
    ],
    "current_ratio": [
        5.974102784104428,
        4.303325361316217,
        4.586369110023709,
        1.2991259206400927
    ]
}