{
    "years": [
        "2023",
        "2024"
    ],
    "revenue": [
        12925350383.0,
        11975780569.0
    ],
    "net_income": [
        795205648.0,
        786957505.0
    ],
    "roa": [
        0.1000638173350928,
        0.08277680667083301
    ],
    "roe": [
        0.16743744038626202,
        0.14383480633584161
    ],
    "debt_ratio": [
        0.4023808707045734,
        0.4245008647103369
    ],
    "current_ratio": [
        1.8137992689427518,
        1.7710539560105207
    ]
}