{
    "years": [
        "2021",
        "2022",
        "2023",
        "2024"
    ],
    "revenue": [
        157803609.0,
        165171459.0,
        146862618.0,
        159789927.0
    ],
    "net_income": [
        7079046.0,
        6319472.0,
        6436466.0,
        6186953.0
    ],
    "roa": [
        0.08279174717485085,
        0.08439980912296598,
        0.08213768863310475,
        0.06061129052224229
    ],
    "roe": [
        0.14056908126202294,
        0.12646158633500412,
        0.12572939893919496,
        0.11699696040079488
    ],
    "debt_ratio": [
        0.41102448396510644,
        0.3326051683442753,
        0.34671055993174643,
        0.4819413229659384
    ],
    "current_ratio": [
        1.331372905624573,
        1.678061655695149,
        1.7071657853877131,
        1.5083209605928052
    ]
}