{
    "years": [
        "2021",
        "2022",
        "2023",
        "2024"
    ],
    "revenue": [
        1784702868.0,
        2213252012.0,
        2215317341.0,
        3371164038.0
    ],
    "net_income": [
        20908369.0,
        20845680.0,
        21197555.0,
        22705684.0
    ],
    "roa": [
        0.007201663092439437,
        0.00971711187592928,
        0.008424961013467378,
        0.007152118104181218
    ],
    "roe": [
        0.06059543838588472,
        0.027224349284313033,
        0.026938143397093446,
        0.026071235992347175
    ],
    "debt_ratio": [
        0.8811517288384366,
        0.6430727590786389,
        0.6872478964390542,
        0.7256701559419502
    ],
    "current_ratio": [
        1.2511256984460166,
        1.4970827822038688,
        1.410914971473379,
        1.3306952769673537
    ]
}