{
    "years": [
        "2021",
        "2022",
        "2023",
        "2024"
    ],
    "revenue": [
        1374565554.0,
        1171867320.0,
        1026479942.0,
        1073525239.0
    ],
    "net_income": [
        5260421.0,
        3976468.0,
        3619862.0,
        3652686.0
    ],
    "roa": [
        0.004447810827686687,
        0.0038393711550504155,
        0.0035145313205951958,
        0.0030555767506373053
    ],
    "roe": [
        0.026870220184444293,
        0.02067308272679932,
        0.021322752101293013,
        0.018189949787887103
    ],
    "debt_ratio": [
        0.8344706222295263,
        0.814281633475336,
        0.8351745917272061,
        0.8320184065229224
    ],
    "current_ratio": [
        1.1089275908021823,
        1.125012804572504,
        1.0892902760463412,
        1.104531933317146
    ]
}