{
    "years": [
        "2021",
        "2022",
        "2023",
        "2024"
    ],
    "revenue": [
        2677987829.0,
        2621440532.0,
        3003591091.0,
        3431984881.0
    ],
    "net_income": [
        39727195.0,
        45493032.0,
        52492575.0,
        55040842.0
    ],
    "roa": [
        0.01833912782669699,
        0.016280666004792135,
        0.015519873738701064,
        0.016788547455404843
    ],
    "roe": [
        0.08493753984988778,
        0.08879259876725831,
        0.06669175147889612,
        0.06800685409147186
    ],
    "debt_ratio": [
        0.7840868965700185,
        0.8166438843910094,
        0.7672894564238254,
        0.7531344791684733
    ],
    "current_ratio": [
        1.0195449775263326,
        1.0163620224521714,
        1.04571154073194,
        1.0150345332248483
    ]
}