{
    "years": [
        "2020",
        "2021",
        "2022",
        "2023"
    ],
    "revenue": [
        161982427.0,
        220412895.0,
        284844513.0,
        196573157.0
    ],
    "net_income": [
        86712140.0,
        78311799.0,
        56413003.0,
        13850571.0
    ],
    "roa": [
        0.09420498900155379,
        0.051182889232298516,
        0.02817954674907083,
        0.007020346947411996
    ],
    "roe": [
        0.10584997357368221,
        0.06449494566262175,
        0.03364365037333605,
        0.008195202446162703
    ],
    "debt_ratio": [
        0.11001405271038964,
        0.206404646031639,
        0.16241114039740884,
        0.14335893548313952
    ],
    "current_ratio": [
        5.414844919979682,
        6.399549620057926,
        7.8563520519052945,
        10.20750581606299
    ]
}