{
    "years": [
        "2021",
        "2022",
        "2023",
        "2024"
    ],
    "revenue": [
        499573159.0,
        584576670.0,
        757555679.0,
        1404814767.0
    ],
    "net_income": [
        9625921.0,
        35207324.0,
        10060501.0,
        73693566.0
    ],
    "roa": [
        0.040039124693626534,
        0.08710458701963195,
        0.012789743470125643,
        0.060229010576393086
    ],
    "roe": [
        0.10047683465436683,
        0.2687382667099286,
        0.0440896732809818,
        0.2441184438500074
    ],
    "debt_ratio": [
        0.6015088967386534,
        0.6758757579036888,
        0.7099152132832308,
        0.7532795571423545
    ],
    "current_ratio": [
        1.0207878391387504,
        0.8088197689954505,
        0.9744316880857042,
        1.0323396078742437
    ]
}