{
    "years": [
        "2020",
        "2021",
        "2022",
        "2023"
    ],
    "revenue": [
        3477498386.0,
        3504425922.0,
        4934505844.0,
        4461787495.0
    ],
    "net_income": [
        202170291.0,
        128739198.0,
        673745234.0,
        39191645.0
    ],
    "roa": [
        0.04182187826044676,
        0.026342226434961268,
        0.12322384339223971,
        0.007665592353336347
    ],
    "roe": [
        0.08662061563408738,
        0.055120735701941675,
        0.2337605079422397,
        0.013761755156273103
    ],
    "debt_ratio": [
        0.5171833176859943,
        0.5220995130144219,
        0.4728628694514674,
        0.4429785833064982
    ],
    "current_ratio": [
        1.1901739957888926,
        1.2482445931418193,
        1.3464689946856807,
        1.4029695909525683
    ]
}