{
    "years": [
        "2021",
        "2022",
        "2023",
        "2024"
    ],
    "revenue": [
        128544188.0,
        135739781.0,
        117910322.0,
        131101428.0
    ],
    "net_income": [
        -1595270.0,
        -9007092.0,
        -35609056.0,
        -20859879.0
    ],
    "roa": [
        -0.001595509409377896,
        -0.009248301188261287,
        -0.03998885681694806,
        -0.025620325976741166
    ],
    "roe": [
        -0.0025112195957318817,
        -0.014382582564150736,
        -0.06028884002772981,
        -0.036610342328658944
    ],
    "debt_ratio": [
        0.3646475951009401,
        0.3569790997540933,
        0.3367121212059277,
        0.30018884426859566
    ],
    "current_ratio": [
        5.086339708860909,
        2.774827553159334,
        1.1301234920206784,
        0.6636903640491169
    ]
}