{
    "years": [
        "2021",
        "2022",
        "2023",
        "2024"
    ],
    "revenue": [
        5446767773.0,
        7144333671.0,
        6488755563.0,
        6562094461.0
    ],
    "net_income": [
        182601715.0,
        404564302.0,
        181684745.0,
        156034258.0
    ],
    "roa": [
        0.07274072269592312,
        0.12887551220857388,
        0.05734762622709948,
        0.04574896373317926
    ],
    "roe": [
        0.22401598193029962,
        0.37092496519789236,
        0.16394669393698177,
        0.13588530567634788
    ],
    "debt_ratio": [
        0.6752877983564776,
        0.6525563812082117,
        0.6502056561802771,
        0.6633266304588937
    ],
    "current_ratio": [
        0.9255155788154336,
        1.0775367251927077,
        0.9831600052233863,
        0.915740679236423
    ]
}