{
    "years": [
        "2020",
        "2021",
        "2022",
        "2023"
    ],
    "revenue": [
        8495819966.0,
        14812357112.0,
        17354978265.0,
        14530290338.0
    ],
    "net_income": [
        242164597.0,
        238449223.0,
        57410120.0,
        219282878.0
    ],
    "roa": [
        0.023210227463123595,
        0.019341978980762765,
        0.004572995662930592,
        0.01772344343028291
    ],
    "roe": [
        0.055130757122671355,
        0.04012312835948361,
        0.009176398509584202,
        0.03828645000376248
    ],
    "debt_ratio": [
        0.578996758352537,
        0.5179344240691282,
        0.5016568146910391,
        0.5370831344107069
    ],
    "current_ratio": [
        1.1647171318335228,
        1.5967255454199947,
        1.6852198867811388,
        1.38601860187934
    ]
}