{
    "years": [
        "2021",
        "2022",
        "2023"
    ],
    "revenue": [
        423059858.0,
        530163298.0,
        446430469.0
    ],
    "net_income": [
        2264115.0,
        2053039.0,
        2600666.0
    ],
    "roa": [
        0.014564521286346518,
        0.011782470976431323,
        0.01592529627350605
    ],
    "roe": [
        0.13579532222071414,
        0.12302242069489029,
        0.1508860545046519
    ],
    "debt_ratio": [
        0.8927465169774099,
        0.9042250111005928,
        0.8944548167437497
    ],
    "current_ratio": [
        1.101194489446959,
        1.085551498050542,
        1.1019550883683873
    ]
}