{
    "years": [
        "2021",
        "2022",
        "2023",
        "2024"
    ],
    "revenue": [
        304359629.0,
        250167460.0,
        249485638.0,
        251225418.0
    ],
    "net_income": [
        -138711298.0,
        -140994924.0,
        -135954868.0,
        -201409503.0
    ],
    "roa": [
        -0.8523823248543235,
        -0.8740003160771669,
        -0.7983008772768824,
        -1.1449300693337845
    ],
    "roe": [
        0.14042933506026087,
        0.12491125688061,
        0.10749837060602879,
        0.1373753852177196
    ],
    "debt_ratio": [
        7.069830954398169,
        7.996969992164398,
        8.426167231897667,
        9.334317443545219
    ],
    "current_ratio": [
        0.07671197320003016,
        0.06948114171131307,
        0.07243556809696587,
        0.06603792998786047
    ]
}