{
    "years": [
        "2021",
        "2022",
        "2023",
        "2024"
    ],
    "revenue": [
        191456752.0,
        180389416.0,
        204268509.0,
        124946300.0
    ],
    "net_income": [
        1931497.0,
        2373037.0,
        3907989.0,
        1108400.0
    ],
    "roa": [
        0.016107625155607905,
        0.019865874205050933,
        0.021998812679982445,
        0.006475962502634658
    ],
    "roe": [
        0.05308291278033778,
        0.06648233817623328,
        0.10445478458251593,
        0.028729875381962318
    ],
    "debt_ratio": [
        0.6965572476728469,
        0.7011856870558627,
        0.7893939203655713,
        0.7745913472809386
    ],
    "current_ratio": [
        1.325843780053667,
        1.3106973280781486,
        1.2064715435467261,
        1.422398853185606
    ]
}