{
    "years": [
        "2021",
        "2022",
        "2023",
        "2024"
    ],
    "revenue": [
        11465148423.0,
        13807690798.0,
        11991539015.0,
        12021821033.0
    ],
    "net_income": [
        703887619.0,
        962584745.0,
        251699371.0,
        250986638.0
    ],
    "roa": [
        0.03874088861525456,
        0.05043316211853092,
        0.01239443316841778,
        0.010981187746215737
    ],
    "roe": [
        0.0929060261586078,
        0.1227815132155057,
        0.03216078406530513,
        0.031032995435393868
    ],
    "debt_ratio": [
        0.5830099486860337,
        0.589244660716872,
        0.6146103545470204,
        0.6461447697152872
    ],
    "current_ratio": [
        1.4205804281481786,
        1.2173075395096187,
        1.3518000207309568,
        1.732517989269579
    ]
}