{
    "years": [
        "2020",
        "2022",
        "2023",
        "2024"
    ],
    "revenue": [
        1910483565.0,
        4116613290.0,
        3828566252.0,
        3334606587.0
    ],
    "net_income": [
        18171310.0,
        13687118.0,
        -84200723.0,
        5339097.0
    ],
    "roa": [
        0.011748787451551642,
        0.006508164553518835,
        -0.03706253194049197,
        0.003421763498876765
    ],
    "roe": [
        0.038113744276609775,
        0.02791108159512999,
        -0.21567408618086256,
        0.01738551920929347
    ],
    "debt_ratio": [
        0.6917440761976824,
        0.7668250679810846,
        0.8281549137553241,
        0.8031831285747478
    ],
    "current_ratio": [
        0.8099561236273007,
        0.7969709352333711,
        0.7948821974710483,
        0.67517541391683
    ]
}