{
    "years": [
        "2021",
        "2022",
        "2023",
        "2024"
    ],
    "revenue": [
        154679023.0,
        603874907.0,
        1099692496.0,
        1330042251.0
    ],
    "net_income": [
        -128504443.0,
        33801769.0,
        150597519.0,
        202378837.0
    ],
    "roa": [
        -0.25571308754587474,
        0.05839311773133562,
        0.19783075008882825,
        0.23717744787749814
    ],
    "roe": [
        -0.31155744146324776,
        0.07421229386489962,
        0.25623995795267823,
        0.32731514662909256
    ],
    "debt_ratio": [
        0.17924256167689898,
        0.21316112613850946,
        0.2279473050594117,
        0.2753850522344961
    ],
    "current_ratio": [
        3.2237998628070805,
        3.0299184778294364,
        3.03689974408834,
        2.5842729100744517
    ]
}