{
    "years": [
        "2020",
        "2021",
        "2022",
        "2023"
    ],
    "revenue": [
        59255.0,
        91682.0,
        0.0,
        0.0
    ],
    "net_income": [
        -10778400.0,
        -77283553.0,
        -4479014.0,
        -3753482.0
    ],
    "roa": [
        -0.05350612878094786,
        -0.6107282460428795,
        -0.03613637798994716,
        -0.0321045913155736
    ],
    "roe": [
        -0.08957628457726736,
        -1.7954989783574027,
        -0.11614518273607219,
        -0.10781297846995948
    ],
    "debt_ratio": [
        0.40267528360372934,
        0.6598559768596476,
        0.6888689040847841,
        0.7022196049938544
    ],
    "current_ratio": [
        1.0834092936185975,
        0.7641850244676616,
        1.2505727718764943,
        1.233181834463297
    ]
}