{
    "years": [
        "2021",
        "2022",
        "2023",
        "2024"
    ],
    "revenue": [
        38397926.0,
        42249349.0,
        47943634.0,
        50615224.0
    ],
    "net_income": [
        2231874.0,
        808529.0,
        230876.0,
        198740.0
    ],
    "roa": [
        0.0377539438605729,
        0.01676661227580567,
        0.0045812114255979666,
        0.004108309712723022
    ],
    "roe": [
        0.05262023731086354,
        0.01870587085314567,
        0.005313094376486481,
        0.004552733975855116
    ],
    "debt_ratio": [
        0.2825204561975904,
        0.1036711197551055,
        0.1377507905990754,
        0.09761700672366207
    ],
    "current_ratio": [
        1.4007958414443482,
        2.503640819180815,
        1.827429547169045,
        3.2255427779430716
    ]
}