{
    "years": [
        "2021",
        "2022",
        "2023",
        "2024"
    ],
    "revenue": [
        682139239.0,
        1003926877.0,
        696760758.0,
        752328702.0
    ],
    "net_income": [
        331885006.0,
        571717106.0,
        346494055.0,
        297214267.0
    ],
    "roa": [
        0.20733214174332815,
        0.3081868173558981,
        0.21794007426336381,
        0.23561724430273417
    ],
    "roe": [
        0.23132060982901728,
        0.33211641665299346,
        0.26093622062691574,
        0.27383392377812205
    ],
    "debt_ratio": [
        0.10370225162133376,
        0.0720518411533322,
        0.1647764586313504,
        0.13956152308708653
    ],
    "current_ratio": [
        2.850976767715267,
        5.952084884026888,
        2.0938559870046265,
        1.7364807457314533
    ]
}