{
    "years": [
        "2022",
        "2023"
    ],
    "revenue": [
        10434950533.0,
        7085368378.0
    ],
    "net_income": [
        321791002.0,
        287778738.0
    ],
    "roa": [
        0.05896582294628862,
        0.06085279984603603
    ],
    "roe": [
        0.22118979681280113,
        0.16513686375820763
    ],
    "debt_ratio": [
        0.7334152669067598,
        0.6315008141662644
    ],
    "current_ratio": [
        1.1192693801472064,
        1.1618787929355185
    ]
}