{
    "years": [
        "2021",
        "2022",
        "2023",
        "2024"
    ],
    "revenue": [
        61989227.0,
        68060422.0,
        44967811.0,
        47501652.0
    ],
    "net_income": [
        926450.0,
        2390089.0,
        1622700.0,
        1450023.0
    ],
    "roa": [
        0.028518705586606487,
        0.07252345272575468,
        0.04427179164151193,
        0.04129169772393806
    ],
    "roe": [
        0.03313115266014064,
        0.07874257858241424,
        0.052255994022071435,
        0.04736173206619301
    ],
    "debt_ratio": [
        0.13921782682445838,
        0.07898046988835203,
        0.15279017326102737,
        0.12816326763074132
    ],
    "current_ratio": [
        5.684014675432192,
        10.663637722267621,
        5.516677372827888,
        6.781069700880393
    ]
}