{
    "years": [
        "2021",
        "2022",
        "2023",
        "2024"
    ],
    "revenue": [
        171905798.0,
        232289678.0,
        74522861.0,
        72989805.0
    ],
    "net_income": [
        60333386.0,
        64658858.0,
        28766332.0,
        26578738.0
    ],
    "roa": [
        0.07283358058722897,
        0.08421785689629013,
        0.039686972814745654,
        0.03669433689096989
    ],
    "roe": [
        0.2664708852309957,
        0.26382127499272834,
        0.1365560227054831,
        0.12630252515303778
    ],
    "debt_ratio": [
        0.7266734017711102,
        0.6807768558520861,
        0.7093722266623095,
        0.7094726582345979
    ],
    "current_ratio": [
        2.654070454176417,
        7.781374408851941,
        6.000038603618973,
        5.0954538124633135
    ]
}