{
    "years": [
        "2021",
        "2022",
        "2023",
        "2024"
    ],
    "revenue": [
        148855213.0,
        148072275.0,
        89036926.0,
        113571185.0
    ],
    "net_income": [
        2286219.0,
        799119.0,
        524650.0,
        549156.0
    ],
    "roa": [
        0.022288432478646026,
        0.008765225597733095,
        0.005659066550536343,
        0.005764208805775839
    ],
    "roe": [
        0.029236526340776184,
        0.010494740455584881,
        0.006996135743462204,
        0.007328825744368146
    ],
    "debt_ratio": [
        0.2376511416282601,
        0.1647982496729023,
        0.19111538740158573,
        0.21348808024186425
    ],
    "current_ratio": [
        3.993374543137895,
        5.7640973442633685,
        4.8933629292032315,
        4.147173093981057
    ]
}