{
    "years": [
        "2022",
        "2023",
        "2024"
    ],
    "revenue": [
        58339672.0,
        60440144.0,
        58859917.0
    ],
    "net_income": [
        1757743.0,
        795329.0,
        640540.0
    ],
    "roa": [
        0.0493670488613137,
        0.022283357653705434,
        0.019050163726006694
    ],
    "roe": [
        0.0694540626175271,
        0.03266831186605536,
        0.026374735857353913
    ],
    "debt_ratio": [
        0.28921294160759914,
        0.3178907515922368,
        0.2777116772263314
    ],
    "current_ratio": [
        1.572397951444599,
        1.6688737227475257,
        2.2205701209436377
    ]
}