{
    "years": [
        "2021",
        "2022",
        "2023",
        "2024"
    ],
    "revenue": [
        523353810.0,
        448421604.0,
        355621826.0,
        355507372.0
    ],
    "net_income": [
        10208419.0,
        7812599.0,
        5657929.0,
        6189586.0
    ],
    "roa": [
        0.0258725895643052,
        0.022743316635413985,
        0.018900289018041,
        0.0212476639608846
    ],
    "roe": [
        0.09235347424024179,
        0.0716485570603666,
        0.05277993089678911,
        0.05740125611808252
    ],
    "debt_ratio": [
        0.7198525580423528,
        0.6825711840051171,
        0.6419038695787529,
        0.629839738747613
    ],
    "current_ratio": [
        0.9996946451319276,
        1.000624383377266,
        1.1260172624487796,
        1.2103575765638883
    ]
}