{
    "years": [
        "2021",
        "2022",
        "2023",
        "2024"
    ],
    "revenue": [
        2057464633.0,
        2477345853.0,
        3843305614.0,
        5567860350.0
    ],
    "net_income": [
        2454541.0,
        -73927997.0,
        400047285.0,
        -50120331.0
    ],
    "roa": [
        0.004092289143659861,
        -0.12253734656795517,
        0.0995228866802797,
        -0.012800914266111896
    ],
    "roe": [
        0.011558089261126133,
        -0.5340165901844571,
        0.7429126901873573,
        -0.10031798810841384
    ],
    "debt_ratio": [
        0.6459372261967512,
        0.7705364424621546,
        0.8660369004395648,
        0.8723966209103204
    ],
    "current_ratio": [
        1.0002115193899077,
        0.8343505569755608,
        0.8533058856722927,
        0.852777992424233
    ]
}