{
    "years": [
        "2021",
        "2022",
        "2023",
        "2024"
    ],
    "revenue": [
        1146419818.0,
        1263001527.0,
        1509162130.0,
        1070572594.0
    ],
    "net_income": [
        22603821.0,
        19536520.0,
        20799842.0,
        20026753.0
    ],
    "roa": [
        0.05510469763368794,
        0.04503208428706737,
        0.0560103480765825,
        0.07028440364232472
    ],
    "roe": [
        0.2926089606779841,
        0.24268935178624348,
        0.260276090961779,
        0.2560971718848308
    ],
    "debt_ratio": [
        0.8116780241247273,
        0.814445570208903,
        0.7848040983341513,
        0.7255557211934686
    ],
    "current_ratio": [
        0.10014866550409696,
        0.09072781443267076,
        0.15982496429005497,
        0.2100457354063603
    ]
}