{
    "years": [
        "2022",
        "2023",
        "2024"
    ],
    "revenue": [
        4288419129.0,
        3196185461.0,
        3625325908.0
    ],
    "net_income": [
        63134726.0,
        -233536479.0,
        -8133426.0
    ],
    "roa": [
        0.015401778191665225,
        -0.0638651299228235,
        -0.0023835111871192316
    ],
    "roe": [
        0.029743458408497393,
        -0.13083846832061904,
        -0.004577598859537107
    ],
    "debt_ratio": [
        0.48217930880340737,
        0.5118780375331029,
        0.4793097297826014
    ],
    "current_ratio": [
        0.423879067067894,
        0.33629929416375653,
        0.4171042655306505
    ]
}