{
    "years": [
        "2021",
        "2022",
        "2023",
        "2024"
    ],
    "revenue": [
        111236733.0,
        110553231.0,
        122673733.0,
        298034722.0
    ],
    "net_income": [
        22134682.0,
        -58396061.0,
        779087.0,
        74583328.0
    ],
    "roa": [
        0.027369725428670125,
        -0.09007059641942392,
        0.0011329916620791082,
        0.1045808170731231
    ],
    "roe": [
        0.05634971954531327,
        -0.1755618365235281,
        0.0023367727827360487,
        0.19331893797906655
    ],
    "debt_ratio": [
        0.5142881694972602,
        0.48695799609413976,
        0.5151468424959459,
        0.4590244589257594
    ],
    "current_ratio": [
        1.6444127323321056,
        1.5560051619862014,
        1.4694747639078711,
        1.799871595657841
    ]
}