{
    "years": [
        "2020",
        "2021",
        "2022",
        "2024"
    ],
    "revenue": [
        600148438.0,
        520411657.0,
        708378374.0,
        773292153.0
    ],
    "net_income": [
        92979303.0,
        53796964.0,
        108163280.0,
        103250566.0
    ],
    "roa": [
        0.23612960721541504,
        0.13232146595979863,
        0.23925582528627204,
        0.15967123179242196
    ],
    "roe": [
        0.338461823123971,
        0.17771907006083085,
        0.31904304995245897,
        0.26114074829482603
    ],
    "debt_ratio": [
        0.30234492907956106,
        0.2554458791928927,
        0.2500829423429726,
        0.38856255549917357
    ],
    "current_ratio": [
        2.6649531005660587,
        3.1197654964483412,
        3.181196978568643,
        2.446565075759176
    ]
}