{
    "years": [
        "2020",
        "2021",
        "2022",
        "2023"
    ],
    "revenue": [
        1855006595.0,
        2618253996.0,
        4595934768.0,
        4112374748.0
    ],
    "net_income": [
        266419181.0,
        1000342632.0,
        540692752.0,
        171077335.0
    ],
    "roa": [
        0.011037871524144333,
        0.026541802166876887,
        0.012338834455442236,
        0.004072364737579671
    ],
    "roe": [
        0.08990600312313803,
        0.1198077602797075,
        0.03918311355699921,
        0.009793899728969244
    ],
    "debt_ratio": [
        0.8772287595854248,
        0.7784634141819241,
        0.6850981625670691,
        0.5841937481211822
    ],
    "current_ratio": [
        1.0686792743379048,
        1.5924752506181075,
        1.5607596984768584,
        1.611102117716594
    ]
}