{
    "years": [
        "2021",
        "2022",
        "2023",
        "2024"
    ],
    "revenue": [
        75630790.0,
        119168011.0,
        144099985.0,
        147185608.0
    ],
    "net_income": [
        -4302782.0,
        -1440863.0,
        -5674557.0,
        344945.0
    ],
    "roa": [
        -0.05012117871881354,
        -0.012421048477375607,
        -0.055644921248003465,
        0.0031049752298687124
    ],
    "roe": [
        -0.10336588927239532,
        -0.035875289024591105,
        -0.16457666981431432,
        0.009905193049684157
    ],
    "debt_ratio": [
        0.5151091034806315,
        0.6537714729249577,
        0.6618905868566575,
        0.6865305689354818
    ],
    "current_ratio": [
        1.1237870712065277,
        0.956579749075923,
        0.8606699851817705,
        0.8643912384787643
    ]
}