{
    "years": [
        "2021",
        "2022",
        "2023",
        "2024"
    ],
    "revenue": [
        6127894.0,
        10553325.0,
        12091459.0,
        14763034.0
    ],
    "net_income": [
        -698264.0,
        650994.0,
        401805.0,
        351160.0
    ],
    "roa": [
        -0.03639519220941152,
        0.03263054871054011,
        0.021804616139339424,
        0.016285968170105723
    ],
    "roe": [
        -0.05142442241754969,
        0.045749781526967494,
        0.02746211020931226,
        0.02343815493477417
    ],
    "debt_ratio": [
        0.29225860985089297,
        0.28676055663116506,
        0.20601090108706976,
        0.30515144150946194
    ],
    "current_ratio": [
        0.7049291303002969,
        1.3324394623026183,
        1.5664515720572887,
        1.5921183744582141
    ]
}