{
    "years": [
        "2021",
        "2022",
        "2023",
        "2024"
    ],
    "revenue": [
        65526000.0,
        74836566.0,
        64475719.0,
        69071069.0
    ],
    "net_income": [
        1573474.0,
        1394813.0,
        943105.0,
        681458.0
    ],
    "roa": [
        0.06415703782122932,
        0.06533033007715165,
        0.04796596352052946,
        0.02665741182160676
    ],
    "roe": [
        0.11164303156105222,
        0.09874004264301156,
        0.06861866863172146,
        0.05063437299823077
    ],
    "debt_ratio": [
        0.4253377311225653,
        0.3383603214214788,
        0.3009779338919517,
        0.4735313139448137
    ],
    "current_ratio": [
        1.9536356127384287,
        2.3449576376494297,
        2.5867352775525165,
        1.7803580918764186
    ]
}