{
    "years": [
        "2021",
        "2022",
        "2023",
        "2024"
    ],
    "revenue": [
        1149852281.0,
        1893992071.0,
        1565802348.0,
        1821385867.0
    ],
    "net_income": [
        68184961.0,
        217734357.0,
        122561312.0,
        175633710.0
    ],
    "roa": [
        0.08884289179505762,
        0.20068305345160778,
        0.12114291179213958,
        0.1550681320704979
    ],
    "roe": [
        0.21038912361569756,
        0.4129094405728751,
        0.22410412491737391,
        0.2693270790618388
    ],
    "debt_ratio": [
        0.5777210804996724,
        0.513978045226629,
        0.45943470769757416,
        0.4242386149560048
    ],
    "current_ratio": [
        1.6277831255571207,
        1.8493340471638147,
        2.052041369638137,
        2.0768967627860797
    ]
}