{
    "years": [
        "2021",
        "2022",
        "2023",
        "2024"
    ],
    "revenue": [
        448481026.0,
        604226479.0,
        456261093.0,
        188049554.0
    ],
    "net_income": [
        68102306.0,
        89447270.0,
        41420358.0,
        -14018921.0
    ],
    "roa": [
        0.047922793451678554,
        0.05849289588636989,
        0.028706450293332755,
        -0.01263523239212423
    ],
    "roe": [
        0.12081800936215971,
        0.149360985481432,
        0.07108357439844123,
        -0.025662106535831595
    ],
    "debt_ratio": [
        0.6033472683031309,
        0.6083790174667701,
        0.5961591614340338,
        0.5076307405051937
    ],
    "current_ratio": [
        1.0328710834274113,
        1.0591532057530357,
        0.8052504691425936,
        0.4833838159083128
    ]
}