{
    "years": [
        "2021",
        "2022",
        "2023"
    ],
    "revenue": [
        222826294.0,
        260776675.0,
        273079975.0
    ],
    "net_income": [
        26914959.0,
        45408953.0,
        45020989.0
    ],
    "roa": [
        0.06454910520282434,
        0.10512393756743332,
        0.09554781537626934
    ],
    "roe": [
        0.1488391795441048,
        0.22175625746271452,
        0.18952940642222071
    ],
    "debt_ratio": [
        0.5663164403315136,
        0.5259482696441675,
        0.49586812315860673
    ],
    "current_ratio": [
        0.7905155009555043,
        0.856709630894276,
        0.7869309335624771
    ]
}