{
    "years": [
        "2021",
        "2022",
        "2023",
        "2024"
    ],
    "revenue": [
        73807826.0,
        85448025.0,
        82464919.0,
        79840306.0
    ],
    "net_income": [
        5517833.0,
        4250698.0,
        8107045.0,
        7492885.0
    ],
    "roa": [
        0.10835915008978096,
        0.08630055105324505,
        0.15096117997172812,
        0.1380932183523009
    ],
    "roe": [
        0.1363387254567424,
        0.10886299416579924,
        0.18832846234276332,
        0.17211213264906092
    ],
    "debt_ratio": [
        0.2052210424677821,
        0.20725539735009857,
        0.1984154806246209,
        0.19765552708666423
    ],
    "current_ratio": [
        2.745391170432661,
        2.846086116027638,
        3.259041390730815,
        3.4768083737526294
    ]
}