{
    "years": [
        "2022",
        "2023",
        "2024"
    ],
    "revenue": [
        22137782.0,
        23046991.0,
        12169050.0
    ],
    "net_income": [
        6707254.0,
        6539380.0,
        2545581.0
    ],
    "roa": [
        0.08944650791292899,
        0.08399265793468648,
        0.03619707011708921
    ],
    "roe": [
        0.10373932944057232,
        0.10158376808395517,
        0.040297409640505356
    ],
    "debt_ratio": [
        0.13777630532912835,
        0.17316851383904455,
        0.10175193790358787
    ],
    "current_ratio": [
        20.991619822403706,
        10.994234814588868,
        35.21088530389472
    ]
}