{
    "years": [
        "2022",
        "2023",
        "2024"
    ],
    "revenue": [
        8706682358.0,
        8706345659.0,
        9489135613.0
    ],
    "net_income": [
        184771639.0,
        134817816.0,
        425614471.0
    ],
    "roa": [
        0.043084606639607115,
        0.03902505205430559,
        0.12986661800088764
    ],
    "roe": [
        0.1367160827473717,
        0.10485475070681331,
        0.2804960054696865
    ],
    "debt_ratio": [
        0.6848607290832037,
        0.6278179883005549,
        0.5370108113182294
    ],
    "current_ratio": [
        1.1959977076450492,
        1.2704779741348473,
        1.4967060694919903
    ]
}