{
    "years": [
        "2009",
        "2010",
        "2011",
        "2012"
    ],
    "revenue": [
        1037343.0,
        2177785.0,
        307617.0,
        175603.0
    ],
    "net_income": [
        45581751.0,
        13307201.0,
        4787387.0,
        24436657.0
    ],
    "roa": [
        0.08288293350469864,
        0.009648854744284355,
        0.009930412148174955,
        0.08067468915196925
    ],
    "roe": [
        0.17932675124788802,
        0.04974843102745916,
        0.017582765361410107,
        0.08235763954265884
    ],
    "debt_ratio": [
        0.5378105445621585,
        0.8060470542486341,
        0.4352189804016953,
        0.02043466034280737
    ],
    "current_ratio": [
        1.3417973124231015,
        1.1643096489320466,
        1.739958454597186,
        31.32311361410904
    ]
}