{
    "years": [
        "2021",
        "2022",
        "2023",
        "2024"
    ],
    "revenue": [
        147398669.0,
        159022395.0,
        170833094.0,
        180000140.0
    ],
    "net_income": [
        10374804.0,
        10676551.0,
        11716429.0,
        11487759.0
    ],
    "roa": [
        0.04606241288489702,
        0.04724236380605745,
        0.05027610638635334,
        0.04987942823759114
    ],
    "roe": [
        0.05440699562476109,
        0.055766374641828834,
        0.06091657443164294,
        0.05960584383427989
    ],
    "debt_ratio": [
        0.1533733418661033,
        0.15285216029405924,
        0.17467279052648838,
        0.16317889272284733
    ],
    "current_ratio": [
        3.410639443531251,
        3.239262565458076,
        2.3202702114769544,
        2.2890463905661624
    ]
}