{
    "years": [
        "2021",
        "2022",
        "2023",
        "2024"
    ],
    "revenue": [
        265825457.0,
        368712525.0,
        307776844.0,
        364125332.0
    ],
    "net_income": [
        27557725.0,
        154204181.0,
        107691743.0,
        163603114.0
    ],
    "roa": [
        0.016115185119840655,
        0.09504008859438753,
        0.06657417932504835,
        0.10621867800007219
    ],
    "roe": [
        0.03903318197482189,
        0.18645946235915328,
        0.12177302109181107,
        0.16586718868551817
    ],
    "debt_ratio": [
        0.5871413934371107,
        0.49029087935841065,
        0.45329286628394816,
        0.3596160950104406
    ],
    "current_ratio": [
        0.1398044526561347,
        0.33494115656552514,
        0.6860619108202883,
        0.7975438740862666
    ]
}