{
    "years": [
        "2021",
        "2022",
        "2023",
        "2024"
    ],
    "revenue": [
        60708694.0,
        93376806.0,
        108260685.0,
        86114408.0
    ],
    "net_income": [
        166882.0,
        540798.0,
        1225140.0,
        920163.0
    ],
    "roa": [
        0.001021367469920406,
        0.0032768539095262743,
        0.007273368097920145,
        0.005894517801784814
    ],
    "roe": [
        0.0018032209258773677,
        0.005809571448308636,
        0.013005559076622078,
        0.009662256837775924
    ],
    "debt_ratio": [
        0.4335871687916145,
        0.43595600145682384,
        0.4407492938158834,
        0.38994399540908653
    ],
    "current_ratio": [
        1.4079356566165258,
        1.2930743035354224,
        0.9892826986574786,
        1.551121630650156
    ]
}