{
    "years": [
        "2022",
        "2023",
        "2024"
    ],
    "revenue": [
        134855648.0,
        157457260.0,
        154648560.0
    ],
    "net_income": [
        5000376.0,
        3984053.0,
        4588486.0
    ],
    "roa": [
        0.05731189815570426,
        0.0375368192056088,
        0.04523162665708347
    ],
    "roe": [
        0.10017540596636715,
        0.0800971534988249,
        0.09177011461149283
    ],
    "debt_ratio": [
        0.4278845430888882,
        0.5313588864782879,
        0.5071202989276982
    ],
    "current_ratio": [
        0.7544767126392544,
        0.5557616491435112,
        0.6309791285034907
    ]
}