{
    "years": [
        "2021",
        "2022",
        "2023",
        "2024"
    ],
    "revenue": [
        176132934.0,
        210492047.0,
        210311902.0,
        217711346.0
    ],
    "net_income": [
        1811443.0,
        2592319.0,
        2728989.0,
        1722330.0
    ],
    "roa": [
        0.009169965642198671,
        0.013419030284815446,
        0.013676708745760767,
        0.008776806905687252
    ],
    "roe": [
        0.011707319336789963,
        0.01667546201909772,
        0.01755222489722324,
        0.011148521265325478
    ],
    "debt_ratio": [
        0.21673225284098296,
        0.19528284916800603,
        0.22079913937722945,
        0.21273802176929202
    ],
    "current_ratio": [
        0.8379026072838621,
        0.9073378539500054,
        1.095427005667923,
        1.3243333024807933
    ]
}