{
    "years": [
        "2020",
        "2021",
        "2022",
        "2023"
    ],
    "revenue": [
        1887816080.0,
        2155106760.0,
        2654506920.0,
        3354210359.0
    ],
    "net_income": [
        297652900.0,
        400113460.0,
        318235150.0,
        456048423.0
    ],
    "roa": [
        0.051221320433471426,
        0.06619491699433344,
        0.04780849671068954,
        0.06040179815321967
    ],
    "roe": [
        0.12206183439323447,
        0.15220109597611756,
        0.11802346899663617,
        0.16381112541597123
    ],
    "debt_ratio": [
        0.5803657983014019,
        0.5650825207939348,
        0.5949238137369768,
        0.6312716978175975
    ],
    "current_ratio": [
        6.40463861518579,
        6.427686828788312,
        6.082660082024437,
        1.4391253533190218
    ]
}