{
    "years": [
        "2021",
        "2022",
        "2023",
        "2024"
    ],
    "revenue": [
        139821747.0,
        176502390.0,
        204322939.0,
        464046324.0
    ],
    "net_income": [
        4016194.0,
        399023.0,
        2296680.0,
        9804474.0
    ],
    "roa": [
        0.03703414328668102,
        0.003664021102075856,
        0.012008371790835734,
        0.027308266867257784
    ],
    "roe": [
        0.06828079357967126,
        0.006682927071913312,
        0.03834642600166447,
        0.06013265748982249
    ],
    "debt_ratio": [
        0.4576199053183394,
        0.45173408857402775,
        0.6868450845897738,
        0.5458662895136518
    ],
    "current_ratio": [
        0.6146269657443086,
        0.8996505951515065,
        1.0138875007986305,
        1.3569348062463455
    ]
}