{
    "years": [
        "2021",
        "2022",
        "2023",
        "2024"
    ],
    "revenue": [
        38334976.0,
        56313101.0,
        70026943.0,
        72710660.0
    ],
    "net_income": [
        3607520.0,
        7871927.0,
        6015105.0,
        7931570.0
    ],
    "roa": [
        0.035485068408635655,
        0.06596261369962676,
        0.05446621653576878,
        0.07096761228352408
    ],
    "roe": [
        0.038496308280526546,
        0.07964562507947437,
        0.06161930683269968,
        0.079687299408347
    ],
    "debt_ratio": [
        0.07822152321588016,
        0.17179865643836692,
        0.1160852119994143,
        0.10942380014837795
    ],
    "current_ratio": [
        8.343768508940501,
        4.592481990547018,
        5.157280058632726,
        6.014854911354932
    ]
}