{
    "years": [
        "2016",
        "2017",
        "2018",
        "2019"
    ],
    "revenue": [
        136100805.0,
        166479164.0,
        152466440.0,
        142988353.0
    ],
    "net_income": [
        59050719.0,
        77982980.0,
        66907803.0,
        67934273.0
    ],
    "roa": [
        0.11759113480774293,
        0.1599071945427823,
        0.12162588053662082,
        0.11093896901858595
    ],
    "roe": [
        0.14727980627641277,
        0.16415792159880657,
        0.12444049295966464,
        0.11303194787398949
    ],
    "debt_ratio": [
        0.20158005512955757,
        0.025894133006951942,
        0.022618139450445034,
        0.018516701647368156
    ],
    "current_ratio": [
        0.638874653105514,
        3.9442384201407035,
        11.484903516174402,
        19.15165120578966
    ]
}