{
    "years": [
        "2021",
        "2022",
        "2023",
        "2024"
    ],
    "revenue": [
        377971840.0,
        240298999.0,
        439951066.0,
        567481233.0
    ],
    "net_income": [
        4529137.0,
        2968428.0,
        5129089.0,
        51869002.0
    ],
    "roa": [
        0.010721421087272467,
        0.007709344457255284,
        0.013920423139215248,
        0.12117597691501594
    ],
    "roe": [
        0.03319825884247616,
        0.016683093885085546,
        0.028018715062500425,
        0.2207864306024547
    ],
    "debt_ratio": [
        0.6770486928804008,
        0.5378947987490899,
        0.503174106729612,
        0.451162027555924
    ],
    "current_ratio": [
        1.1551003881621766,
        1.3256915418409003,
        1.7181958727241715,
        1.7733123491800804
    ]
}