{
    "years": [
        "2021",
        "2022",
        "2023",
        "2024"
    ],
    "revenue": [
        366750498.0,
        386244141.0,
        186173750.0,
        288726653.0
    ],
    "net_income": [
        23472343.0,
        26340432.0,
        10770348.0,
        14869289.0
    ],
    "roa": [
        0.050660380744579736,
        0.028497218660275568,
        0.011765498333007834,
        0.018663352576215948
    ],
    "roe": [
        0.05853445945118118,
        0.03022687788172449,
        0.012212930454241653,
        0.019774511540757274
    ],
    "debt_ratio": [
        0.13452039671039537,
        0.05722255630293509,
        0.03663593458672508,
        0.05619147467946895
    ],
    "current_ratio": [
        5.565982905573149,
        15.312998081064512,
        20.971138925493648,
        10.01033803690415
    ]
}