{
    "years": [
        "2021",
        "2022",
        "2023",
        "2024"
    ],
    "revenue": [
        424015917.0,
        647100104.0,
        580021301.0,
        328615994.0
    ],
    "net_income": [
        -10994139.0,
        -38573155.0,
        4258930.0,
        158750.0
    ],
    "roa": [
        -0.021392552405272762,
        -0.06789849851592658,
        0.008608937496659409,
        0.0002717188910517903
    ],
    "roe": [
        -0.07304292174105309,
        -0.3445785632081244,
        0.036651115575370874,
        0.0013642925913025423
    ],
    "debt_ratio": [
        0.707123539210107,
        0.8029520528387714,
        0.7651111743391376,
        0.8008353246334279
    ],
    "current_ratio": [
        1.1811728750761419,
        1.058413981754356,
        1.1398376631676401,
        1.1602777633621668
    ]
}