{
    "years": [
        "2020",
        "2021",
        "2022",
        "2023"
    ],
    "revenue": [
        937642620.0,
        1092236270.0,
        1177438960.0,
        1257810418.0
    ],
    "net_income": [
        66590020.0,
        82967240.0,
        87844220.0,
        88937406.0
    ],
    "roa": [
        0.029184694148507394,
        0.03622114967710392,
        0.034822596018507304,
        0.03818696365150632
    ],
    "roe": [
        0.094283452559601,
        0.11329641033842765,
        0.11744392789781244,
        0.10626818136992827
    ],
    "debt_ratio": [
        0.6904579397953381,
        0.6802974642452683,
        0.7034959861968656,
        0.6406547739951024
    ],
    "current_ratio": [
        4.1076088453430355,
        4.683513416647466,
        4.115603730962618,
        1.323130180520354
    ]
}