{
    "years": [
        "2021",
        "2022",
        "2023",
        "2024"
    ],
    "revenue": [
        140880097.0,
        203848499.0,
        187981645.0,
        189405753.0
    ],
    "net_income": [
        131035.0,
        1534349.0,
        898593.0,
        1036478.0
    ],
    "roa": [
        0.000723648602733043,
        0.008069191918246356,
        0.005275115811003655,
        0.007084975022625919
    ],
    "roe": [
        0.0024536851135250923,
        0.028473085952682036,
        0.01681723725973467,
        0.019060096444847855
    ],
    "debt_ratio": [
        0.7050768255697604,
        0.7166028321743512,
        0.6863268484869505,
        0.6282823099491156
    ],
    "current_ratio": [
        1.516093443439897,
        1.2170890540978399,
        1.6501240313494856,
        1.8326878490720793
    ]
}