{
    "years": [
        "2022",
        "2023",
        "2024"
    ],
    "revenue": [
        1158224882.0,
        1478291556.0,
        1320169571.0
    ],
    "net_income": [
        9943661.0,
        14501760.0,
        5701284.0
    ],
    "roa": [
        0.0759039156183493,
        0.10410181880559628,
        0.0573534529806999
    ],
    "roe": [
        0.0842943447959692,
        0.13121655859851447,
        0.07642979605990982
    ],
    "debt_ratio": [
        0.0995372726121611,
        0.20664114409433357,
        0.24959301296914166
    ],
    "current_ratio": [
        5.604664153522457,
        2.619326072569174,
        1.5763871065305037
    ]
}