{
    "years": [
        "2021",
        "2022",
        "2023"
    ],
    "revenue": [
        60100728.0,
        63764458.0,
        67240582.0
    ],
    "net_income": [
        8088647.0,
        8973589.0,
        10932214.0
    ],
    "roa": [
        0.06270890490968427,
        0.067799488795338,
        0.08222725412612414
    ],
    "roe": [
        0.06731830870252907,
        0.07430048814857904,
        0.08877839430850354
    ],
    "debt_ratio": [
        0.06847177063246151,
        0.08749605171154404,
        0.07379205530136417
    ],
    "current_ratio": [
        4.690081345485041,
        2.9047796782759963,
        3.7785255329597884
    ]
}