{
    "years": [
        "2021",
        "2022",
        "2023",
        "2024"
    ],
    "revenue": [
        137444674.0,
        183075772.0,
        179941814.0,
        195319562.0
    ],
    "net_income": [
        17441619.0,
        21339061.0,
        24197137.0,
        25541439.0
    ],
    "roa": [
        0.07162560451593655,
        0.08925035255022314,
        0.0964887612782589,
        0.0993694349151387
    ],
    "roe": [
        0.0838109626230404,
        0.09805966491933259,
        0.10598392254416249,
        0.1078658924100032
    ],
    "debt_ratio": [
        0.1453909813911859,
        0.08983624792473344,
        0.08959058164644776,
        0.07876871275091372
    ],
    "current_ratio": [
        5.331290021979253,
        8.846500540244993,
        8.96407826615417,
        10.424138716702668
    ]
}