{
    "years": [
        "2021",
        "2022",
        "2023",
        "2024"
    ],
    "revenue": [
        87880062.0,
        94575182.0,
        95230188.0,
        89699939.0
    ],
    "net_income": [
        6491908.0,
        6010761.0,
        6037529.0,
        5203919.0
    ],
    "roa": [
        0.07577226595853999,
        0.07577013203650115,
        0.08397800311268624,
        0.07241129756274584
    ],
    "roe": [
        0.17491079274967786,
        0.1616302974177572,
        0.1617212306343942,
        0.14257574433765619
    ],
    "debt_ratio": [
        0.5667947942641776,
        0.531213310579624,
        0.4807236948218835,
        0.49212050128767215
    ],
    "current_ratio": [
        1.5954699676771482,
        1.6840915777817935,
        1.8694083301197133,
        1.8412408126029869
    ]
}