{
    "years": [
        "2021",
        "2022",
        "2023",
        "2024"
    ],
    "revenue": [
        2658744277.0,
        3171994656.0,
        3517086518.0,
        3420009032.0
    ],
    "net_income": [
        19238353.0,
        9261968.0,
        5447914.0,
        16142979.0
    ],
    "roa": [
        0.06702097670701139,
        0.018474523780054534,
        0.0076990093953040245,
        0.02252385018689232
    ],
    "roe": [
        0.1275164533837684,
        0.05844207970474722,
        0.03323336244999239,
        0.08964733631638755
    ],
    "debt_ratio": [
        0.47441310569305334,
        0.6838831904444725,
        0.7683349252760975,
        0.7487504803556003
    ],
    "current_ratio": [
        1.9426257934581235,
        1.3737069630015408,
        1.1590449078917853,
        1.1853938774272423
    ]
}