{
    "years": [
        "2021",
        "2022",
        "2023",
        "2024"
    ],
    "revenue": [
        266977650.0,
        317409782.0,
        295724897.0,
        275980198.0
    ],
    "net_income": [
        6776128.0,
        12341192.0,
        12757476.0,
        13133441.0
    ],
    "roa": [
        0.03999261968323776,
        0.07103781279744391,
        0.07481519951208962,
        0.07359036706256653
    ],
    "roe": [
        0.06699269690577098,
        0.11478166668887983,
        0.11482442607930213,
        0.11418011113412661
    ],
    "debt_ratio": [
        0.40303015805603937,
        0.3811048850684956,
        0.34843828907605956,
        0.35548874202688063
    ],
    "current_ratio": [
        2.082530762039071,
        2.3353655757790692,
        1.7470833561927441,
        1.8119334014891597
    ]
}