{
    "years": [
        "2021",
        "2022",
        "2023",
        "2024"
    ],
    "revenue": [
        76061039.0,
        200613153.0,
        454133802.0,
        535069458.0
    ],
    "net_income": [
        19073521.0,
        26060816.0,
        52667707.0,
        48543083.0
    ],
    "roa": [
        0.0469372390756191,
        0.02071282315964788,
        0.03441259337467762,
        0.029482158579712692
    ],
    "roe": [
        0.05567300397366194,
        0.02335349832525084,
        0.045084320933741574,
        0.03992169128117535
    ],
    "debt_ratio": [
        0.15691204487862007,
        0.11307407262181983,
        0.2367059620294097,
        0.26150026129742915
    ],
    "current_ratio": [
        5.623248917060856,
        3.6542970861055406,
        2.1025652878389494,
        1.3080356487517992
    ]
}