{
    "years": [
        "2021",
        "2022",
        "2023",
        "2024"
    ],
    "revenue": [
        120145013.0,
        91490753.0,
        103783763.0,
        88293090.0
    ],
    "net_income": [
        4503483.0,
        4526315.0,
        3726439.0,
        3638779.0
    ],
    "roa": [
        0.05274444180874146,
        0.06726381963161697,
        0.06363863076525011,
        0.057742563447879966
    ],
    "roe": [
        0.15104917100910217,
        0.15070868440474777,
        0.12523204350114533,
        0.12238510396386679
    ],
    "debt_ratio": [
        0.6508127687402991,
        0.55368318755294,
        0.4918342862889713,
        0.5281896114993865
    ],
    "current_ratio": [
        1.4438334692261907,
        1.628994595666436,
        1.8351024152215174,
        1.7407936651477673
    ]
}