{
    "years": [
        "2018",
        "2019",
        "2020",
        "2021"
    ],
    "revenue": [
        327994546.0,
        251199416.0,
        434857745.0,
        552112599.0
    ],
    "net_income": [
        31626655.0,
        53346553.0,
        46432253.0,
        186797803.0
    ],
    "roa": [
        0.04192734388101609,
        0.06634913323360238,
        0.05454528709325829,
        0.1540002998506843
    ],
    "roe": [
        0.05781957716296052,
        0.08949749976564317,
        0.07300677193711394,
        0.2312273984319231
    ],
    "debt_ratio": [
        0.2748590367091972,
        0.2586481923255594,
        0.2528735945174767,
        0.33398766368067595
    ],
    "current_ratio": [
        3.6054165015339525,
        3.836393392031779,
        4.070020391134465,
        3.2670479083201154
    ]
}