{
    "years": [
        "2022",
        "2023",
        "2024"
    ],
    "revenue": [
        845660680.0,
        674026735.0,
        655801435.0
    ],
    "net_income": [
        1529013.0,
        3430975.0,
        1953399.0
    ],
    "roa": [
        0.003543095961980146,
        0.007099339929353086,
        0.004100910213380058
    ],
    "roe": [
        0.006245466484446554,
        0.013871381975790329,
        0.007922084864422476
    ],
    "debt_ratio": [
        0.4326931429695888,
        0.4882024053736291,
        0.48234457424245025
    ],
    "current_ratio": [
        1.7538000112260974,
        1.6493622058681117,
        1.6854706603152096
    ]
}