{
    "years": [
        "2022",
        "2023",
        "2024"
    ],
    "revenue": [
        1022926668.0,
        1448469698.0,
        1740538474.0
    ],
    "net_income": [
        69066446.0,
        45803081.0,
        54351061.0
    ],
    "roa": [
        0.12157439497057795,
        0.04284094817065369,
        0.03360826723440209
    ],
    "roe": [
        0.6169787441180663,
        0.09512104814699207,
        0.10082466603946848
    ],
    "debt_ratio": [
        0.8029520528387714,
        0.5496165254145341,
        0.6666662181529477
    ],
    "current_ratio": [
        1.058413981754356,
        1.6306659227706826,
        1.3131059727965977
    ]
}