{
    "years": [
        "2014",
        "2015",
        "2016",
        "2017"
    ],
    "revenue": [
        605243942.0,
        1014408176.0,
        1490967272.0,
        1940994518.0
    ],
    "net_income": [
        63399801.0,
        129524611.0,
        916232222.0,
        188247942.0
    ],
    "roa": [
        0.011995044388888968,
        0.02349264875331496,
        0.09541378624529705,
        0.032181203931892464
    ],
    "roe": [
        0.024709968436685107,
        0.05440889541673442,
        0.23592431787167173,
        0.06992260189454132
    ],
    "debt_ratio": [
        0.5145665839426654,
        0.5682204431209721,
        0.5955746016093336,
        0.5397596333667788
    ],
    "current_ratio": [
        2.1705167782548602,
        1.3102160236830358,
        1.043177609869118,
        0.4925347152615488
    ]
}