{
    "years": [
        "2022",
        "2023",
        "2024"
    ],
    "revenue": [
        209112504.0,
        254538238.0,
        286984251.0
    ],
    "net_income": [
        18652268.0,
        35475436.0,
        51279214.0
    ],
    "roa": [
        0.025954274824158557,
        0.04751303822774525,
        0.05654006353756156
    ],
    "roe": [
        0.047357828380549714,
        0.08638190252741598,
        0.12008195841052176
    ],
    "debt_ratio": [
        0.4519538646155867,
        0.44996536499453105,
        0.529154385171924
    ],
    "current_ratio": [
        1.1814786636755168,
        1.2890371045220037,
        1.122261907128141
    ]
}