{
    "years": [
        "2020",
        "2021",
        "2022",
        "2023"
    ],
    "revenue": [
        25694359.0,
        114850164.0,
        45876192.0,
        44751230.0
    ],
    "net_income": [
        -96433211.0,
        -81106760.0,
        -79485966.0,
        -83064682.0
    ],
    "roa": [
        -0.06553091133206046,
        -0.05326062928709458,
        -0.054440476493368056,
        -0.057038415686550686
    ],
    "roe": [
        -0.24149524237032108,
        -0.2548840088601862,
        -0.33296107019227933,
        -0.533629557921504
    ],
    "debt_ratio": [
        0.7286451248941292,
        0.7910397379369919,
        0.836495970949608,
        0.8931123382506841
    ],
    "current_ratio": [
        1.294531818090718,
        0.7150060682537104,
        0.3385544504192559,
        0.20981140883078706
    ]
}