{
    "years": [
        "2021",
        "2022",
        "2023",
        "2024"
    ],
    "revenue": [
        24801053.0,
        24933253.0,
        50858230.0,
        55840515.0
    ],
    "net_income": [
        -9982610.0,
        -10256704.0,
        -4580877.0,
        20016.0
    ],
    "roa": [
        -0.21120259090941595,
        -0.23920874358027716,
        -0.11122374878481575,
        0.00046649020863480926
    ],
    "roe": [
        -0.23760309825789638,
        -0.32451455325408396,
        -0.170349008788326,
        0.000747511404347838
    ],
    "debt_ratio": [
        0.11111179753988347,
        0.26287206172542654,
        0.34708308797369486,
        0.37594235228852996
    ],
    "current_ratio": [
        2.7157818632023067,
        1.3848503426968262,
        1.361334389603519,
        1.4489853068917233
    ]
}