{
    "years": [
        "2021",
        "2022",
        "2023",
        "2024"
    ],
    "revenue": [
        348107053.0,
        338061552.0,
        332278418.0,
        419309645.0
    ],
    "net_income": [
        21697184.0,
        18621365.0,
        19420087.0,
        21751243.0
    ],
    "roa": [
        0.0696869383320791,
        0.06021825966755199,
        0.06682535495391136,
        0.07037269582588586
    ],
    "roe": [
        0.10256593282121206,
        0.08854754047609863,
        0.09256052321760462,
        0.10232146612495682
    ],
    "debt_ratio": [
        0.32056447579379027,
        0.3199330061143085,
        0.2780361148477015,
        0.3122391762844225
    ],
    "current_ratio": [
        2.015642640975967,
        2.106295972085993,
        2.440286419473536,
        2.327253474970314
    ]
}