{
    "years": [
        "2022",
        "2023",
        "2024"
    ],
    "revenue": [
        423088812.0,
        406678146.0,
        398361765.0
    ],
    "net_income": [
        146199904.0,
        134684446.0,
        127532729.0
    ],
    "roa": [
        0.09220759911263057,
        0.08435295299859491,
        0.07879055869052476
    ],
    "roe": [
        0.10812652980743089,
        0.09485741466865388,
        0.08819420333890245
    ],
    "debt_ratio": [
        0.14722502167739324,
        0.11073948944056798,
        0.10662429380128818
    ],
    "current_ratio": [
        1.2334066084111341,
        1.8218519795072317,
        2.1041926265504274
    ]
}