{
    "years": [
        "2021",
        "2022",
        "2023",
        "2024"
    ],
    "revenue": [
        124671211.0,
        146056335.0,
        142471819.0,
        156614474.0
    ],
    "net_income": [
        14183461.0,
        14515161.0,
        14804003.0,
        15451586.0
    ],
    "roa": [
        0.12440821838380565,
        0.12913344545829408,
        0.12706591069846684,
        0.12691482075618554
    ],
    "roe": [
        0.20897902543796024,
        0.21934992445621015,
        0.23028131476417613,
        0.2362951560336095
    ],
    "debt_ratio": [
        0.40468562276486053,
        0.4112902214193668,
        0.44821441188751654,
        0.46289706955256515
    ],
    "current_ratio": [
        1.64162806095138,
        1.6973023185187541,
        1.665292649905581,
        1.6948668238749758
    ]
}