{
    "years": [
        "2021",
        "2022",
        "2023",
        "2024"
    ],
    "revenue": [
        328406493.0,
        397881872.0,
        344150882.0,
        296141935.0
    ],
    "net_income": [
        96724707.0,
        153663850.0,
        96995724.0,
        70312807.0
    ],
    "roa": [
        0.062396749436184555,
        0.10080171044317124,
        0.07150538302210016,
        0.05510390936339157
    ],
    "roe": [
        0.11787525811469322,
        0.16670345401998307,
        0.10718635987120896,
        0.07757859321803832
    ],
    "debt_ratio": [
        0.4706543982667491,
        0.3953232040945718,
        0.3328872898751455,
        0.28970213202346407
    ],
    "current_ratio": [
        1.6136725477738256,
        1.9914744319942208,
        1.74765425509847,
        1.3990283383616202
    ]
}