{
    "years": [
        "2021",
        "2022",
        "2023",
        "2024"
    ],
    "revenue": [
        7305593.0,
        7388386.0,
        7706414.0,
        11150559.0
    ],
    "net_income": [
        114529.0,
        1870565.0,
        2665238.0,
        2161232.0
    ],
    "roa": [
        0.002825890883882135,
        0.045964986930228435,
        0.0637737992914586,
        0.04981609668586797
    ],
    "roe": [
        0.003041381607125961,
        0.049287533345987886,
        0.06876015814817282,
        0.053193531159867136
    ],
    "debt_ratio": [
        0.07085290538317544,
        0.06741149719211728,
        0.07251814118823022,
        0.06349333086853488
    ],
    "current_ratio": [
        14.91030569276748,
        13.184105494385797,
        12.124564267194883,
        11.923314547648836
    ]
}