{
    "years": [
        "2022",
        "2023",
        "2024"
    ],
    "revenue": [
        289078607.0,
        311192583.0,
        339921066.0
    ],
    "net_income": [
        5418507.0,
        3118308.0,
        4800478.0
    ],
    "roa": [
        0.03562379100497842,
        0.019957584785021017,
        0.037912955861353646
    ],
    "roe": [
        0.07910624381848681,
        0.04612360037093438,
        0.07021210896700131
    ],
    "debt_ratio": [
        0.549671564652735,
        0.5673021051149847,
        0.4600225456954698
    ],
    "current_ratio": [
        0.8820327345151391,
        0.8579265167790956,
        0.9299737239484341
    ]
}