{
    "years": [
        "2021",
        "2022",
        "2023",
        "2024"
    ],
    "revenue": [
        281196576.0,
        485266529.0,
        515210692.0,
        627512823.0
    ],
    "net_income": [
        -64485401.0,
        15015018.0,
        35020619.0,
        44870618.0
    ],
    "roa": [
        -0.11410944002796382,
        0.028335696456501892,
        0.0681959616630968,
        0.08049808955566294
    ],
    "roe": [
        -0.22939052595094694,
        0.05070392873830197,
        0.10575395114857164,
        0.11932961243887301
    ],
    "debt_ratio": [
        0.5025538236380126,
        0.44115382847844326,
        0.3551450236853124,
        0.32541396967246194
    ],
    "current_ratio": [
        0.5644925839439715,
        0.8348245559256244,
        1.2152634573612766,
        1.5311754798218515
    ]
}