{
    "years": [
        "2021",
        "2022",
        "2023",
        "2024"
    ],
    "revenue": [
        564299991.0,
        628594634.0,
        610491233.0,
        639311437.0
    ],
    "net_income": [
        54393546.0,
        57585455.0,
        49391278.0,
        40994098.0
    ],
    "roa": [
        0.13783886879328014,
        0.11642119422674073,
        0.10515731930572553,
        0.10363462501750856
    ],
    "roe": [
        0.18393302625903418,
        0.19521323637594332,
        0.1618971463067136,
        0.13349585135132785
    ],
    "debt_ratio": [
        0.2506029417514139,
        0.40362038769473707,
        0.3504683578146254,
        0.22368654929382023
    ],
    "current_ratio": [
        2.849181094202898,
        2.033286720511988,
        2.3681924755118637,
        3.6575525927381953
    ]
}