{
    "years": [
        "2022",
        "2023",
        "2024"
    ],
    "revenue": [
        1936702967.0,
        1863202187.0,
        1993616249.0
    ],
    "net_income": [
        170636402.0,
        100714194.0,
        100030328.0
    ],
    "roa": [
        0.10186274212653514,
        0.06598394902420407,
        0.07515803917004912
    ],
    "roe": [
        0.21169095281873887,
        0.12067889573743691,
        0.11951948302294936
    ],
    "debt_ratio": [
        0.5188139088128368,
        0.45322710635531127,
        0.3711649576360888
    ],
    "current_ratio": [
        0.7573756766210032,
        0.754432698939674,
        0.9089110536631593
    ]
}