{
    "years": [
        "2021",
        "2022",
        "2023",
        "2024"
    ],
    "revenue": [
        101114077420.0,
        167126456808.0,
        147423365944.0,
        123027063880.0
    ],
    "net_income": [
        6683539852.0,
        14669336789.0,
        8592578972.0,
        591091587.0
    ],
    "roa": [
        0.10005948857961214,
        0.1868992718283119,
        0.09922758370282626,
        0.006687549883680978
    ],
    "roe": [
        0.17792499597480607,
        0.28656451236168134,
        0.15003971821027823,
        0.010643010026870493
    ],
    "debt_ratio": [
        0.43763107577206056,
        0.34779338066668586,
        0.3386578908142148,
        0.3716486344749401
    ],
    "current_ratio": [
        1.6534359246472503,
        2.247560630795931,
        2.4147521214031675,
        2.2359716908626805
    ]
}