{
    "years": [
        "2021",
        "2022",
        "2023",
        "2024"
    ],
    "revenue": [
        73061092.0,
        102602057.0,
        100732784.0,
        84346394.0
    ],
    "net_income": [
        1519109.0,
        2065140.0,
        2226319.0,
        1620251.0
    ],
    "roa": [
        0.07183065032714646,
        0.08207831902915841,
        0.08121676212403277,
        0.06348264829580588
    ],
    "roe": [
        0.10589972510571262,
        0.13862885154823162,
        0.14351791953846713,
        0.10546806931355285
    ],
    "debt_ratio": [
        0.321710700802644,
        0.40792758424748404,
        0.43410019887959544,
        0.3980865610891747
    ],
    "current_ratio": [
        2.9486352409838656,
        2.3361311861682683,
        2.2075418279398384,
        2.313230597763305
    ]
}