{
    "years": [
        "2021",
        "2022",
        "2023",
        "2024"
    ],
    "revenue": [
        299410632.0,
        236108188.0,
        280543354.0,
        319601712.0
    ],
    "net_income": [
        8547546.0,
        3270580.0,
        1543370.0,
        8114108.0
    ],
    "roa": [
        0.03451656448788825,
        0.013630159793117365,
        0.006661070723322915,
        0.03174266367133202
    ],
    "roe": [
        0.082323368999121,
        0.032877422446590775,
        0.015294958968349334,
        0.07771510666649108
    ],
    "debt_ratio": [
        0.5807197287047764,
        0.5854249275392711,
        0.5644924097470925,
        0.5915509219133748
    ],
    "current_ratio": [
        1.3218271873765381,
        1.3331134122812112,
        1.3975988908678223,
        1.369978883546552
    ]
}