{
    "years": [
        "2021",
        "2022",
        "2023",
        "2024"
    ],
    "revenue": [
        122078964.0,
        135823264.0,
        161559317.0,
        131474629.0
    ],
    "net_income": [
        -883203.0,
        3403901.0,
        986302.0,
        30238.0
    ],
    "roa": [
        -0.0038001410057495093,
        0.015128033641174364,
        0.0051646998658814525,
        0.00018317711615139295
    ],
    "roe": [
        -0.007963430091234973,
        0.029777477739288325,
        0.008591663296821582,
        0.0002644851056740802
    ],
    "debt_ratio": [
        0.5228009837202977,
        0.491963900582,
        0.39887077886396083,
        0.3074199180912724
    ],
    "current_ratio": [
        0.16327663669712544,
        0.2523201978308286,
        0.20534610556987132,
        0.2021257030354555
    ]
}