{
    "years": [
        "2021",
        "2022",
        "2023",
        "2024"
    ],
    "revenue": [
        1202118008.0,
        726179396.0,
        783944050.0,
        919293412.0
    ],
    "net_income": [
        45019049.0,
        15969825.0,
        15054197.0,
        15356316.0
    ],
    "roa": [
        0.05440269344410107,
        0.020760690918788967,
        0.01979114015520134,
        0.020450899929884796
    ],
    "roe": [
        0.1619504665725305,
        0.06328158969152926,
        0.060563922720367716,
        0.0609182332596998
    ],
    "debt_ratio": [
        0.6640781925766389,
        0.6719315835776491,
        0.6732189847315561,
        0.6642893459713317
    ],
    "current_ratio": [
        1.0862833330207473,
        1.0666283898810127,
        1.0642833417095179,
        1.0722352151567345
    ]
}