{
    "years": [
        "2021",
        "2022",
        "2023",
        "2024"
    ],
    "revenue": [
        19860409.0,
        21048871.0,
        50836457.0,
        40797744.0
    ],
    "net_income": [
        -1311961.0,
        19480.0,
        241848.0,
        -1049936.0
    ],
    "roa": [
        -0.0672213997489575,
        0.001046610598855756,
        0.012862438841748678,
        -0.05597114740702919
    ],
    "roe": [
        -0.07251185606853017,
        0.001075498266808042,
        0.013176580938546446,
        -0.06067434923949602
    ],
    "debt_ratio": [
        0.07295988003082848,
        0.026859799633170506,
        0.02384094161170324,
        0.07751548869361882
    ],
    "current_ratio": [
        12.74170955764878,
        35.03304882512847,
        33.69585051966101,
        10.607165650213606
    ]
}