{
    "years": [
        "2008",
        "2009",
        "2010",
        "2011"
    ],
    "revenue": [
        4238157.0,
        187762563.0,
        144604346.0,
        143599354.0
    ],
    "net_income": [
        -1500311.0,
        56943330.0,
        41594583.0,
        15815378.0
    ],
    "roa": [
        -0.007528541206525615,
        0.23866398333617597,
        0.13083338338257136,
        0.03502798002055317
    ],
    "roe": [
        -0.019460011532465904,
        0.4522815435537859,
        0.17420682725389877,
        0.0564945768913626
    ],
    "debt_ratio": [
        0.6131276081740521,
        0.47231102675364034,
        0.24897671667088292,
        0.3799762393492929
    ],
    "current_ratio": [
        0.3903790818271375,
        1.1765075549346329,
        2.535922170422161,
        0.9756792077021217
    ]
}