{
    "years": [
        "2021",
        "2022",
        "2023",
        "2024"
    ],
    "revenue": [
        7946187.0,
        13574426.0,
        46788919.0,
        17491992.0
    ],
    "net_income": [
        -7699355.0,
        -6896568.0,
        -8109780.0,
        -10234604.0
    ],
    "roa": [
        -0.10755055428726067,
        -0.09603762805314381,
        -0.12538785091422283,
        -0.17988179682908587
    ],
    "roe": [
        -0.20273678084951194,
        -0.2218934919809773,
        -0.3530480847993135,
        -0.8035871445265197
    ],
    "debt_ratio": [
        0.469506451485517,
        0.567190424578216,
        0.6448420022289648,
        0.7761514752266554
    ],
    "current_ratio": [
        0.39676779800977935,
        0.32714369084449346,
        0.29508301984300855,
        0.16215289156503077
    ]
}