{
    "years": [
        "2020",
        "2021",
        "2022",
        "2023"
    ],
    "revenue": [
        750176815.0,
        1212906923.0,
        513491555.0,
        779821403.0
    ],
    "net_income": [
        80929781.0,
        127217721.0,
        70744270.0,
        71821405.0
    ],
    "roa": [
        0.04733954749257637,
        0.0666284780151096,
        0.04423170001614329,
        0.04928036427969404
    ],
    "roe": [
        0.06616216996710142,
        0.09975686099629352,
        0.05691495389886618,
        0.05975255292946402
    ],
    "debt_ratio": [
        0.28449221789255763,
        0.3320912732249545,
        0.22284572004152262,
        0.17525926736774017
    ],
    "current_ratio": [
        5.469770196787336,
        2.551556683266321,
        4.914155037668733,
        5.9752409254125105
    ]
}