{
    "years": [
        "2021",
        "2022",
        "2023",
        "2024"
    ],
    "revenue": [
        2979817834.0,
        3231367430.0,
        2725163163.0,
        2749298770.0
    ],
    "net_income": [
        50015598.0,
        53929808.0,
        -96254665.0,
        -201794899.0
    ],
    "roa": [
        0.016356629258701037,
        0.016221674335886303,
        -0.027512481504201533,
        -0.065216307235339
    ],
    "roe": [
        0.03477457539607375,
        0.0379290929055712,
        -0.07589851267383331,
        -0.18922871984650047
    ],
    "debt_ratio": [
        0.5296382753088109,
        0.5723157847124895,
        0.6375096094117967,
        0.6553572455162118
    ],
    "current_ratio": [
        0.3611154536766624,
        0.5265758507864825,
        0.4533081600023389,
        0.3726338795868823
    ]
}