{
    "years": [
        "2022",
        "2023",
        "2024"
    ],
    "revenue": [
        162761152.0,
        232433439.0,
        276517720.0
    ],
    "net_income": [
        17701097.0,
        49421454.0,
        46978751.0
    ],
    "roa": [
        0.03759404821409307,
        0.09721551254279265,
        0.09292113566231155
    ],
    "roe": [
        0.048440273209087246,
        0.12742659595085412,
        0.12058315925527073
    ],
    "debt_ratio": [
        0.22390924485866562,
        0.23708616857122422,
        0.22940204721622484
    ],
    "current_ratio": [
        4.896989264496679,
        3.6687658237317233,
        3.95285896287921
    ]
}