{
    "years": [
        "2021",
        "2022",
        "2023",
        "2024"
    ],
    "revenue": [
        88541789.0,
        80653331.0,
        103096032.0,
        106753894.0
    ],
    "net_income": [
        6610829.0,
        6984590.0,
        8539515.0,
        11765840.0
    ],
    "roa": [
        0.09214121584308488,
        0.0923356660485212,
        0.0965100350934486,
        0.10410990637457981
    ],
    "roe": [
        0.12351144402083401,
        0.1277656507612783,
        0.14758366840386888,
        0.18420077825965409
    ],
    "debt_ratio": [
        0.25398640932784805,
        0.27730445938835063,
        0.3460656173056706,
        0.4348020276666592
    ],
    "current_ratio": [
        3.4336932961897113,
        3.080230923082625,
        2.56319497474069,
        2.0466587931490547
    ]
}