{
    "years": [
        "2021",
        "2022",
        "2023",
        "2024"
    ],
    "revenue": [
        320676359.0,
        801490687.0,
        943313077.0,
        1183645196.0
    ],
    "net_income": [
        -23779654.0,
        18617128.0,
        30413620.0,
        26566431.0
    ],
    "roa": [
        -0.0775190666427747,
        0.04812426018861416,
        0.06604158504737642,
        0.055166639181738725
    ],
    "roe": [
        -0.13504877302315507,
        0.09589779587408764,
        0.13578435293072091,
        0.11313183055455245
    ],
    "debt_ratio": [
        0.4259920700687631,
        0.49817136306447973,
        0.5136289003706357,
        0.5123685446322092
    ],
    "current_ratio": [
        1.1795107729194665,
        1.275557723899296,
        1.4138980047637015,
        1.4261782188791268
    ]
}