{
    "years": [
        "2020",
        "2021",
        "2022",
        "2023"
    ],
    "revenue": [
        34485238420.0,
        36827961500.0,
        40688247070.0,
        40080480186.0
    ],
    "net_income": [
        1604306640.0,
        2003419190.0,
        1625606380.0,
        1859989244.0
    ],
    "roa": [
        0.010892648787329678,
        0.011819294745039245,
        0.008060965617658076,
        0.008412373416466924
    ],
    "roe": [
        0.07698924674338922,
        0.09013679671540376,
        0.07572865307149476,
        0.08356113540526178
    ],
    "debt_ratio": [
        0.8585172702931402,
        0.8688738098563978,
        0.8935546151857766,
        0.8993267219782511
    ],
    "current_ratio": [
        4.50835283514106,
        4.636114153556287,
        3.646837215807645,
        3.970999091044879
    ]
}