{
    "years": [
        "2020",
        "2021",
        "2022",
        "2023"
    ],
    "revenue": [
        312078816.0,
        599622251.0,
        1158344511.0,
        1035173222.0
    ],
    "net_income": [
        6592585.0,
        23043166.0,
        144087002.0,
        55593081.0
    ],
    "roa": [
        0.017552212586484234,
        0.04452302072934443,
        0.07893190193436042,
        0.03778070591885847
    ],
    "roe": [
        0.024719553021949548,
        0.07773788598397328,
        0.15605008996519817,
        0.05714800553843785
    ],
    "debt_ratio": [
        0.2899461988289645,
        0.4272674106609556,
        0.49418868036562114,
        0.338897209746942
    ],
    "current_ratio": [
        2.993544697746272,
        2.050064283431635,
        2.879672235936712,
        2.7006888464714343
    ]
}