{
    "years": [
        "2020",
        "2021",
        "2022",
        "2023"
    ],
    "revenue": [
        24932037.0,
        46793325.0,
        50825368.0,
        49378345.0
    ],
    "net_income": [
        -3977186.0,
        3547422.0,
        21250188.0,
        16907555.0
    ],
    "roa": [
        -0.030003511687582772,
        0.03023535719528086,
        0.18749735465631442,
        0.1560525136251653
    ],
    "roe": [
        -0.07890189098970642,
        0.0657488292790543,
        0.2825659945990348,
        0.184151527280216
    ],
    "debt_ratio": [
        0.6197364687812482,
        0.5401384704972537,
        0.33644756184347,
        0.15258637313549694
    ],
    "current_ratio": [
        0.46087824863051413,
        0.587170053882304,
        1.2540913793648316,
        0.9528676328929051
    ]
}