{
    "years": [
        "2021",
        "2022",
        "2023",
        "2024"
    ],
    "revenue": [
        1138320050.0,
        855266060.0,
        870493836.0,
        990555836.0
    ],
    "net_income": [
        282944320.0,
        146887890.0,
        195723440.0,
        199953862.0
    ],
    "roa": [
        0.04947186625445473,
        0.03807703083879929,
        0.033669649204934204,
        0.036621303510427236
    ],
    "roe": [
        0.13194250319449963,
        0.0673507307842668,
        -0.15732181553183705,
        0.08668188266522117
    ],
    "debt_ratio": [
        0.6250498129361161,
        0.43464561712381417,
        1.2140176751146157,
        0.5775206723201389
    ],
    "current_ratio": [
        1.6014405782778467,
        2.20228896965237,
        0.8055003946574953,
        1.6290558078181354
    ]
}