{
    "years": [
        "2021",
        "2022",
        "2023",
        "2024"
    ],
    "revenue": [
        29798147.0,
        32055721.0,
        35334528.0,
        37002849.0
    ],
    "net_income": [
        1477955.0,
        1431363.0,
        794671.0,
        980762.0
    ],
    "roa": [
        0.03691005208446626,
        0.03579190716408518,
        0.019749546137774056,
        0.018734458540849666
    ],
    "roe": [
        0.04176441311032191,
        0.0404166735257818,
        0.02282856041872101,
        0.028447653115462122
    ],
    "debt_ratio": [
        0.11623199428261369,
        0.11442718952974884,
        0.13487553417612572,
        0.3414409805683779
    ],
    "current_ratio": [
        3.3067731538678946,
        3.709713542486409,
        3.1514084693290774,
        1.7050264863772124
    ]
}