{
    "years": [
        "2021",
        "2022",
        "2023",
        "2024"
    ],
    "revenue": [
        3135285986.0,
        3483746675.0,
        3525936182.0,
        3958997823.0
    ],
    "net_income": [
        755142495.0,
        746559671.0,
        681981565.0,
        660580621.0
    ],
    "roa": [
        0.08322180385859651,
        0.0747509594381889,
        0.05626111999850287,
        0.04652131708935251
    ],
    "roe": [
        0.19237650380330676,
        0.16451878537299786,
        0.1373922034090389,
        0.1198282539374577
    ],
    "debt_ratio": [
        0.5674014122655763,
        0.5456387593142441,
        0.5905071859790735,
        0.6117667114332358
    ],
    "current_ratio": [
        1.3539982040106253,
        1.4007872099523553,
        1.1346274851275207,
        1.316561378583635
    ]
}