{
    "years": [
        "2021",
        "2022",
        "2023",
        "2024"
    ],
    "revenue": [
        628981912.0,
        680529275.0,
        682500957.0,
        744580342.0
    ],
    "net_income": [
        198823668.0,
        191660811.0,
        232482313.0,
        254721615.0
    ],
    "roa": [
        0.17047961663753197,
        0.17034825921498548,
        0.2086836063168646,
        0.2019952722557681
    ],
    "roe": [
        0.20745627676685177,
        0.18265587856144708,
        0.2225387689635404,
        0.2387245678375846
    ],
    "debt_ratio": [
        0.17823832908596804,
        0.0673814576535582,
        0.06225954565671997,
        0.15385637060532936
    ],
    "current_ratio": [
        1.6083401018203638,
        3.1310005104633047,
        3.6497550434179784,
        1.9326276192885632
    ]
}