{
    "years": [
        "2022",
        "2023",
        "2024"
    ],
    "revenue": [
        214861129.0,
        217191880.0,
        170165944.0
    ],
    "net_income": [
        1555951.0,
        1203613.0,
        570037.0
    ],
    "roa": [
        0.014371138298807264,
        0.010563475926694306,
        0.005836145712260367
    ],
    "roe": [
        0.027957409892954786,
        0.021764368143240256,
        0.010427171665103912
    ],
    "debt_ratio": [
        0.4859631720594845,
        0.5146435744345194,
        0.4402944633786072
    ],
    "current_ratio": [
        1.9670501593638385,
        1.852715145924292,
        2.1858951997294835
    ]
}