{
    "years": [
        "2021",
        "2022",
        "2023",
        "2024"
    ],
    "revenue": [
        346648792.0,
        361366933.0,
        305885815.0,
        365016149.0
    ],
    "net_income": [
        8103445.0,
        8332036.0,
        6589482.0,
        7821117.0
    ],
    "roa": [
        0.036507731120363984,
        0.04087222441293303,
        0.03978634009822311,
        0.04393207204543078
    ],
    "roe": [
        0.11002021678481232,
        0.11638196137677645,
        0.09553545277491125,
        0.11140265539163123
    ],
    "debt_ratio": [
        0.6681725214942161,
        0.6488096271155565,
        0.5835437113386301,
        0.6056460962174602
    ],
    "current_ratio": [
        1.1960778202983198,
        1.2893288910465694,
        1.438443671028821,
        1.4026112169115623
    ]
}