{
    "years": [
        "2021",
        "2022",
        "2023",
        "2024"
    ],
    "revenue": [
        881942578.0,
        788942500.0,
        986064221.0,
        943790940.0
    ],
    "net_income": [
        43220043.0,
        15649343.0,
        14631908.0,
        3750425.0
    ],
    "roa": [
        0.027489276699512854,
        0.008486353620473338,
        0.008092987117245798,
        0.0020021381522746344
    ],
    "roe": [
        0.12524718907856724,
        0.03702241662096473,
        0.03345569402023726,
        0.008527286948762145
    ],
    "debt_ratio": [
        0.7805198112488665,
        0.7707779665666731,
        0.7580983639929761,
        0.7652080709486067
    ],
    "current_ratio": [
        1.2821994874461604,
        1.43156104290222,
        1.2185726606576883,
        1.363308326951812
    ]
}