{
    "years": [
        "2021",
        "2022",
        "2023",
        "2024"
    ],
    "revenue": [
        1885076173.0,
        2726045207.0,
        2628515316.0,
        3265161158.0
    ],
    "net_income": [
        61753623.0,
        154772117.0,
        128350934.0,
        178686108.0
    ],
    "roa": [
        0.007907124319021297,
        0.018712373839259305,
        0.013362430472787056,
        0.018990541123224135
    ],
    "roe": [
        0.04822214963147324,
        0.06207344949863226,
        0.0342923724743791,
        0.04558161233206825
    ],
    "debt_ratio": [
        0.8360271290382182,
        0.6985446436375086,
        0.610338115778646,
        0.5833727647702442
    ],
    "current_ratio": [
        1.119497304878636,
        1.5141457836333942,
        1.9104513453199765,
        1.810747323722452
    ]
}