{
    "years": [
        "2021",
        "2022",
        "2023",
        "2024"
    ],
    "revenue": [
        338073532.0,
        1047869363.0,
        1249444244.0,
        1149942878.0
    ],
    "net_income": [
        16624128.0,
        28446878.0,
        10913032.0,
        21858532.0
    ],
    "roa": [
        0.018496491816969246,
        0.020815046612916412,
        0.008224261665663837,
        0.01834401534452209
    ],
    "roe": [
        0.023515742703792007,
        0.03741479860051139,
        0.013167365252084987,
        0.025723412140494364
    ],
    "debt_ratio": [
        0.2134421587294109,
        0.4436680834456795,
        0.375405670898241,
        0.2868747254706332
    ],
    "current_ratio": [
        5.306431968723915,
        2.201892534670024,
        2.526571862837971,
        3.0938293137763315
    ]
}