{
    "years": [
        "2020",
        "2021",
        "2022",
        "2023"
    ],
    "revenue": [
        2240874427.0,
        2246610281.0,
        2401635347.0,
        2170255670.0
    ],
    "net_income": [
        63736320.0,
        67879276.0,
        61270947.0,
        9689959.0
    ],
    "roa": [
        0.03437552651013854,
        0.038392055079218765,
        0.03209816880461745,
        0.005107668901016306
    ],
    "roe": [
        0.10951130495628159,
        0.11206220455082269,
        0.09614952404296716,
        0.01691682685898723
    ],
    "debt_ratio": [
        0.6861006585223167,
        0.6574040709523332,
        0.666164038521153,
        0.6980716925465956
    ],
    "current_ratio": [
        0.7730425259889269,
        0.8061650043250309,
        0.8372461237350612,
        0.81556226929508
    ]
}