{
    "years": [
        "2021",
        "2022",
        "2023",
        "2024"
    ],
    "revenue": [
        53351062.0,
        74995840.0,
        59082598.0,
        38371820.0
    ],
    "net_income": [
        5306750.0,
        6276902.0,
        3093244.0,
        -661573.0
    ],
    "roa": [
        0.03412014304979678,
        0.039859483379882196,
        0.020341605615481692,
        -0.00446650162935731
    ],
    "roe": [
        0.035746163259738076,
        0.041932119262955043,
        0.021067962836048282,
        -0.004619213077118159
    ],
    "debt_ratio": [
        0.045487964627877395,
        0.04942835991845322,
        0.034476860730158425,
        0.03306005702948061
    ],
    "current_ratio": [
        13.64647920724741,
        12.023689790990922,
        20.826642941303774,
        24.71649803773023
    ]
}