{
    "years": [
        "2021",
        "2022",
        "2023",
        "2024"
    ],
    "revenue": [
        519482153.0,
        657022544.0,
        612296636.0,
        591753293.0
    ],
    "net_income": [
        57251128.0,
        106050407.0,
        114408909.0,
        30921886.0
    ],
    "roa": [
        0.37496002988460975,
        0.455111872463217,
        0.39157822647817114,
        0.11454098540267142
    ],
    "roe": [
        0.47918292526012696,
        0.5461047711448471,
        0.43171305111865216,
        0.12886894896436568
    ],
    "debt_ratio": [
        0.21750127118769783,
        0.1666216877960501,
        0.09296643809234836,
        0.11118243515477236
    ],
    "current_ratio": [
        3.033738227015667,
        4.858710991655727,
        9.435654535330274,
        8.135746114741224
    ]
}