{
    "years": [
        "2021",
        "2022",
        "2023",
        "2024"
    ],
    "revenue": [
        821128883.0,
        692691084.0,
        570631902.0,
        684349494.0
    ],
    "net_income": [
        28464155.0,
        31939352.0,
        24731683.0,
        32879902.0
    ],
    "roa": [
        0.07485525485656061,
        0.07731514838985493,
        0.05697860621741785,
        0.0734918399093691
    ],
    "roe": [
        0.2120601332331457,
        0.21880036355301677,
        0.1621422071336864,
        0.18951934166502346
    ],
    "debt_ratio": [
        0.647009300073096,
        0.646640676759566,
        0.6485886850520115,
        0.6122198438232951
    ],
    "current_ratio": [
        1.2034507320753123,
        1.2142568991187572,
        1.2226649316124683,
        1.329229027049911
    ]
}