{
    "years": [
        "2021",
        "2022",
        "2023",
        "2024"
    ],
    "revenue": [
        2892446834.0,
        2131189046.0,
        2616360392.0,
        2188112422.0
    ],
    "net_income": [
        341228014.0,
        7749225.0,
        1388354.0,
        -160349498.0
    ],
    "roa": [
        0.18621069103294952,
        0.0039014510126261924,
        0.0007080760145622911,
        -0.08155038961686469
    ],
    "roe": [
        0.7811627018042958,
        0.017521358744834976,
        0.003164978613026681,
        -0.5785647013601126
    ],
    "debt_ratio": [
        0.7616236789047299,
        0.7773317087194348,
        0.7762777885297761,
        0.8590470704051719
    ],
    "current_ratio": [
        0.5524606477655083,
        0.6274257990143735,
        0.6660221732185211,
        0.6206377236054045
    ]
}