{
    "years": [
        "2021",
        "2022"
    ],
    "revenue": [
        240578012.0,
        297330239.0
    ],
    "net_income": [
        49938962.0,
        54978715.0
    ],
    "roa": [
        0.21940980321672968,
        0.22811260661547
    ],
    "roe": [
        0.30572749139092,
        0.25664235271308
    ],
    "debt_ratio": [
        0.2823353823415891,
        0.11116538558819078
    ],
    "current_ratio": [
        2.593822937681488,
        6.874904679840528
    ]
}