{
    "years": [
        "2021",
        "2022",
        "2023",
        "2024"
    ],
    "revenue": [
        5664205840.0,
        6436694928.0,
        5613268323.0,
        10161129014.0
    ],
    "net_income": [
        467005643.0,
        222657534.0,
        220414299.0,
        229481493.0
    ],
    "roa": [
        0.038844682015966886,
        0.01428836706317008,
        0.014743058969457152,
        0.013718397217540918
    ],
    "roe": [
        0.21155802670827745,
        0.053498402222223976,
        0.05189331734806422,
        0.05027667976448031
    ],
    "debt_ratio": [
        0.8163875763998746,
        0.7329197420921386,
        0.715896772014574,
        0.7271419417152373
    ],
    "current_ratio": [
        1.4848465061485672,
        1.7205309163790683,
        1.3487106614483335,
        1.2403626017509315
    ]
}