{
    "years": [
        "2021",
        "2022",
        "2023",
        "2024"
    ],
    "revenue": [
        163612494.0,
        626410537.0,
        1413416352.0,
        937569679.0
    ],
    "net_income": [
        19797461.0,
        18444214.0,
        55553417.0,
        36793052.0
    ],
    "roa": [
        0.022924961850837144,
        0.012742811933936303,
        0.03388050591206792,
        0.020157239360438527
    ],
    "roe": [
        0.051084288511852025,
        0.022181961459156848,
        0.06328654116331059,
        0.04284670586744788
    ],
    "debt_ratio": [
        0.5512326290789321,
        0.4255326808046548,
        0.4646491135510242,
        0.529549846310293
    ],
    "current_ratio": [
        1.352575175572899,
        1.773476306570236,
        1.6615841882738789,
        1.5092965592737502
    ]
}