{
    "years": [
        "2021",
        "2022",
        "2023",
        "2024"
    ],
    "revenue": [
        957305229.0,
        1325161025.0,
        1249727135.0,
        1309049865.0
    ],
    "net_income": [
        17774962.0,
        43442248.0,
        3712950.0,
        9359075.0
    ],
    "roa": [
        0.022761771159550335,
        0.04286148080708684,
        0.0037721517681016965,
        0.01161491909223767
    ],
    "roe": [
        0.0766899648185814,
        0.17263149133937047,
        0.015390151564734424,
        0.03660591974894431
    ],
    "debt_ratio": [
        0.703197527689629,
        0.7517169059101338,
        0.7548983353259919,
        0.6827038038684266
    ],
    "current_ratio": [
        1.0865077481007581,
        1.064956935628752,
        1.2228820577674844,
        1.3121089093781226
    ]
}