{
    "years": [
        "2021",
        "2022",
        "2023",
        "2024"
    ],
    "revenue": [
        299154974.0,
        474168351.0,
        425126764.0,
        423749900.0
    ],
    "net_income": [
        32563470.0,
        24913957.0,
        63086746.0,
        32827950.0
    ],
    "roa": [
        0.04725076872842501,
        0.03201024334694358,
        0.08051671408229841,
        0.041302568281475785
    ],
    "roe": [
        0.1162603848001461,
        0.09413777476680465,
        0.23815695799266115,
        0.12043940270506254
    ],
    "debt_ratio": [
        0.5935780807052202,
        0.6599638835075673,
        0.6619174398222724,
        0.657067642699795
    ],
    "current_ratio": [
        15.990839970521694,
        15.645544101924203,
        14.015746005220812,
        12.284748211833348
    ]
}