{
    "years": [
        "2021",
        "2022",
        "2023",
        "2024"
    ],
    "revenue": [
        976200355.0,
        558825317.0,
        327040439.0,
        306854288.0
    ],
    "net_income": [
        78019686.0,
        56134697.0,
        57697558.0,
        42364526.0
    ],
    "roa": [
        0.06494736524714582,
        0.04124808898100627,
        57697558.0,
        0.03743744258393831
    ],
    "roe": [
        0.13236431272822408,
        0.08771561995923008,
        -0.1273078020064806,
        0.058632278119331055
    ],
    "debt_ratio": [
        0.5093287313741547,
        0.5297520669616398,
        453213056.0,
        0.36148749827281246
    ],
    "current_ratio": [
        2.1521218191448925,
        2.242714701405476,
        3.7495976453497053,
        3.350478762191888
    ]
}