{
    "years": [
        "2021",
        "2022",
        "2023",
        "2024"
    ],
    "revenue": [
        65721290.0,
        230816592.0,
        19289817.0,
        11097868.0
    ],
    "net_income": [
        -3250217.0,
        -2211012.0,
        -979853.0,
        21545609.0
    ],
    "roa": [
        -0.08910871897743139,
        -0.05410376943883317,
        -0.03374649371267052,
        0.4078153149486919
    ],
    "roe": [
        -0.10925740381267418,
        -0.08029169804689598,
        -0.03689568139037759,
        0.44790572313577115
    ],
    "debt_ratio": [
        0.184414823454788,
        0.32615985519159435,
        0.08535382893154489,
        0.08950635394075308
    ],
    "current_ratio": [
        3.885462999231762,
        2.4542480381586316,
        24.07533694238848,
        22.278577853893125
    ]
}