{
    "years": [
        "2021",
        "2022",
        "2023",
        "2024"
    ],
    "revenue": [
        194943679.0,
        151878448.0,
        143511135.0,
        177533443.0
    ],
    "net_income": [
        43022633.0,
        14907425.0,
        14365975.0,
        16783825.0
    ],
    "roa": [
        0.13169785001510023,
        0.048458732948149126,
        0.04671335606336921,
        0.053327584968125175
    ],
    "roe": [
        0.14239208955301338,
        0.053322503358887496,
        0.05169972182147211,
        0.05983395938795396
    ],
    "debt_ratio": [
        0.07510416885856291,
        0.09121421734464955,
        0.096448599381669,
        0.10874049597223678
    ],
    "current_ratio": [
        2.3488864798553655,
        2.453463043949693,
        2.115862048381561,
        1.986521939444355
    ]
}