{
    "years": [
        "2022",
        "2023",
        "2024"
    ],
    "revenue": [
        129739185.0,
        147148915.0,
        156103579.0
    ],
    "net_income": [
        1001359.0,
        6452277.0,
        3648787.0
    ],
    "roa": [
        0.0028330344916918356,
        0.018335202987188978,
        0.01010531779343651
    ],
    "roe": [
        0.003769678199316257,
        0.02424253238163762,
        0.013634449932546824
    ],
    "debt_ratio": [
        0.2484678155802024,
        0.24367625054398684,
        0.2588393486037097
    ],
    "current_ratio": [
        3.6847575247875892,
        4.555670849958409,
        2.922782833555314
    ]
}