{
    "years": [
        "2021",
        "2022",
        "2023",
        "2024"
    ],
    "revenue": [
        127359754.0,
        170374238.0,
        164119503.0,
        207868421.0
    ],
    "net_income": [
        7276461.0,
        9726699.0,
        9372520.0,
        13967434.0
    ],
    "roa": [
        0.027986840771942013,
        0.03650588841275427,
        0.03624869613263805,
        0.04976357531631488
    ],
    "roe": [
        0.1904695903519391,
        0.23965144677253525,
        0.2324587232563289,
        0.31124823107997907
    ],
    "debt_ratio": [
        0.8530639945188653,
        0.8476709032872906,
        0.8440639455260746,
        0.8401161184317623
    ],
    "current_ratio": [
        1.1383599674965565,
        1.1327197300863696,
        1.1428083917145673,
        1.1551026338985841
    ]
}