{
    "years": [
        "2021",
        "2022",
        "2023",
        "2024"
    ],
    "revenue": [
        22791131.0,
        30789399.0,
        25451191.0,
        23681228.0
    ],
    "net_income": [
        2858231.0,
        4292019.0,
        2052225.0,
        1274113.0
    ],
    "roa": [
        0.050110649151330434,
        0.07361692682353783,
        0.0372572559673562,
        0.024180902353137818
    ],
    "roe": [
        0.062155055632216204,
        0.09097966477830291,
        0.04460788199630904,
        0.028595704870648792
    ],
    "debt_ratio": [
        0.19377999678988161,
        0.19084196448815444,
        0.16478312127800743,
        0.15438691011398767
    ],
    "current_ratio": [
        3.4912751698843185,
        3.013396746754877,
        2.4904981764007172,
        2.9310740302622973
    ]
}