{
    "years": [
        "2021",
        "2022",
        "2023",
        "2024"
    ],
    "revenue": [
        116221210.0,
        124310559.0,
        123401937.0,
        130654269.0
    ],
    "net_income": [
        3590169.0,
        3617572.0,
        3926678.0,
        4115415.0
    ],
    "roa": [
        0.060973371464749036,
        0.05285217302552704,
        0.0515874484999565,
        0.05023841185379027
    ],
    "roe": [
        0.09281925846384532,
        0.09625030893273157,
        0.10431645454579025,
        0.11002144867729592
    ],
    "debt_ratio": [
        0.34309568430242093,
        0.45088827649930013,
        0.5054716082465023,
        0.5433762011156149
    ],
    "current_ratio": [
        1.5440779665409914,
        1.3922137892544941,
        1.3636804678993044,
        1.3732364665476444
    ]
}