{
    "years": [
        "2021",
        "2022",
        "2023",
        "2024"
    ],
    "revenue": [
        2484193482.0,
        3089967978.0,
        3089290342.0,
        3215977581.0
    ],
    "net_income": [
        17023676.0,
        23153332.0,
        9189180.0,
        19069738.0
    ],
    "roa": [
        0.008360094801252467,
        0.010974569499521521,
        0.0042522642457505375,
        0.008933324646293572
    ],
    "roe": [
        0.08066208188957708,
        0.11292079291314135,
        0.045130701432188294,
        0.08779477246629346
    ],
    "debt_ratio": [
        0.8963565704552843,
        0.9028117920854208,
        0.9057789019268883,
        0.8982476473787401
    ],
    "current_ratio": [
        1.0156119769581549,
        1.0243853303705917,
        1.0268293050538069,
        1.0240678950865914
    ]
}