{
    "years": [
        "2020",
        "2021",
        "2022",
        "2023"
    ],
    "revenue": [
        162300824.0,
        139747162.0,
        60131224.0,
        115802028.0
    ],
    "net_income": [
        731123.0,
        508973.0,
        427772.0,
        1257458.0
    ],
    "roa": [
        0.008460408955966652,
        0.009669924413467548,
        0.008213443229920058,
        0.013313913041139703
    ],
    "roe": [
        0.028517147565218882,
        0.02053795924899392,
        0.01704022644987541,
        0.04827731940627242
    ],
    "debt_ratio": [
        0.7033220473184547,
        0.5291681955235527,
        0.5179968262698699,
        0.7242201264511405
    ],
    "current_ratio": [
        1.3927606010026363,
        1.8451697361730752,
        1.8936562514224409,
        1.368352454188981
    ]
}