{
    "years": [
        "2020",
        "2021",
        "2022",
        "2023"
    ],
    "revenue": [
        108020964.0,
        100901090.0,
        125879329.0,
        95949767.0
    ],
    "net_income": [
        3357839.0,
        5297822.0,
        1779019.0,
        -11249128.0
    ],
    "roa": [
        0.019018480522842305,
        0.02901513501212907,
        0.008955422216666127,
        -0.06658393321870262
    ],
    "roe": [
        0.03984377170161318,
        0.061194887534791326,
        0.020135589506379992,
        -0.15242133900480417
    ],
    "debt_ratio": [
        0.5226736899992755,
        0.5258568782296887,
        0.5552441008082436,
        0.5631587174509473
    ],
    "current_ratio": [
        1.7173309480456442,
        1.722056537445278,
        1.6577930921272734,
        1.6289387610834452
    ]
}