{
    "years": [
        "2020",
        "2021",
        "2022",
        "2023"
    ],
    "revenue": [
        148085323.0,
        122396714.0,
        153743359.0,
        96348660.0
    ],
    "net_income": [
        4859816.0,
        2634486.0,
        2298229.0,
        -20606463.0
    ],
    "roa": [
        0.015319329389438061,
        0.008257441960774287,
        0.007716060454862907,
        -0.08698627151421325
    ],
    "roe": [
        0.03724770659640165,
        0.020855690945469293,
        0.018179423552165654,
        -0.20067339476479942
    ],
    "debt_ratio": [
        0.5887175133913346,
        0.6040676867352535,
        0.5755607743709938,
        0.5665281308657479
    ],
    "current_ratio": [
        1.7888416704487595,
        1.7331693941462205,
        1.705281925861735,
        1.7622176454205565
    ]
}