{
    "years": [
        "2021",
        "2022",
        "2023",
        "2024"
    ],
    "revenue": [
        111447960.0,
        186527068.0,
        89692936.0,
        94883175.0
    ],
    "net_income": [
        2829110.0,
        1108.0,
        108347.0,
        16768.0
    ],
    "roa": [
        0.024101710135138375,
        5.057982187941398e-06,
        0.0004895936485234279,
        7.482704134141822e-05
    ],
    "roe": [
        0.024420387294009763,
        5.069642590792162e-06,
        0.0004954949458847829,
        7.667791611446952e-05
    ],
    "debt_ratio": [
        0.013049635742245495,
        0.002300044360512373,
        0.01190990424900789,
        0.02413830300615095
    ],
    "current_ratio": [
        30.89776236230198,
        297.0152883712714,
        38.0050215126382,
        19.169462328219474
    ]
}