{
    "years": [
        "2021",
        "2022",
        "2023",
        "2024"
    ],
    "revenue": [
        901810534.0,
        2549015672.0,
        1393477022.0,
        1307939076.0
    ],
    "net_income": [
        82140071.0,
        310615311.0,
        121198197.0,
        165960970.0
    ],
    "roa": [
        0.01165098847004284,
        0.0439934658176696,
        0.01285943317945413,
        0.018527426571666655
    ],
    "roe": [
        0.023240487938721043,
        0.08351771330372776,
        0.019403956155236605,
        0.02629167406345388
    ],
    "debt_ratio": [
        0.49867711466457226,
        0.47324388950067214,
        0.33727776559710915,
        0.29531202437123366
    ],
    "current_ratio": [
        1.1694605611999902,
        1.5090996789932987,
        2.327151871135973,
        2.5387152170007585
    ]
}