{
    "years": [
        "2021",
        "2022",
        "2023",
        "2024"
    ],
    "revenue": [
        29881583.0,
        97793150.0,
        93726779.0,
        85209344.0
    ],
    "net_income": [
        127904.0,
        992767.0,
        111578.0,
        65112.0
    ],
    "roa": [
        0.0017260267010814022,
        0.013221627465972755,
        0.001342895446650723,
        0.0009055766397498967
    ],
    "roe": [
        0.0019310370774548568,
        0.014767016540173525,
        0.0016565596357237566,
        0.0009657615490060578
    ],
    "debt_ratio": [
        0.10616594511155741,
        0.10465140808886848,
        0.1893467535420134,
        0.06231860164458014
    ],
    "current_ratio": [
        6.546540650266993,
        1.3345260156697996,
        1.1697447041206053,
        4.999639571601278
    ]
}