{
    "years": [
        "2021",
        "2022",
        "2023",
        "2024"
    ],
    "revenue": [
        3999000.0,
        2715630.0,
        2965577.0,
        1363076.0
    ],
    "net_income": [
        137098.0,
        -844281.0,
        1625967.0,
        624102.0
    ],
    "roa": [
        0.006636359697879068,
        -0.04361467645452382,
        0.07997278115909275,
        0.03050445238451577
    ],
    "roe": [
        0.007130646744531414,
        -0.04592900368430381,
        0.08126473484243243,
        0.03084669838085255
    ],
    "debt_ratio": [
        0.0693186837549371,
        0.050389232165532656,
        0.015898085262256778,
        0.011095060875274091
    ],
    "current_ratio": [
        7.740903245805883,
        2.635003433714695,
        11.26889433170049,
        16.9811584243033
    ]
}