{
    "years": [
        "2021",
        "2022",
        "2023",
        "2024"
    ],
    "revenue": [
        351976448.0,
        450680426.0,
        456039525.0,
        293676623.0
    ],
    "net_income": [
        5898848.0,
        1323035.0,
        3535047.0,
        47032346.0
    ],
    "roa": [
        0.03209496707479705,
        0.006299311910033922,
        0.01265508479397293,
        0.19348264638147084
    ],
    "roe": [
        0.044022864836784775,
        0.009777219061481266,
        0.025453711047366392,
        0.2529793910611612
    ],
    "debt_ratio": [
        0.2709477860246153,
        0.35571537566843014,
        0.5028196568106204,
        0.23518415642524104
    ],
    "current_ratio": [
        2.320479517370483,
        1.9462286257076804,
        1.5694374724080982,
        3.228969990308304
    ]
}