{
    "years": [
        "2021",
        "2022",
        "2023",
        "2024"
    ],
    "revenue": [
        17915668.0,
        29398555.0,
        23479278.0,
        12826738.0
    ],
    "net_income": [
        -3551876.0,
        -256013.0,
        843038.0,
        1700095.0
    ],
    "roa": [
        -0.034616670678292806,
        -0.0025764168967050277,
        0.00848829931620316,
        0.01747065322914185
    ],
    "roe": [
        -0.043968172517326036,
        -0.003179224287801752,
        0.010360561648873829,
        0.020465809994866017
    ],
    "debt_ratio": [
        0.21268798095595617,
        0.1896083247129225,
        0.18071050548443768,
        0.14634929018081969
    ],
    "current_ratio": [
        0.834602641445003,
        3.1628090474080173,
        1.054923049884815,
        1.211806061396201
    ]
}