{
    "years": [
        "2021",
        "2022",
        "2023",
        "2024"
    ],
    "revenue": [
        81918359.0,
        251465615.0,
        265388269.0,
        295011145.0
    ],
    "net_income": [
        4670303.0,
        6149280.0,
        5214962.0,
        4798887.0
    ],
    "roa": [
        0.027228690466115375,
        0.026404547617044197,
        0.02126382182955044,
        0.020819695348927157
    ],
    "roe": [
        0.061261930150819446,
        0.07818356308727022,
        0.0665698615961006,
        0.06116525576677418
    ],
    "debt_ratio": [
        0.5555365232685023,
        0.6622749517367115,
        0.6805788487504382,
        0.6596156578121152
    ],
    "current_ratio": [
        1.2034000750714706,
        1.160461844447065,
        1.1623924230010743,
        1.1927985840413085
    ]
}