{
    "years": [
        "2021",
        "2022",
        "2023",
        "2024"
    ],
    "revenue": [
        380485091.0,
        274035912.0,
        153862351.0,
        116641628.0
    ],
    "net_income": [
        10732130.0,
        6056989.0,
        364493.0,
        1186649.0
    ],
    "roa": [
        0.06055400841210925,
        0.03306964849700659,
        0.0031838899933962495,
        0.009883673730597354
    ],
    "roe": [
        0.1877972892458114,
        0.07172868153574027,
        0.004429001493483124,
        0.014276501164865545
    ],
    "debt_ratio": [
        0.6775565363307828,
        0.5389619913684184,
        0.2811269090604156,
        0.3076963594608834
    ],
    "current_ratio": [
        1.2299065030182883,
        1.2440224710812635,
        1.832693849750001,
        1.9496882397984154
    ]
}