{
    "years": [
        "2021",
        "2022",
        "2023",
        "2024"
    ],
    "revenue": [
        437067883.0,
        557779966.0,
        635625303.0,
        629840477.0
    ],
    "net_income": [
        26549268.0,
        33277315.0,
        39589370.0,
        35262827.0
    ],
    "roa": [
        0.055942990350748095,
        0.062321267921226095,
        0.07297461027103957,
        0.07505698642862861
    ],
    "roe": [
        0.08810557301930275,
        0.10773037905030074,
        0.12092098048591735,
        0.10877283012570155
    ],
    "debt_ratio": [
        0.3650459507426194,
        0.421507020855023,
        0.3965099358457624,
        0.3099656748666903
    ],
    "current_ratio": [
        2.413687503804999,
        2.1653034815877055,
        2.3507821218970992,
        3.0395775747267506
    ]
}