{
    "years": [
        "2021",
        "2022",
        "2023",
        "2024"
    ],
    "revenue": [
        76842141.0,
        66733667.0,
        50542756.0,
        80379587.0
    ],
    "net_income": [
        187467.0,
        188324.0,
        241680.0,
        351171.0
    ],
    "roa": [
        0.002098897626144288,
        0.0025023137473110363,
        0.003687329867403966,
        0.004671754164127887
    ],
    "roe": [
        0.005266411150665622,
        0.005289249550576406,
        0.006777644139356978,
        0.009818049419117405
    ],
    "debt_ratio": [
        0.6014557986269248,
        0.5269057125432204,
        0.45595699750713126,
        0.5241667703330979
    ],
    "current_ratio": [
        1.4944907180933698,
        1.7017702681656257,
        1.616032846183933,
        1.5087188688392354
    ]
}