{
    "years": [
        "2020",
        "2021",
        "2022",
        "2023"
    ],
    "revenue": [
        100998196.0,
        41594694.0,
        106304364.0,
        94267289.0
    ],
    "net_income": [
        -46994680.0,
        -50406992.0,
        59489119.0,
        5487668.0
    ],
    "roa": [
        -0.1151105483478642,
        -0.15202388849482262,
        0.17661797359638276,
        0.01614002383638689
    ],
    "roe": [
        -0.1480215304995015,
        -0.19573349832517498,
        0.18385599606581282,
        0.016829743859998924
    ],
    "debt_ratio": [
        0.22233915593615705,
        0.22331185108507545,
        0.03936788913231396,
        0.04098220563245558
    ],
    "current_ratio": [
        2.753979140294108,
        2.565079823287668,
        23.27799199232738,
        21.204094602267684
    ]
}