{
    "years": [
        "2020",
        "2021",
        "2022",
        "2023"
    ],
    "revenue": [
        25610386.0,
        29583835.0,
        83224739.0,
        66138358.0
    ],
    "net_income": [
        -174896570.0,
        16548612.0,
        -6656969.0,
        -7212366.0
    ],
    "roa": [
        -0.2545757393179475,
        0.0233901786516567,
        -0.009124739856663308,
        -0.01031695501993822
    ],
    "roe": [
        -1.124465784696159,
        0.09659616810027889,
        -0.041124308366931775,
        -0.04679121095451484
    ],
    "debt_ratio": [
        0.7736029474772003,
        0.7578560401342757,
        0.7781180956224775,
        0.7795108352727352
    ],
    "current_ratio": [
        1.1357508207141418,
        0.6561989342944073,
        1.082436704805895,
        0.8756041549945988
    ]
}