{
    "years": [
        "2021",
        "2022",
        "2023",
        "2024"
    ],
    "revenue": [
        2908693563.0,
        5901690577.0,
        3195316564.0,
        3182495931.0
    ],
    "net_income": [
        -242076368.0,
        860548281.0,
        369952271.0,
        618285446.0
    ],
    "roa": [
        -0.007841756070935903,
        0.030131773557421665,
        0.0111484817167943,
        0.016860147771123143
    ],
    "roe": [
        -0.02889160612506141,
        0.10366794939161945,
        0.043496530808367025,
        0.06776187123630256
    ],
    "debt_ratio": [
        0.728580126802513,
        0.7093434013670427,
        0.7436926230758208,
        0.7511853279209543
    ],
    "current_ratio": [
        1.1461711281540452,
        0.7551084606881078,
        0.8485524555949032,
        0.9540049736986966
    ]
}