{
    "years": [
        "2021",
        "2022",
        "2023",
        "2024"
    ],
    "revenue": [
        184357266.0,
        94127076.0,
        43968131.0,
        53871900.0
    ],
    "net_income": [
        -12584727.0,
        122204.0,
        132943.0,
        63545.0
    ],
    "roa": [
        -0.037658010875618105,
        0.0004311021740338988,
        0.0004723657088625192,
        0.00022521629367742532
    ],
    "roe": [
        -0.7106737321836414,
        0.006853700383525455,
        0.007400807122918487,
        0.0035250186457926242
    ],
    "debt_ratio": [
        0.9470108304694071,
        0.9370993551060157,
        0.9361737576703333,
        0.9361091908134336
    ],
    "current_ratio": [
        0.9228163590117365,
        0.9099373831106005,
        1.0192412155301858,
        1.0191500432761413
    ]
}