{
    "years": [
        "2021",
        "2022",
        "2023",
        "2024"
    ],
    "revenue": [
        95921122.0,
        240232029.0,
        252387562.0,
        387378731.0
    ],
    "net_income": [
        -2466734.0,
        1828615.0,
        3996754.0,
        7819706.0
    ],
    "roa": [
        -0.019356864999172673,
        0.00846202906852973,
        0.01812175554078894,
        0.031613497125974416
    ],
    "roe": [
        -0.06102170754180753,
        0.04327827575235089,
        0.046404144766343365,
        0.08323356195358558
    ],
    "debt_ratio": [
        0.6827872280383044,
        0.8044739786549822,
        0.6094798076327755,
        0.6201832964495333
    ],
    "current_ratio": [
        1.2714980415340849,
        1.1548062017614584,
        1.5799698751449156,
        1.5827365314135262
    ]
}