{
    "years": [
        "2021",
        "2022",
        "2023",
        "2024"
    ],
    "revenue": [
        9366539.0,
        10698015.0,
        11112794.0,
        10553235.0
    ],
    "net_income": [
        872136.0,
        1731335.0,
        2698010.0,
        1623761.0
    ],
    "roa": [
        0.011124806463974112,
        0.021558672060463576,
        0.03299230487300651,
        0.01934795653599631
    ],
    "roe": [
        -0.05608676761910985,
        -0.1296458485187814,
        -0.253183764655959,
        -0.1797673308925367
    ],
    "debt_ratio": [
        1.198349930584762,
        1.1662889502963176,
        1.1303097175991454,
        1.1076277677369664
    ],
    "current_ratio": [
        0.167655612903875,
        0.1952267538760402,
        0.22817810374939848,
        0.23879892089946492
    ]
}