{
    "years": [
        "2021",
        "2022",
        "2023",
        "2024"
    ],
    "revenue": [
        114256685.0,
        154731928.0,
        228544906.0,
        182953363.0
    ],
    "net_income": [
        16952435.0,
        21674257.0,
        41197188.0,
        23783585.0
    ],
    "roa": [
        0.11360483284753078,
        0.12425994503056094,
        0.22181770989962962,
        0.13235831273708595
    ],
    "roe": [
        0.1742199397538407,
        0.21075341527285657,
        0.33224310371079585,
        0.19482697982652003
    ],
    "debt_ratio": [
        0.3479229013163153,
        0.4104012745431192,
        0.33236323817660657,
        0.3206366343360561
    ],
    "current_ratio": [
        2.167501587847386,
        1.815306404120902,
        2.4610031887915684,
        2.5559217292184235
    ]
}