{
    "years": [
        "2020",
        "2021",
        "2022",
        "2023"
    ],
    "revenue": [
        1044906815.0,
        761083124.0,
        1033224551.0,
        1023213883.0
    ],
    "net_income": [
        107254197.0,
        109805590.0,
        101041683.0,
        101952817.0
    ],
    "roa": [
        0.11482649939875023,
        0.12907622463829355,
        0.1104914485586875,
        0.09532308232577967
    ],
    "roe": [
        0.2231475287053706,
        0.22332740156054381,
        0.20287824091913878,
        0.2014122892365556
    ],
    "debt_ratio": [
        0.4854233875457361,
        0.4220314044029159,
        0.4553804880301279,
        0.5267265831340401
    ],
    "current_ratio": [
        1.5171027912244883,
        1.7117482091718348,
        1.6412035009098216,
        1.4931948359369023
    ]
}