{
    "years": [
        "2021",
        "2022",
        "2023",
        "2024"
    ],
    "revenue": [
        1107259094.0,
        1456082915.0,
        1310531716.0,
        1304115194.0
    ],
    "net_income": [
        152718693.0,
        169411736.0,
        155213047.0,
        122591543.0
    ],
    "roa": [
        0.03258853045659144,
        0.035679288578661296,
        0.03275262287059619,
        0.02449603628449417
    ],
    "roe": [
        0.1579043815275802,
        0.14873993077489267,
        0.11236716024117317,
        0.0832290697945313
    ],
    "debt_ratio": [
        0.7936185801728409,
        0.7601229986273197,
        0.7085213971742333,
        0.7056793216003993
    ],
    "current_ratio": [
        1.9409051477076813,
        2.0797958825110854,
        1.7281480322768565,
        1.87672148482302
    ]
}