{
    "years": [
        "2021",
        "2022",
        "2023",
        "2024"
    ],
    "revenue": [
        482091125.0,
        555279208.0,
        810343913.0,
        908245631.0
    ],
    "net_income": [
        2025281.0,
        2156097.0,
        2472567.0,
        2773997.0
    ],
    "roa": [
        0.011885166885024107,
        0.013963802426732324,
        0.01626716213115168,
        0.01394237723850474
    ],
    "roe": [
        0.024827875670962993,
        0.026470927303864595,
        0.031233422497022295,
        0.035966441899067524
    ],
    "debt_ratio": [
        0.521297470531311,
        0.4724853320611215,
        0.47917452425514534,
        0.6123503882415955
    ],
    "current_ratio": [
        1.2875712310105751,
        1.4027761249243058,
        1.4100902278203757,
        1.3273131898516044
    ]
}