{
    "years": [
        "2022",
        "2023",
        "2024"
    ],
    "revenue": [
        2304869187.0,
        2970911733.0,
        3691795748.0
    ],
    "net_income": [
        140450357.0,
        140365487.0,
        150229089.0
    ],
    "roa": [
        0.1013999259856784,
        0.08958775508918992,
        0.07683268373495729
    ],
    "roe": [
        0.16687687772917337,
        0.16030826476261942,
        0.1651225293702228
    ],
    "debt_ratio": [
        0.3923668313698819,
        0.4411532354751061,
        0.5346929093928182
    ],
    "current_ratio": [
        2.4697453318884777,
        2.1033881757836963,
        1.7969078764670883
    ]
}