{
    "years": [
        "2021",
        "2022",
        "2023",
        "2024"
    ],
    "revenue": [
        733785505.0,
        811808649.0,
        659208559.0,
        661186028.0
    ],
    "net_income": [
        54488143.0,
        56034838.0,
        47118163.0,
        38679264.0
    ],
    "roa": [
        0.17718340365056295,
        0.17552675681890217,
        0.155332145464217,
        0.12392077702906945
    ],
    "roe": [
        0.2672254024169672,
        0.27568539900618855,
        0.23949483832159316,
        0.19310580583253137
    ],
    "debt_ratio": [
        0.3369514947007415,
        0.36330775060393394,
        0.35141756476756586,
        0.35827523934449584
    ],
    "current_ratio": [
        1.2474494758126178,
        1.6271136888728994,
        1.8869384785388588,
        1.8880972122257638
    ]
}