{
    "years": [
        "2021",
        "2022",
        "2023",
        "2024"
    ],
    "revenue": [
        264280886.0,
        263727305.0,
        306291069.0,
        322588699.0
    ],
    "net_income": [
        84854029.0,
        90631796.0,
        98500288.0,
        99155142.0
    ],
    "roa": [
        0.12505182053917724,
        0.12873863460703056,
        0.14590430634382678,
        0.145450414084876
    ],
    "roe": [
        0.13089626811818947,
        0.13935319240520685,
        0.15919720340108687,
        0.1589990896006268
    ],
    "debt_ratio": [
        0.04464945917125109,
        0.0761701803523211,
        0.0834995638947847,
        0.08521228360352438
    ],
    "current_ratio": [
        11.20330176131952,
        7.15183297634868,
        6.846867031435219,
        7.205673946079678
    ]
}