{
    "years": [
        "2020",
        "2021",
        "2022",
        "2023"
    ],
    "revenue": [
        7489000361.0,
        2678653427.0,
        13227263649.0,
        17924626563.0
    ],
    "net_income": [
        46287136.0,
        28309760.0,
        338834241.0,
        179309545.0
    ],
    "roa": [
        0.0384060507081081,
        0.03595583044704697,
        0.3545122851821125,
        0.07455369556550866
    ],
    "roe": [
        0.2392329233111081,
        0.14525257880284723,
        0.6653556629368427,
        0.27817985054811273
    ],
    "debt_ratio": [
        0.8394616837158181,
        0.7524599511871649,
        0.4671837861613516,
        0.7319946235551874
    ],
    "current_ratio": [
        1.1043296767466984,
        1.1900387804523103,
        1.9881908235987953,
        1.3230771520145086
    ]
}