{
    "years": [
        "2022",
        "2023",
        "2024"
    ],
    "revenue": [
        1253770527.0,
        1304827539.0,
        1303898425.0
    ],
    "net_income": [
        30122538.0,
        48561330.0,
        53939787.0
    ],
    "roa": [
        0.059536992427767846,
        0.08426910971719623,
        0.09459220705355584
    ],
    "roe": [
        0.12325953086931367,
        0.2123825650830426,
        0.21098194129044842
    ],
    "debt_ratio": [
        0.516978589745793,
        0.6032202093225185,
        0.5516573291771194
    ],
    "current_ratio": [
        1.4965061258465275,
        1.226727959695969,
        1.119933391686041
    ]
}