{
    "years": [
        "2021",
        "2022",
        "2023",
        "2024"
    ],
    "revenue": [
        455443464.0,
        594573323.0,
        518556603.0,
        517846241.0
    ],
    "net_income": [
        166359065.0,
        183725737.0,
        181285135.0,
        198236860.0
    ],
    "roa": [
        0.07804667059687688,
        0.08394495491796145,
        0.07849021685347643,
        0.08257775617543969
    ],
    "roe": [
        0.11842172896782877,
        0.11839413388969124,
        0.1068672580672803,
        0.10922619680238925
    ],
    "debt_ratio": [
        0.34094299013249874,
        0.2909703195584535,
        0.26553541025576394,
        0.24397481013791594
    ],
    "current_ratio": [
        1.3546507765967384,
        2.8804247128070823,
        4.402270188256923,
        5.310430768998934
    ]
}