{
    "years": [
        "2021",
        "2022",
        "2023",
        "2024"
    ],
    "revenue": [
        36732938.0,
        49304199.0,
        50737981.0,
        78642081.0
    ],
    "net_income": [
        3361956.0,
        -1752114.0,
        697245.0,
        146085.0
    ],
    "roa": [
        0.0244778866520825,
        -0.011054455106658772,
        0.004755154211524171,
        0.0009185122652777855
    ],
    "roe": [
        0.05444534135222329,
        -0.029203320741554076,
        0.011487811892004535,
        0.0024011179017183167
    ],
    "debt_ratio": [
        0.5504135699374592,
        0.6214658187509089,
        0.5860696313426114,
        0.6174647381453161
    ],
    "current_ratio": [
        1.207987594536862,
        1.1041924615343566,
        1.1328520010120804,
        1.1485153801506383
    ]
}