{
    "years": [
        "2021",
        "2022",
        "2023",
        "2024"
    ],
    "revenue": [
        819486245.0,
        1011125224.0,
        959746996.0,
        771459886.0
    ],
    "net_income": [
        29412317.0,
        30945658.0,
        33094492.0,
        29986426.0
    ],
    "roa": [
        0.09920018871711737,
        0.09025734805044278,
        0.08800135479759785,
        0.08756863721569588
    ],
    "roe": [
        0.12807557080920964,
        0.1290772921707392,
        0.13910748102429452,
        0.12751991676222302
    ],
    "debt_ratio": [
        0.2254558141701126,
        0.30074960101383813,
        0.3673858936297696,
        0.3132944293009644
    ],
    "current_ratio": [
        4.059466917479137,
        3.0943232753565297,
        2.3114244122057066,
        2.9809860825350194
    ]
}