{
    "years": [
        "2021",
        "2022",
        "2023",
        "2024"
    ],
    "revenue": [
        2513046159.0,
        3219870140.0,
        3411894168.0,
        3721507572.0
    ],
    "net_income": [
        185987375.0,
        221652192.0,
        231585448.0,
        250105820.0
    ],
    "roa": [
        0.1600850182483444,
        0.15504575169867013,
        0.14326085109180328,
        0.13138234616572
    ],
    "roe": [
        0.27786502526730206,
        0.2672881282708119,
        0.23266361678410435,
        0.2121546386609064
    ],
    "debt_ratio": [
        0.4238748899961593,
        0.4199302726173445,
        0.3842576116026796,
        0.3807236693244655
    ],
    "current_ratio": [
        1.7765525621627192,
        1.7587344031431966,
        1.6869459867363925,
        1.521234961937523
    ]
}