{
    "years": [
        "2020",
        "2021",
        "2022",
        "2023"
    ],
    "revenue": [
        5182230564.0,
        6290873013.0,
        7668581526.0,
        7344139448.0
    ],
    "net_income": [
        241144680.0,
        317712334.0,
        355088777.0,
        401878449.0
    ],
    "roa": [
        0.04838884590290039,
        0.05078582675358236,
        0.054113951549784024,
        0.05863609124027532
    ],
    "roe": [
        0.1038063900470302,
        0.11811418764748832,
        0.1137105513957342,
        0.12017364638609294
    ],
    "debt_ratio": [
        0.5338548438012584,
        0.5700277183876283,
        0.5241079135967142,
        0.5120719641651735
    ],
    "current_ratio": [
        1.4534438599291593,
        1.3534679140905386,
        1.2063390246109278,
        1.1436559254603036
    ]
}