{
    "years": [
        "2021",
        "2022",
        "2023",
        "2024"
    ],
    "revenue": [
        189319042.0,
        198501399.0,
        159009333.0,
        173904126.0
    ],
    "net_income": [
        1752631.0,
        1565334.0,
        88911.0,
        1157576.0
    ],
    "roa": [
        0.01069409501994823,
        0.009348467253155331,
        0.0007642557538372883,
        0.01032387163344373
    ],
    "roe": [
        0.11065173641740182,
        0.07186065331589336,
        0.0048193963588300795,
        0.062127877774283816
    ],
    "debt_ratio": [
        0.9033535725132426,
        0.8699084015829879,
        0.8414208550336347,
        0.8338286771849621
    ],
    "current_ratio": [
        0.9382170418354028,
        0.9637579645533265,
        0.9492485268949963,
        0.9179413233154927
    ]
}