{
    "years": [
        "2021",
        "2022",
        "2023",
        "2024"
    ],
    "revenue": [
        2043784498.0,
        2436532789.0,
        1920973975.0,
        2648136725.0
    ],
    "net_income": [
        64012111.0,
        106910789.0,
        44783600.0,
        54534768.0
    ],
    "roa": [
        0.03330877593292982,
        0.0482841875184162,
        0.016309168959098817,
        0.01659410149976119
    ],
    "roe": [
        0.07341071589059406,
        0.11066445310410776,
        0.04430228793792238,
        0.04961446137958597
    ],
    "debt_ratio": [
        0.5462682044598125,
        0.563688373600936,
        0.6318662146309083,
        0.6655390174891854
    ],
    "current_ratio": [
        1.4639727852950608,
        1.3629112540764807,
        1.2389084830344073,
        1.503393234947568
    ]
}