{
    "years": [
        "2021",
        "2022",
        "2023",
        "2024"
    ],
    "revenue": [
        573814559.0,
        634158421.0,
        723287328.0,
        744403717.0
    ],
    "net_income": [
        14223414.0,
        21127756.0,
        20919463.0,
        23051781.0
    ],
    "roa": [
        0.056051815354639496,
        0.08026521318596407,
        0.07178510362116279,
        0.07675107329498145
    ],
    "roe": [
        0.10197228576753946,
        0.1414009286121993,
        0.13602821375603455,
        0.1437846797602453
    ],
    "debt_ratio": [
        0.4503230467696125,
        0.4323572414004697,
        0.47227783384769895,
        0.46620826764742584
    ],
    "current_ratio": [
        2.1247846960831716,
        2.220774972071123,
        2.0093298598100224,
        2.0454627927466453
    ]
}