{
    "years": [
        "2022",
        "2023",
        "2024"
    ],
    "revenue": [
        182472291.0,
        227424258.0,
        383208049.0
    ],
    "net_income": [
        -9361803.0,
        -7396156.0,
        25560240.0
    ],
    "roa": [
        -0.013416326663158649,
        -0.011019476603482167,
        0.03686259206129595
    ],
    "roe": [
        -0.027377541208072967,
        -0.022107393203187657,
        0.07097779387542977
    ],
    "debt_ratio": [
        0.5099513662971858,
        0.501547898379386,
        0.48064612819620767
    ],
    "current_ratio": [
        1.2593152852949436,
        1.1388142827748915,
        1.3464853526379401
    ]
}