{
    "years": [
        "2021",
        "2022",
        "2023",
        "2024"
    ],
    "revenue": [
        187443869.0,
        160239540.0,
        98101923.0,
        202066527.0
    ],
    "net_income": [
        14614866.0,
        34218.0,
        1726205.0,
        4953921.0
    ],
    "roa": [
        0.038464958826312096,
        6.870459511824717e-05,
        0.004035461641529821,
        0.008844779101895415
    ],
    "roe": [
        0.06354765868733961,
        0.00011082175973625496,
        0.006229011765238327,
        0.017667144659589205
    ],
    "debt_ratio": [
        0.3947069078411957,
        0.38004417831157483,
        0.35215058285005163,
        0.4993656715719069
    ],
    "current_ratio": [
        2.4222372788197943,
        2.4943707370174333,
        2.95794674109962,
        3.7351055229825674
    ]
}