{
    "years": [
        "2021",
        "2022",
        "2023",
        "2024"
    ],
    "revenue": [
        3861622463.0,
        4524496458.0,
        4260772905.0,
        4609119647.0
    ],
    "net_income": [
        28536552.0,
        23975746.0,
        14800745.0,
        9977715.0
    ],
    "roa": [
        0.06034968310452154,
        0.049065987738133233,
        0.027877539500475685,
        0.01985202730125273
    ],
    "roe": [
        0.11361837791880529,
        0.09572103936279998,
        0.060450267291091944,
        0.040547129777367956
    ],
    "debt_ratio": [
        0.46883871949264205,
        0.4874064462237575,
        0.5388351325853646,
        0.5103962374093008
    ],
    "current_ratio": [
        1.628602214256123,
        1.5930837525287453,
        1.4618720386857433,
        1.5056978026401147
    ]
}