{
    "years": [
        "2021",
        "2022",
        "2023",
        "2024"
    ],
    "revenue": [
        110455552.0,
        116128809.0,
        123474207.0,
        135974693.0
    ],
    "net_income": [
        9773117.0,
        9245254.0,
        11015826.0,
        14207831.0
    ],
    "roa": [
        0.028930226664206242,
        0.026545276838067934,
        0.033664865783859056,
        0.043527901681628636
    ],
    "roe": [
        0.058217636770984356,
        0.054775277961494236,
        0.06451347323326746,
        0.0814475004996515
    ],
    "debt_ratio": [
        0.5030676566619919,
        0.5153785096859087,
        0.4781730994061688,
        0.4655710560225862
    ],
    "current_ratio": [
        0.5861217874821399,
        0.6090588114130788,
        0.5101810181649885,
        0.42270340968859443
    ]
}