{
    "years": [
        "2020",
        "2021",
        "2022",
        "2023"
    ],
    "revenue": [
        1436523158.0,
        2097799555.0,
        2923640737.0,
        2047751678.0
    ],
    "net_income": [
        60144727.0,
        83524190.0,
        90878785.0,
        66951557.0
    ],
    "roa": [
        0.040293445691054225,
        0.03449154760891774,
        0.031186616603145718,
        0.01954355013878508
    ],
    "roe": [
        0.10784537001309234,
        0.06443993060608934,
        0.06514372862391306,
        0.04480842503015907
    ],
    "debt_ratio": [
        0.6263776026160174,
        0.4647488399737908,
        0.5212644829835901,
        0.5638420648431413
    ],
    "current_ratio": [
        1.0300277717847426,
        1.9291377159128102,
        1.4416551563769386,
        1.335937859323766
    ]
}