{
    "years": [
        "2021",
        "2022",
        "2023"
    ],
    "revenue": [
        16123567.0,
        9158213.0,
        12489982.0
    ],
    "net_income": [
        -800662.0,
        -1275709.0,
        -866362.0
    ],
    "roa": [
        -0.009450077469645098,
        -0.02462294511469025,
        -0.01738582466565938
    ],
    "roe": [
        -0.0459688455720261,
        -0.03974211576908489,
        -0.028542742440692718
    ],
    "debt_ratio": [
        0.7944243029806288,
        0.38043195138985864,
        0.39088457593784626
    ],
    "current_ratio": [
        0.8355651111457654,
        1.2566067842959299,
        0.9240412352757836
    ]
}