{
    "years": [
        "2021",
        "2022",
        "2023",
        "2024"
    ],
    "revenue": [
        545255665.0,
        583419812.0,
        515933133.0,
        501965988.0
    ],
    "net_income": [
        43074047.0,
        45009292.0,
        39458546.0,
        36001397.0
    ],
    "roa": [
        0.15460648337276994,
        0.12747159912311642,
        0.10773874972349971,
        0.09244094292881702
    ],
    "roe": [
        0.2661549100460535,
        0.25884382507329434,
        0.21801773578304567,
        0.18882473374595252
    ],
    "debt_ratio": [
        0.4191109104618135,
        0.5075347109902216,
        0.5058257561636501,
        0.5104404963536802
    ],
    "current_ratio": [
        1.5901571127487337,
        1.4369321466336058,
        1.428101476503236,
        1.3416343535848365
    ]
}