{
    "years": [
        "2021",
        "2022",
        "2023",
        "2024"
    ],
    "revenue": [
        3057743883.0,
        4185416900.0,
        3112008051.0,
        3517120564.0
    ],
    "net_income": [
        82295063.0,
        117610814.0,
        110268725.0,
        90989398.0
    ],
    "roa": [
        0.07330633302978623,
        0.09236837388518777,
        0.09517597286675732,
        0.06662320604362687
    ],
    "roe": [
        0.15773221056349832,
        0.20728858747418885,
        0.1829775599115482,
        0.1442065442649671
    ],
    "debt_ratio": [
        0.5352481730402474,
        0.5543972053131517,
        0.47984893386508376,
        0.5380015076069469
    ],
    "current_ratio": [
        1.4331093557961732,
        1.6187809975152654,
        1.8160992088895738,
        1.5753913289737427
    ]
}