{
    "years": [
        "2021",
        "2022",
        "2023",
        "2024"
    ],
    "revenue": [
        399435578.0,
        440324731.0,
        495852300.0,
        599109926.0
    ],
    "net_income": [
        12529755.0,
        12556962.0,
        17628636.0,
        21370612.0
    ],
    "roa": [
        0.015573151259840245,
        0.014358442346499585,
        0.01968077342943867,
        0.022763596458578367
    ],
    "roe": [
        0.0928270333846248,
        0.09181765617850716,
        0.12389479035509497,
        0.14382075953706897
    ],
    "debt_ratio": [
        0.832234741410796,
        0.8436200296968522,
        0.8411493060117251,
        0.8417224569537113
    ],
    "current_ratio": [
        0.9168163053081302,
        0.9446845030720394,
        0.9198949644632561,
        0.9227488043024116
    ]
}