{
    "years": [
        "2021",
        "2022",
        "2023",
        "2024"
    ],
    "revenue": [
        2660299646.0,
        4815945175.0,
        4342646965.0,
        4106869520.0
    ],
    "net_income": [
        40194502.0,
        1278495.0,
        34457591.0,
        26876180.0
    ],
    "roa": [
        0.07511603557638195,
        0.0024304143973316156,
        0.07029352728750905,
        0.055441451457214824
    ],
    "roe": [
        0.08511203905852252,
        0.0029408452901570075,
        0.07845809966243263,
        0.06188591974011809
    ],
    "debt_ratio": [
        0.11744523562956091,
        0.1735660473312898,
        0.1040628362151492,
        0.10413464500432362
    ],
    "current_ratio": [
        4.679747051253547,
        3.0319288779636073,
        3.9185657672896856,
        4.070531725304802
    ]
}