{
    "years": [
        "2021",
        "2022",
        "2023",
        "2024"
    ],
    "revenue": [
        0.0,
        63771330.0,
        22602665.0,
        30302374.0
    ],
    "net_income": [
        -15231511.0,
        -16405723.0,
        -15868261.0,
        -16636114.0
    ],
    "roa": [
        -0.11049926289866399,
        -0.11890513555356341,
        -0.12501943745314162,
        -0.16084305392149084
    ],
    "roe": [
        -0.169656955365422,
        -0.22359478641642144,
        -0.27594910593038574,
        -0.4070675605420147
    ],
    "debt_ratio": [
        0.3486900512822418,
        0.4682115023374683,
        0.546947481378394,
        0.6048738108550663
    ],
    "current_ratio": [
        0.9953415978897384,
        1.1051898831936786,
        0.6550367790653272,
        1.1839235440531892
    ]
}