{
    "years": [
        "2021",
        "2022",
        "2023",
        "2024"
    ],
    "revenue": [
        190205071.0,
        188606084.0,
        189364227.0,
        190029518.0
    ],
    "net_income": [
        10401437.0,
        9560043.0,
        10207461.0,
        10001481.0
    ],
    "roa": [
        0.08554126786093412,
        0.07725237831205153,
        0.07635211986383891,
        0.08116363793945326
    ],
    "roe": [
        0.12492811470352462,
        0.11468997681173448,
        0.11938140233094438,
        0.11589609608736864
    ],
    "debt_ratio": [
        0.3152760844591476,
        0.32642432704592306,
        0.36043539133357977,
        0.2996861785726777
    ],
    "current_ratio": [
        2.767451059987296,
        2.6218832705384387,
        2.406737297591291,
        2.811523021585539
    ]
}