{
    "years": [
        "2022",
        "2023",
        "2024"
    ],
    "revenue": [
        152273236.0,
        131829857.0,
        151655984.0
    ],
    "net_income": [
        10801869.0,
        10166795.0,
        10783791.0
    ],
    "roa": [
        0.06285702248515834,
        0.052432739679297735,
        0.04887135858778614
    ],
    "roe": [
        0.18555452686045149,
        0.176369112137524,
        0.18549186734673184
    ],
    "debt_ratio": [
        0.6612477014240093,
        0.7027101908954826,
        0.7365309903510052
    ],
    "current_ratio": [
        1.0964722724415754,
        1.098630372359976,
        1.083987074563751
    ]
}