{
    "years": [
        "2022",
        "2023",
        "2024"
    ],
    "revenue": [
        61652161.0,
        30888289.0,
        37098976.0
    ],
    "net_income": [
        6039008.0,
        -1684460.0,
        1990859.0
    ],
    "roa": [
        0.12985424197810302,
        -0.03879462279250303,
        0.04607284171633791
    ],
    "roe": [
        -0.2546043849824001,
        0.06630781262356741,
        -0.08503298518309547
    ],
    "debt_ratio": [
        1.5100235881132973,
        1.5850686556762463,
        1.5418231715272908
    ],
    "current_ratio": [
        0.8683920867345031,
        0.6668554787005411,
        0.7540483542310793
    ]
}