{
    "years": [
        "2021",
        "2022",
        "2023",
        "2024"
    ],
    "revenue": [
        847510789.0,
        684261195.0,
        648143151.0,
        662274556.0
    ],
    "net_income": [
        90775607.0,
        95138761.0,
        92091367.0,
        119211903.0
    ],
    "roa": [
        0.08681843007623641,
        0.08848027422940452,
        0.08689371482755702,
        0.10482953015902231
    ],
    "roe": [
        0.09726478280287591,
        0.10095666943273221,
        0.09720291301607101,
        0.12175964814648331
    ],
    "debt_ratio": [
        0.10740118289073719,
        0.12358168383952832,
        0.10605853125831241,
        0.1390453918451963
    ],
    "current_ratio": [
        3.752552269651811,
        2.737332109016164,
        3.1967774752441116,
        2.9439698699175536
    ]
}