{
    "years": [
        "2022",
        "2023",
        "2024"
    ],
    "revenue": [
        717274773.0,
        618108755.0,
        592693626.0
    ],
    "net_income": [
        48155135.0,
        27816989.0,
        3969469.0
    ],
    "roa": [
        0.07692715432178417,
        0.04724680221127419,
        0.007745266223922888
    ],
    "roe": [
        0.17646364188567812,
        0.09794533824036492,
        0.015254623697371973
    ],
    "debt_ratio": [
        0.5640622991810325,
        0.5176207151857791,
        0.4922676312718732
    ],
    "current_ratio": [
        0.24676128254383461,
        0.40879431696335256,
        0.44104434958619665
    ]
}