{
    "years": [
        "2020",
        "2021",
        "2022",
        "2023"
    ],
    "revenue": [
        579913514.0,
        369087806.0,
        421735617.0,
        354308685.0
    ],
    "net_income": [
        4899658.0,
        22463806.0,
        24537057.0,
        29453188.0
    ],
    "roa": [
        0.007831050358618176,
        0.03498291292483581,
        0.03798436201210815,
        0.04545362048685568
    ],
    "roe": [
        0.027401802533615523,
        0.0642752810914021,
        0.06569638109285196,
        0.07319715450804487
    ],
    "debt_ratio": [
        0.7142140430721179,
        0.45573302316502257,
        0.4218195678324661,
        0.379024761381127
    ],
    "current_ratio": [
        1.2091709874306809,
        1.6560943104628065,
        1.6275940338828985,
        1.6025737350870457
    ]
}