{
    "years": [
        "2020",
        "2021",
        "2022",
        "2023"
    ],
    "revenue": [
        2162911600.0,
        5739677019.0,
        3670718807.0,
        1026200764.0
    ],
    "net_income": [
        300003430.0,
        450456324.0,
        194430986.0,
        2055355.0
    ],
    "roa": [
        0.07871906328526034,
        0.07183309782130222,
        0.02552568421145506,
        0.00028943451567603245
    ],
    "roe": [
        0.1467513302783842,
        0.13101011494755976,
        0.034627726835330136,
        0.0003656867496652258
    ],
    "debt_ratio": [
        0.46358875837151237,
        0.4516980780449258,
        0.26285417657241084,
        0.2085179024369895
    ],
    "current_ratio": [
        1.5795249539250857,
        2.172418035361238,
        2.557347680788935,
        4.417416900160303
    ]
}