{
    "years": [
        "2021",
        "2022",
        "2023",
        "2024"
    ],
    "revenue": [
        719577125.0,
        1731390396.0,
        546046021.0,
        595839363.0
    ],
    "net_income": [
        60714661.0,
        362957014.0,
        79752482.0,
        12682235.0
    ],
    "roa": [
        0.02577402613178299,
        0.15166948601678323,
        0.03274049138603194,
        0.005491341615886778
    ],
    "roe": [
        0.14330852516692322,
        0.45482234907793956,
        0.09529974284974302,
        0.014975811890472753
    ],
    "debt_ratio": [
        0.8201500845692058,
        0.6665302698421428,
        0.6564472221330844,
        0.6333192713658325
    ],
    "current_ratio": [
        1.4769932318332182,
        1.6048946184167185,
        1.64222310117478,
        1.954507377806282
    ]
}