{
    "years": [
        "2020",
        "2021",
        "2022",
        "2023"
    ],
    "revenue": [
        30813600.0,
        32865200.0,
        38337860.0,
        12596730.0
    ],
    "net_income": [
        13478140.0,
        9507540.0,
        12698270.0,
        -12664839.0
    ],
    "roa": [
        0.07754657118606934,
        0.051987275296439685,
        0.06430054665949103,
        -0.06975011243321334
    ],
    "roe": [
        0.07861861791795237,
        0.0526743148212682,
        0.06572774643149354,
        -0.06975011243321334
    ],
    "debt_ratio": [
        0.013636041439978496,
        0.013043160165628056,
        0.021713809608397843,
        0.0
    ],
    "current_ratio": [
        70.42118276484786,
        74.12071553140825,
        43.61114570288542,
        173648814.0
    ]
}