{
    "years": [
        "2022",
        "2023",
        "2024"
    ],
    "revenue": [
        5559782273.0,
        5497560552.0,
        5001549471.0
    ],
    "net_income": [
        79184939.0,
        60374642.0,
        72071490.0
    ],
    "roa": [
        0.01883455639350448,
        0.01554324547528775,
        0.018890339337166186
    ],
    "roe": [
        0.060844366208329524,
        0.04559327949549802,
        0.05587727842471031
    ],
    "debt_ratio": [
        0.6904469950592393,
        0.6590891103408667,
        0.6619316496844196
    ],
    "current_ratio": [
        1.0949240950327221,
        1.1644197328272936,
        1.2193775853620854
    ]
}