{
    "years": [
        "2021",
        "2022",
        "2023",
        "2024"
    ],
    "revenue": [
        8701894494.0,
        10388800089.0,
        7905709421.0,
        9448093858.0
    ],
    "net_income": [
        107131660.0,
        358298643.0,
        280454813.0,
        130019867.0
    ],
    "roa": [
        0.03482199767922214,
        0.15119791912828842,
        0.11675624255586088,
        0.049038721199431895
    ],
    "roe": [
        0.14389674837460745,
        0.3648304283536815,
        0.2558028958216891,
        0.12144725582924143
    ],
    "debt_ratio": [
        0.7580070566391829,
        0.5855665882624489,
        0.5435695042434256,
        0.596213838965766
    ],
    "current_ratio": [
        0.7763986420191785,
        1.0701617279136266,
        1.327583798107589,
        1.1306437506742866
    ]
}