{
    "years": [
        "2021",
        "2022",
        "2023",
        "2024"
    ],
    "revenue": [
        1576769246.0,
        2104285558.0,
        1588441460.0,
        1855617616.0
    ],
    "net_income": [
        218053054.0,
        407914026.0,
        230619246.0,
        258335378.0
    ],
    "roa": [
        0.14977793028208033,
        0.23737750007283875,
        0.13392869997844264,
        0.1389648456205998
    ],
    "roe": [
        0.18802366946594795,
        0.28547072086842595,
        0.16057296648977032,
        0.1662372308214488
    ],
    "debt_ratio": [
        0.20340917339023692,
        0.16846988948387975,
        0.1659324548446024,
        0.16405702300311764
    ],
    "current_ratio": [
        3.1598533718557893,
        4.310703001911148,
        4.56247628953667,
        4.800408173360259
    ]
}