{
    "years": [
        "2020",
        "2021",
        "2022",
        "2023"
    ],
    "revenue": [
        329546304.0,
        468169497.0,
        390502868.0,
        318163099.0
    ],
    "net_income": [
        3433107.0,
        4211104.0,
        -4569402.0,
        503911.0
    ],
    "roa": [
        0.005125130934019671,
        0.00631657651220117,
        -0.00676187736246446,
        0.000720995208754469
    ],
    "roe": [
        0.028150664746610096,
        0.03359534448793551,
        -0.038987250345383084,
        0.004281084812215915
    ],
    "debt_ratio": [
        0.8179392572022002,
        0.8119806000361292,
        0.8265618297632726,
        0.8315858619065112
    ],
    "current_ratio": [
        1.0754482899554143,
        1.0951160593835774,
        1.0746928162543232,
        1.0154174742767612
    ]
}