{
    "years": [
        "2020",
        "2021",
        "2022",
        "2023"
    ],
    "revenue": [
        462252256.0,
        610346054.0,
        1020989320.0,
        991302589.0
    ],
    "net_income": [
        33929758.0,
        25731814.0,
        49788062.0,
        50797873.0
    ],
    "roa": [
        0.06020913840413641,
        0.03535102594997965,
        0.056526624539480534,
        0.08727097115358194
    ],
    "roe": [
        0.14841407645950583,
        0.11054972308322915,
        0.19202106197064397,
        0.1773638881772602
    ],
    "debt_ratio": [
        0.594316524143421,
        0.6802251062776064,
        0.7056227897118792,
        0.5079552435929799
    ],
    "current_ratio": [
        1.48040858989439,
        2.022256335622393,
        1.1027666218750756,
        1.275673462473135
    ]
}