{
    "years": [
        "2020",
        "2021",
        "2022",
        "2023"
    ],
    "revenue": [
        133297399.0,
        154081505.0,
        39310386.0,
        9588172.0
    ],
    "net_income": [
        1209195.0,
        13833565.0,
        -9138472.0,
        -16303409.0
    ],
    "roa": [
        0.004026119407830368,
        0.04414374618149694,
        -0.029689353158710755,
        -0.0726836074026854
    ],
    "roe": [
        0.01012473410845365,
        0.10380620876998996,
        -0.07362319965206658,
        -0.15120741980485375
    ],
    "debt_ratio": [
        0.6023481343111263,
        0.5747484981432175,
        0.5967391623969255,
        0.5193118995318492
    ],
    "current_ratio": [
        0.6795683586924979,
        0.7909503456909248,
        0.6968815781029369,
        1.1984715949543345
    ]
}