{
    "years": [
        "2020",
        "2021",
        "2022",
        "2024"
    ],
    "revenue": [
        14589198781.0,
        9077915407.0,
        14538688107.0,
        21045175037.0
    ],
    "net_income": [
        334554278.0,
        24110828.0,
        20791833.0,
        309592561.0
    ],
    "roa": [
        0.023631030750782656,
        0.0017315259733782678,
        0.0010962067871150044,
        0.013537785235409406
    ],
    "roe": [
        0.03983419980462629,
        0.0029233889607539554,
        0.002531279344478332,
        0.03603572716488452
    ],
    "debt_ratio": [
        0.40676527037859117,
        0.4076990791770318,
        0.5669356724668726,
        0.6243232397263382
    ],
    "current_ratio": [
        2.236635461905294,
        2.24707759763117,
        1.7078038122005625,
        1.438213580667971
    ]
}