{
    "years": [
        "2021",
        "2022",
        "2023",
        "2024"
    ],
    "revenue": [
        4561827017.0,
        6367583606.0,
        7385878456.0,
        8540961691.0
    ],
    "net_income": [
        51833350.0,
        117529863.0,
        44047121.0,
        47935815.0
    ],
    "roa": [
        0.029415809114054597,
        0.04651523127944733,
        0.012043101363512653,
        0.012235917791140583
    ],
    "roe": [
        0.06384767795306305,
        0.12710806148406117,
        0.04098711310248196,
        0.042704045415286156
    ],
    "debt_ratio": [
        0.5392814577269464,
        0.6340497153653771,
        0.7061734664405191,
        0.713471694024551
    ],
    "current_ratio": [
        1.3542675549904772,
        1.1768220351992047,
        1.1674048110331976,
        1.149943573132884
    ]
}