{
    "years": [
        "2020",
        "2021",
        "2022",
        "2023"
    ],
    "revenue": [
        915009140.0,
        759176522.0,
        894158363.0,
        814405965.0
    ],
    "net_income": [
        101319113.0,
        -13180653.0,
        96768970.0,
        80033960.0
    ],
    "roa": [
        0.022360169279615753,
        -0.0027717514866736517,
        0.021521370699262514,
        0.01772735415664679
    ],
    "roe": [
        0.07509764487765917,
        -0.01050202795188046,
        0.07200087194229533,
        0.05677708475089895
    ],
    "debt_ratio": [
        0.7022520570912378,
        0.7360746420240339,
        0.7010956934450643,
        0.6877727302410307
    ],
    "current_ratio": [
        0.9883850939670318,
        0.8642652790965749,
        0.681319323671257,
        0.58696284303898
    ]
}