{
    "years": [
        "2021",
        "2022",
        "2023",
        "2024"
    ],
    "revenue": [
        74873416.0,
        117727248.0,
        88209673.0,
        37776526.0
    ],
    "net_income": [
        1038793.0,
        713775.0,
        110797.0,
        410561.0
    ],
    "roa": [
        0.00621842513945921,
        0.004075913504281618,
        0.0005732288603381225,
        0.002642691763989688
    ],
    "roe": [
        0.006915804223074962,
        0.004822943919427718,
        0.0007480900265110569,
        0.0027644028278581614
    ],
    "debt_ratio": [
        0.10083846521983786,
        0.15489096029852675,
        0.233743480030675,
        0.04402797690768316
    ],
    "current_ratio": [
        9.743285247478978,
        6.455623512048719,
        4.277991250682613,
        11.747440373330058
    ]
}