{
    "years": [
        "2021",
        "2022",
        "2023",
        "2024"
    ],
    "revenue": [
        2069283929.0,
        2260356591.0,
        2276830497.0,
        2292714758.0
    ],
    "net_income": [
        10146481.0,
        10608821.0,
        12051495.0,
        13310134.0
    ],
    "roa": [
        0.01853762312159118,
        0.015891002807724992,
        0.01756090294958259,
        0.018048345006205557
    ],
    "roe": [
        0.15716069470655797,
        0.16384715787645063,
        0.1810219302417812,
        0.19401642178692982
    ],
    "debt_ratio": [
        0.8820466964961968,
        0.9030132532435647,
        0.9029901906021693,
        0.9069751681843387
    ],
    "current_ratio": [
        0.8071091758928685,
        0.88225799865051,
        0.9059733600670109,
        0.9429685627337109
    ]
}