{
    "years": [
        "2021",
        "2022",
        "2023",
        "2024"
    ],
    "revenue": [
        296455563.0,
        317424788.0,
        328560067.0,
        495575540.0
    ],
    "net_income": [
        46769025.0,
        39871548.0,
        41533189.0,
        103347375.0
    ],
    "roa": [
        0.06643924207152113,
        0.05569805029413268,
        0.05738283833580534,
        0.12745320916611413
    ],
    "roe": [
        0.09720954869583355,
        0.08272495351383566,
        0.08433280559697144,
        0.18166153377622715
    ],
    "debt_ratio": [
        0.31653584485400715,
        0.3267079892064582,
        0.3195668289510094,
        0.2984028786021782
    ],
    "current_ratio": [
        0.9975991381514316,
        0.9615056293762881,
        0.9252682594128907,
        1.1819937091669361
    ]
}