{
    "years": [
        "2021",
        "2022",
        "2023",
        "2024"
    ],
    "revenue": [
        95174438.0,
        183933333.0,
        336593141.0,
        160560665.0
    ],
    "net_income": [
        96999.0,
        5672628.0,
        35729266.0,
        11278967.0
    ],
    "roa": [
        4.582597915241332e-05,
        0.002542803219688304,
        0.018172270624336292,
        0.00584254054380298
    ],
    "roe": [
        9.82266611715338e-05,
        0.005779701048165915,
        0.03512499114250543,
        0.01099855845522301
    ],
    "debt_ratio": [
        0.5334669975966388,
        0.5600458919072955,
        0.4826398517622492,
        0.4687903357890991
    ],
    "current_ratio": [
        0.6964043068379272,
        0.7280646120912968,
        0.7607548986935657,
        0.7012474947858828
    ]
}