{
    "years": [
        "2019",
        "2020",
        "2021",
        "2022"
    ],
    "revenue": [
        211655390.0,
        60110250.0,
        76897392.0,
        108488431.0
    ],
    "net_income": [
        46793261.0,
        30166637.0,
        22728799.0,
        6946809.0
    ],
    "roa": [
        0.3009396566971215,
        0.18629154511388704,
        0.07776503070219919,
        0.01731742794069846
    ],
    "roe": [
        0.33185846155635523,
        0.19492489763541243,
        0.07959183444780046,
        0.017700382476364792
    ],
    "debt_ratio": [
        0.09316865001491956,
        0.04429066079425736,
        0.022952150283699804,
        0.02163538195729315
    ],
    "current_ratio": [
        105.70350138863802,
        37.497334803139175,
        39.059628102124115,
        41.793554606722495
    ]
}