{
    "years": [
        "2020",
        "2021",
        "2022",
        "2023"
    ],
    "revenue": [
        49587119.0,
        70513649.0,
        92571504.0,
        88020789.0
    ],
    "net_income": [
        210627.0,
        47307.0,
        469526.0,
        317065.0
    ],
    "roa": [
        0.0022665369403812017,
        0.0005917253167726128,
        0.004215533622706733,
        0.0029511879754417674
    ],
    "roe": [
        0.0076489352020683325,
        0.0017150109773463535,
        0.01673674262279357,
        0.011345407572669972
    ],
    "debt_ratio": [
        0.7036794167417822,
        0.6549728692184857,
        0.7481269971275265,
        0.7398781880211246
    ],
    "current_ratio": [
        1.3269274075402713,
        1.4228297319775853,
        1.3026875212843663,
        1.3441275224959432
    ]
}