{
    "years": [
        "2021",
        "2022",
        "2023",
        "2024"
    ],
    "revenue": [
        298505534.0,
        133912266.0,
        34876498.0,
        106293882.0
    ],
    "net_income": [
        45431391.0,
        21812722.0,
        4740118.0,
        3896943.0
    ],
    "roa": [
        0.12422465666414362,
        0.06323032089090973,
        0.0135044932247835,
        0.010689237143190713
    ],
    "roe": [
        0.27314095439958497,
        0.11896131838329416,
        0.025474277727753358,
        0.02060979560098871
    ],
    "debt_ratio": [
        0.5451994486245656,
        0.46847999206615026,
        0.4698772868417457,
        0.4813516179326922
    ],
    "current_ratio": [
        1.426396644867421,
        1.7440122807287732,
        1.7473815740982737,
        1.7369235933883043
    ]
}