{
    "years": [
        "2021",
        "2022",
        "2023",
        "2024"
    ],
    "revenue": [
        472312469.0,
        130948545.0,
        194833190.0,
        346321382.0
    ],
    "net_income": [
        242714608.0,
        17181711.0,
        25753193.0,
        88209223.0
    ],
    "roa": [
        0.13589749100228685,
        0.010327782050497118,
        0.01652153802137339,
        0.05817529610475844
    ],
    "roe": [
        0.221253968075747,
        0.017099092017567725,
        0.02749547794435478,
        0.11811642975218148
    ],
    "debt_ratio": [
        0.38578506779249294,
        0.3960040661874745,
        0.39911799115441443,
        0.5074749869529983
    ],
    "current_ratio": [
        9.144521829182738,
        6.490718462880997,
        5.176056375054338,
        1.5860473755234805
    ]
}