{
    "years": [
        "2021",
        "2022",
        "2023",
        "2024"
    ],
    "revenue": [
        270645387.0,
        402975026.0,
        472121629.0,
        515447588.0
    ],
    "net_income": [
        13825137.0,
        14460749.0,
        14115939.0,
        11400604.0
    ],
    "roa": [
        0.10667415083549221,
        0.08636108307241912,
        0.08482987456193829,
        0.06983934964289387
    ],
    "roe": [
        0.15144207299523216,
        0.15309598734497465,
        0.14396146458435782,
        0.11718690630694989
    ],
    "debt_ratio": [
        0.2956108647637792,
        0.4359023736016037,
        0.41074596033836475,
        0.4040345304452159
    ],
    "current_ratio": [
        2.712883562696665,
        1.9269946917623144,
        2.0675129534558114,
        2.12033555666534
    ]
}