{
    "years": [
        "2021",
        "2022",
        "2023",
        "2024"
    ],
    "revenue": [
        60397607.0,
        66397946.0,
        58256071.0,
        68108462.0
    ],
    "net_income": [
        4955853.0,
        2868078.0,
        3188611.0,
        3165372.0
    ],
    "roa": [
        0.10583359433036292,
        0.06079222837009658,
        0.0647873325455094,
        0.06234591142792111
    ],
    "roe": [
        0.12831191656930363,
        0.07331576001336826,
        0.07651977477163777,
        0.07556043138241006
    ],
    "debt_ratio": [
        0.1751849932566454,
        0.17081636528064578,
        0.15332562414280668,
        0.17488677225266866
    ],
    "current_ratio": [
        4.18292044772258,
        4.332359524795347,
        4.790323096369284,
        5.206786139384938
    ]
}