{
    "years": [
        "2020",
        "2021",
        "2022",
        "2023"
    ],
    "revenue": [
        12337367.0,
        691624640.0,
        25664871.0,
        47346799.0
    ],
    "net_income": [
        -33137275.0,
        34982184.0,
        43315815.0,
        3797166.0
    ],
    "roa": [
        -0.05401027749825532,
        0.031037552736601155,
        0.03727375856607827,
        0.0033823369900171985
    ],
    "roe": [
        -0.1009404570871415,
        0.040522991973925115,
        0.047560313489903486,
        0.004117933089846339
    ],
    "debt_ratio": [
        0.46492933500758316,
        0.23407549085781856,
        0.21628442222124827,
        0.17863235846228623
    ],
    "current_ratio": [
        0.1310567656212035,
        3.484269034288102,
        7.98874585462733,
        0.9131623444258601
    ]
}