{
    "years": [
        "2020",
        "2021",
        "2022",
        "2024"
    ],
    "revenue": [
        399490315.0,
        463279628.0,
        559812683.0,
        572176321.0
    ],
    "net_income": [
        31392273.0,
        56721382.0,
        49313408.0,
        69998059.0
    ],
    "roa": [
        0.04348497252581077,
        0.06398485335835487,
        0.04590504498665566,
        0.043854842850477575
    ],
    "roe": [
        0.05252265145129204,
        0.09055783472424378,
        0.07593978502407484,
        0.09149236520722986
    ],
    "debt_ratio": [
        0.17207202370319308,
        0.29343658057644467,
        0.3955073092173937,
        0.5206721047035289
    ],
    "current_ratio": [
        3.6474135272458987,
        2.4050843208644346,
        2.38048531595131,
        1.417061946494064
    ]
}