{
    "years": [
        "2022",
        "2023",
        "2024"
    ],
    "revenue": [
        658554568.0,
        517533855.0,
        701116807.0
    ],
    "net_income": [
        4079619.0,
        5078991.0,
        4192816.0
    ],
    "roa": [
        0.03041323616997216,
        0.04609827887291714,
        0.02747441037560517
    ],
    "roe": [
        0.07606096497714267,
        0.08798704157678325,
        0.07334313465451113
    ],
    "debt_ratio": [
        0.6001465905788633,
        0.47607877197815807,
        0.6253990164856514
    ],
    "current_ratio": [
        1.2228490582191476,
        1.3826314356402842,
        1.1072475261462786
    ]
}