{
    "years": [
        "2019",
        "2020",
        "2022",
        "2023"
    ],
    "revenue": [
        2493275737.0,
        2159885104.0,
        2999734897.0,
        2939736407.0
    ],
    "net_income": [
        62271883.0,
        51920619.0,
        80098959.0,
        75313545.0
    ],
    "roa": [
        0.0395288968554075,
        0.031675019709640595,
        0.04570125595467504,
        0.04529864468546187
    ],
    "roe": [
        0.10566221836126659,
        0.08033852722992169,
        0.10452798036840359,
        0.08947380917120876
    ],
    "debt_ratio": [
        0.6258937445335909,
        0.6057306400577955,
        0.5627844736538172,
        0.4937217370640542
    ],
    "current_ratio": [
        1.2893235283284767,
        1.3023745699684068,
        1.3647363425248735,
        1.4222081551025572
    ]
}