{
    "years": [
        "2022",
        "2023",
        "2024"
    ],
    "revenue": [
        258864889.0,
        236691259.0,
        213371815.0
    ],
    "net_income": [
        6318006.0,
        5618512.0,
        2794851.0
    ],
    "roa": [
        0.05788493062088117,
        0.05299901379691038,
        0.02776182477643611
    ],
    "roe": [
        0.0927085363042571,
        0.08111389693557593,
        0.041306611216198566
    ],
    "debt_ratio": [
        0.3756245872450136,
        0.3466099423258578,
        0.32790843985891555
    ],
    "current_ratio": [
        2.5648739603078186,
        2.7619659615542775,
        2.9132025421440693
    ]
}