{
    "years": [
        "2021",
        "2022",
        "2023",
        "2024"
    ],
    "revenue": [
        95560512.0,
        256893736.0,
        147663853.0,
        144741200.0
    ],
    "net_income": [
        5251000.0,
        2448574.0,
        -1307197.0,
        7588017.0
    ],
    "roa": [
        0.03395416935925838,
        0.012944255041938938,
        -0.0070610614141439244,
        0.032653485248470365
    ],
    "roe": [
        0.10544556564949348,
        0.047582886698961165,
        -0.027383196687614342,
        0.13715296743914873
    ],
    "debt_ratio": [
        0.6779933878668374,
        0.7279640656559506,
        0.7421388928876335,
        0.7619192215949838
    ],
    "current_ratio": [
        1.335819047466408,
        1.223751167318752,
        1.0628549028794174,
        1.0038285552628339
    ]
}