{
    "years": [
        "2021",
        "2022",
        "2023",
        "2024"
    ],
    "revenue": [
        322559950.0,
        333088546.0,
        209968416.0,
        250229268.0
    ],
    "net_income": [
        6876274.0,
        3491614.0,
        1018546.0,
        5573791.0
    ],
    "roa": [
        0.026397904529079533,
        0.007891420688447122,
        0.0025723528246373406,
        0.01728942663868818
    ],
    "roe": [
        0.09249620660945959,
        0.04380598677746005,
        0.012699896824388646,
        0.046575536077029966
    ],
    "debt_ratio": [
        0.7146055444139714,
        0.8198552008761603,
        0.7974508879711966,
        0.6287873829279457
    ],
    "current_ratio": [
        1.2122033432842654,
        1.0851699469989466,
        1.0614165088633856,
        1.2498567000409933
    ]
}