{
    "years": [
        "2021",
        "2022",
        "2023",
        "2024"
    ],
    "revenue": [
        63107657.0,
        379007559.0,
        611228356.0,
        1326405071.0
    ],
    "net_income": [
        3189301.0,
        7045264.0,
        10597688.0,
        39384165.0
    ],
    "roa": [
        0.00845501227182625,
        0.014469069563137284,
        0.014591473506028319,
        0.03782802996464955
    ],
    "roe": [
        0.011375365666637646,
        0.024512567762750032,
        0.02371495434441507,
        0.0812593568749532
    ],
    "debt_ratio": [
        0.25672611152856245,
        0.4097285236218754,
        0.3847142484815853,
        0.5344778568348553
    ],
    "current_ratio": [
        1.484497622452206,
        2.2263746829598237,
        1.8537711476757177,
        1.1308194578591562
    ]
}