{
    "years": [
        "2021",
        "2022",
        "2023"
    ],
    "revenue": [
        674661519.0,
        735166877.0,
        554879911.0
    ],
    "net_income": [
        42614995.0,
        39162147.0,
        12163463.0
    ],
    "roa": [
        0.0944786173004072,
        0.09063564425863953,
        0.028865234631050216
    ],
    "roe": [
        0.2462244453922997,
        0.2128262940448495,
        0.07377194030485132
    ],
    "debt_ratio": [
        0.6162906686625768,
        0.5741332401364861,
        0.608723391146159
    ],
    "current_ratio": [
        0.995310810302829,
        1.107294500207493,
        1.1127072461081098
    ]
}