{
    "years": [
        "2021",
        "2022",
        "2023",
        "2024"
    ],
    "revenue": [
        10831471.0,
        12995302.0,
        17785363.0,
        20981126.0
    ],
    "net_income": [
        25407.0,
        492473.0,
        488824.0,
        956595.0
    ],
    "roa": [
        0.0006526157647433061,
        0.012405841428683131,
        0.01217166140100498,
        0.02331099550265529
    ],
    "roe": [
        0.0007999087221880833,
        0.015280222057845249,
        0.015145574731778782,
        0.029171871618331607
    ],
    "debt_ratio": [
        0.18413720635758257,
        0.18811118178000155,
        0.19635526438847326,
        0.20090847074732576
    ],
    "current_ratio": [
        2.419086578365522,
        2.4582848114691225,
        2.3516933623644554,
        2.622050663209988
    ]
}