{
    "years": [
        "2019",
        "2020",
        "2021",
        "2022"
    ],
    "revenue": [
        756656943.0,
        690600453.0,
        715486225.0,
        1036161985.0
    ],
    "net_income": [
        87003628.0,
        68927681.0,
        87756304.0,
        112913963.0
    ],
    "roa": [
        0.05080588552717359,
        0.038284500538537686,
        0.04927283605280049,
        0.05363261077129372
    ],
    "roe": [
        0.09837337931344009,
        0.07098661233957647,
        0.0858949488623351,
        0.08113632409799376
    ],
    "debt_ratio": [
        0.4835403044832442,
        0.4606799891309462,
        0.4263593295599876,
        0.33898150590951065
    ],
    "current_ratio": [
        4.214388998939495,
        4.197611906583332,
        1.9319262268018722,
        2.566915742628111
    ]
}