{
    "years": [
        "2021",
        "2022",
        "2023",
        "2024"
    ],
    "revenue": [
        10088157082.0,
        16380039771.0,
        12949489163.0,
        13942548247.0
    ],
    "net_income": [
        1826124287.0,
        4321080735.0,
        1110142717.0,
        1428006581.0
    ],
    "roa": [
        0.16492993815263315,
        0.3050132856109564,
        0.07285373165233841,
        0.09078901653206446
    ],
    "roe": [
        0.24419638042218433,
        0.40743968591631174,
        0.1114222639967961,
        0.1403146115062684
    ],
    "debt_ratio": [
        0.32460121698982447,
        0.25139033787296244,
        0.3461474481039687,
        0.35296106686644985
    ],
    "current_ratio": [
        2.283395335204601,
        4.043988680776278,
        2.9895339287221714,
        2.760437468153499
    ]
}