{
    "years": [
        "2021",
        "2022",
        "2023"
    ],
    "revenue": [
        192550435.0,
        267842619.0,
        194965821.0
    ],
    "net_income": [
        3209778.0,
        6068881.0,
        119670.0
    ],
    "roa": [
        0.01776487563801692,
        0.02556093560131888,
        0.00045748034087473
    ],
    "roe": [
        0.04587209549350091,
        0.07981040652370351,
        0.0015712788245369075
    ],
    "debt_ratio": [
        0.6127302350830295,
        0.6797292895165578,
        0.7088484018681025
    ],
    "current_ratio": [
        1.3707135027433528,
        1.2162496184769067,
        1.1708653042260315
    ]
}