{
    "years": [
        "2020",
        "2021",
        "2022",
        "2023"
    ],
    "revenue": [
        454031292.0,
        752052649.0,
        975497654.0,
        663769673.0
    ],
    "net_income": [
        15042734.0,
        41397767.0,
        44306124.0,
        -205473530.0
    ],
    "roa": [
        0.020564548577223594,
        0.02665161617219772,
        0.023907022948220516,
        -0.13242708403185402
    ],
    "roe": [
        0.04079873881472206,
        0.05941762670517083,
        0.05687334241454105,
        -0.358539929599023
    ],
    "debt_ratio": [
        0.4959513657857737,
        0.5514526976238456,
        0.579644488379707,
        0.6306489930425454
    ],
    "current_ratio": [
        1.2583253470711449,
        1.5507178655423262,
        0.8233232576760039,
        0.8048213291594226
    ]
}