{
    "years": [
        "2020",
        "2021",
        "2022",
        "2023"
    ],
    "revenue": [
        68940764.0,
        42177786.0,
        56138112.0,
        60997481.0
    ],
    "net_income": [
        3085965.0,
        533180.0,
        5546086.0,
        5558560.0
    ],
    "roa": [
        0.050653408476312105,
        0.010253828507208691,
        0.06757283610699116,
        0.059050958243768985
    ],
    "roe": [
        0.06660368525434879,
        0.012135720961359047,
        0.1514199977776061,
        0.13269540282294276
    ],
    "debt_ratio": [
        0.23948039387197764,
        0.15507051127349,
        0.5537390232547956,
        0.554988665865377
    ],
    "current_ratio": [
        3.361149655662455,
        5.058518774637627,
        1.5171060309731215,
        1.6163182813202261
    ]
}