{
    "years": [
        "2021",
        "2022",
        "2023",
        "2024"
    ],
    "revenue": [
        1549225115.0,
        1187916092.0,
        945551092.0,
        1394654214.0
    ],
    "net_income": [
        14915847.0,
        12267295.0,
        1111199.0,
        7624152.0
    ],
    "roa": [
        0.02798917563635186,
        0.018076687498250046,
        0.001528093084968679,
        0.006501020903840217
    ],
    "roe": [
        0.0774450186000014,
        0.0598794656855372,
        0.005665392771296973,
        0.037416913067471705
    ],
    "debt_ratio": [
        0.6385929509435052,
        0.698115417509209,
        0.7302758790686892,
        0.8262544830430744
    ],
    "current_ratio": [
        1.4203398876178652,
        1.2564081352676928,
        1.213871822602327,
        1.1175839329193002
    ]
}