{
    "years": [
        "2021",
        "2022",
        "2023",
        "2024"
    ],
    "revenue": [
        2935178355.0,
        3307612495.0,
        3233143086.0,
        3392023440.0
    ],
    "net_income": [
        190923093.0,
        357263401.0,
        68980874.0,
        168349286.0
    ],
    "roa": [
        0.10306429259377595,
        0.16914572772986544,
        0.035821764446068036,
        0.07525385273902548
    ],
    "roe": [
        0.131213973750076,
        0.1982247360056129,
        0.040527236331308135,
        0.09474661369748515
    ],
    "debt_ratio": [
        0.21453264733767552,
        0.14669717242011657,
        0.1161064092002993,
        0.20573570070480598
    ],
    "current_ratio": [
        2.3056230186261373,
        4.350815168881377,
        5.933755807444921,
        3.8572152533713853
    ]
}