{
    "years": [
        "2021",
        "2022",
        "2023",
        "2024"
    ],
    "revenue": [
        1072081795.0,
        1425132662.0,
        1202614134.0,
        1303167247.0
    ],
    "net_income": [
        456735.0,
        26864010.0,
        31374235.0,
        40042720.0
    ],
    "roa": [
        0.0008863590646965501,
        0.04396001837162841,
        0.0607825877599044,
        0.07952380851001699
    ],
    "roe": [
        0.0030556801748311893,
        0.1554247924506439,
        0.13400732381656388,
        0.16128958066051138
    ],
    "debt_ratio": [
        0.7099306818831206,
        0.7171621227315572,
        0.5464233891939613,
        0.506950119255367
    ],
    "current_ratio": [
        1.166003307271236,
        1.1566051757255917,
        1.5691435936259939,
        1.7111096941235926
    ]
}