{
    "years": [
        "2020",
        "2021",
        "2022",
        "2023"
    ],
    "revenue": [
        887155066.0,
        1306517757.0,
        1597633828.0,
        743421849.0
    ],
    "net_income": [
        23211264.0,
        25116304.0,
        1964603.0,
        -198663157.0
    ],
    "roa": [
        0.01229442655950858,
        0.009472197908618474,
        0.00045041138594464816,
        -0.05023504078883816
    ],
    "roe": [
        0.049288275292078604,
        0.05075648814854893,
        0.002190299972483827,
        -0.28361244238692734
    ],
    "debt_ratio": [
        0.750560828378499,
        0.813379564778079,
        0.7943608676423093,
        0.8228743408926207
    ],
    "current_ratio": [
        1.0759938830105484,
        1.1523358086251094,
        1.4064710780713177,
        1.3461361082380578
    ]
}