{
    "years": [
        "2021",
        "2022",
        "2023",
        "2024"
    ],
    "revenue": [
        499384187.0,
        249965581.0,
        214564136.0,
        269834577.0
    ],
    "net_income": [
        15709839.0,
        -41351012.0,
        88351287.0,
        4039473.0
    ],
    "roa": [
        0.018496044898148035,
        -0.026174977388585454,
        0.054993614690112096,
        0.0025926387199126885
    ],
    "roe": [
        0.05777197502415802,
        -0.045581386223810826,
        0.08842551172824674,
        0.004026587637698231
    ],
    "debt_ratio": [
        0.679843991997613,
        0.42575293212754123,
        0.3780797688893116,
        0.35612013119010333
    ],
    "current_ratio": [
        0.6926967029329638,
        3.581480655539616,
        4.009154245520653,
        4.413456657040978
    ]
}