{
    "years": [
        "2021",
        "2022",
        "2023",
        "2024"
    ],
    "revenue": [
        21302662313.0,
        22107364605.0,
        18867240822.0,
        22561138072.0
    ],
    "net_income": [
        654898652.0,
        43949727332.0,
        37637657200.0,
        45101976086.0
    ],
    "roa": [
        0.1000636220761791,
        6.915313159348715,
        5.04591645680013,
        5.306536613408851
    ],
    "roe": [
        0.3676552457519133,
        18.136449722440734,
        14.328054876741373,
        14.974101765975854
    ],
    "debt_ratio": [
        0.7278330086885252,
        0.6187063474285044,
        0.6478296251509248,
        0.6456190363640802
    ],
    "current_ratio": [
        1.3160335907743943,
        1.4894261394437016,
        1.4124707392768148,
        1.4169548733421102
    ]
}