{
    "years": [
        "2021",
        "2022",
        "2023"
    ],
    "revenue": [
        337422824.0,
        387820075.0,
        375398154.0
    ],
    "net_income": [
        90254478.0,
        52332262.0,
        87053668.0
    ],
    "roa": [
        0.16989991849575828,
        0.1064935151935767,
        0.1855775277977934
    ],
    "roe": [
        0.19261150129395962,
        0.11830077275639166,
        0.21192893550234218
    ],
    "debt_ratio": [
        0.11791394930014797,
        0.09980710427926619,
        0.12434077320346634
    ],
    "current_ratio": [
        6.896860893348009,
        8.569428354799545,
        6.931446815736051
    ]
}