{
    "years": [
        "2021",
        "2022",
        "2023",
        "2024"
    ],
    "revenue": [
        4498581705.0,
        6441029337.0,
        4413475970.0,
        4439477098.0
    ],
    "net_income": [
        625312.0,
        1779146379.0,
        858284451.0,
        6845417.0
    ],
    "roa": [
        7.787912867073969e-05,
        0.23467121465765867,
        0.12723119277314515,
        0.0010956760738725319
    ],
    "roe": [
        -0.0003162086760972174,
        -7.054962338919296,
        1.4033270460592053,
        0.011068626040263973
    ],
    "debt_ratio": [
        1.246290296749467,
        1.033263283825496,
        0.9093360360078335,
        0.9010106521001949
    ],
    "current_ratio": [
        0.15881938664318054,
        0.22331530466907978,
        1.1077506163705917,
        1.0912269074376992
    ]
}