{
    "years": [
        "2021",
        "2022",
        "2023",
        "2024"
    ],
    "revenue": [
        4164826385.0,
        3935865494.0,
        3261255036.0,
        3597426318.0
    ],
    "net_income": [
        481340231.0,
        379458584.0,
        309338389.0,
        242196652.0
    ],
    "roa": [
        0.20045260163456338,
        0.13164294853630357,
        0.1061159657085572,
        0.07464474801272261
    ],
    "roe": [
        0.28362585760019415,
        0.21666564092790105,
        0.16703800831978133,
        0.12091215537794578
    ],
    "debt_ratio": [
        0.29324990559525715,
        0.39241428418218904,
        0.36471964209842345,
        0.38265306925181386
    ],
    "current_ratio": [
        1.6621995157283744,
        1.4699989750316147,
        1.6803207539894138,
        1.7686750863793443
    ]
}