{
    "years": [
        "2020",
        "2021",
        "2022",
        "2023"
    ],
    "revenue": [
        644658020.0,
        621790988.0,
        617509928.0,
        616251016.0
    ],
    "net_income": [
        28573330.0,
        29622075.0,
        30008055.0,
        31514070.0
    ],
    "roa": [
        0.048228233762737674,
        0.05267460900502436,
        0.0519946970565665,
        0.054429783308836764
    ],
    "roe": [
        0.0821071434151264,
        0.07977919323348326,
        0.07598385940487762,
        0.07500937002144531
    ],
    "debt_ratio": [
        0.4126182965725647,
        0.3397450278687844,
        0.3157139231436721,
        0.2743602126870925
    ],
    "current_ratio": [
        1.4823576954972402,
        1.2442148177320294,
        1.4679306303526358,
        1.7022445356475824
    ]
}