{
    "years": [
        "2021",
        "2022",
        "2023",
        "2024"
    ],
    "revenue": [
        4522014622.0,
        5181739798.0,
        5767734512.0,
        5714422856.0
    ],
    "net_income": [
        776284794.0,
        988454646.0,
        1050662659.0,
        778920120.0
    ],
    "roa": [
        0.1681119339411722,
        0.1912575417752876,
        0.17194453670865098,
        0.13070789090571103
    ],
    "roe": [
        0.20465473241622653,
        0.2303264933079555,
        0.21650047432381728,
        0.19022385987881124
    ],
    "debt_ratio": [
        0.17855828713862168,
        0.16962421895787377,
        0.20580064664673428,
        0.3128733115341942
    ],
    "current_ratio": [
        4.919118643144952,
        5.198498499948312,
        3.9034889325858737,
        2.5716486373596292
    ]
}