{
    "years": [
        "2020",
        "2021",
        "2022",
        "2023"
    ],
    "revenue": [
        908187048.0,
        1396170446.0,
        1436122658.0,
        2732173696.0
    ],
    "net_income": [
        -79394922.0,
        67739075.0,
        1260216.0,
        5977886.0
    ],
    "roa": [
        -0.15311142359967247,
        0.12627407368211083,
        0.0023190496392456036,
        0.006411544941077073
    ],
    "roe": [
        -0.28574448155225407,
        0.1961227434418883,
        0.003635398107949027,
        0.01695991971115089
    ],
    "debt_ratio": [
        0.4641666471809955,
        0.356147729396177,
        0.3620919716674618,
        0.6219590039178322
    ],
    "current_ratio": [
        1.0033198955652392,
        1.4686718274066015,
        1.6129033615829012,
        1.2529211595405887
    ]
}