{
    "years": [
        "2021",
        "2022",
        "2023",
        "2024"
    ],
    "revenue": [
        80543847.0,
        88835481.0,
        89968717.0,
        85648993.0
    ],
    "net_income": [
        11208066.0,
        12885894.0,
        15355877.0,
        16081883.0
    ],
    "roa": [
        0.1204974399175221,
        0.14639286922943243,
        0.15583286233498378,
        0.1536542195397116
    ],
    "roe": [
        0.14588351249297238,
        0.15946406861105034,
        0.1856570442245368,
        0.17512864976473055
    ],
    "debt_ratio": [
        0.17401604980325103,
        0.08196955900767812,
        0.1606412620330374,
        0.12262088615351006
    ],
    "current_ratio": [
        4.284441932824081,
        9.04769942708298,
        5.013738415762775,
        6.662096719713115
    ]
}