{
    "years": [
        "2021",
        "2022",
        "2023",
        "2024"
    ],
    "revenue": [
        264393246.0,
        264612371.0,
        230021129.0,
        238935229.0
    ],
    "net_income": [
        12375739.0,
        13892764.0,
        12756634.0,
        13204714.0
    ],
    "roa": [
        0.057696560665602234,
        0.06001193071099074,
        0.060181122210811316,
        0.06792166504178374
    ],
    "roe": [
        0.07512254000588768,
        0.08240174129764882,
        0.07448031253179094,
        0.07571067517840126
    ],
    "debt_ratio": [
        0.2319673874035635,
        0.2717152603096378,
        0.19198617506977025,
        0.10287862468884144
    ],
    "current_ratio": [
        2.8996954827974726,
        2.5810299600210436,
        3.5771139677018375,
        6.668951866704458
    ]
}