{
    "years": [
        "2021",
        "2022",
        "2023",
        "2024"
    ],
    "revenue": [
        1609495349.0,
        1837469503.0,
        2000599327.0,
        2087096727.0
    ],
    "net_income": [
        71390002.0,
        98964494.0,
        88961100.0,
        75194063.0
    ],
    "roa": [
        0.05768466169494225,
        0.06734558765442017,
        0.048394076675684516,
        0.03903538283088511
    ],
    "roe": [
        0.09476398795835539,
        0.1238851489155361,
        0.08336326157051903,
        0.07115526712593587
    ],
    "debt_ratio": [
        0.3912807709159293,
        0.45638691768990125,
        0.4194795673301869,
        0.4514055753343263
    ],
    "current_ratio": [
        2.102549139661354,
        1.795170866391667,
        1.6924372057149126,
        1.20463445564974
    ]
}