{
    "years": [
        "2021",
        "2022",
        "2023",
        "2024"
    ],
    "revenue": [
        2585736269.0,
        1930222594.0,
        1039100785.0,
        1531489886.0
    ],
    "net_income": [
        989941273.0,
        191366036.0,
        111623209.0,
        101904299.0
    ],
    "roa": [
        0.05876101836480977,
        0.012975907250242216,
        0.006633338263998775,
        0.005496656798440936
    ],
    "roe": [
        0.1290417095029087,
        0.02455067886568886,
        0.014141051559847167,
        0.012672598381785291
    ],
    "debt_ratio": [
        0.5446354625092342,
        0.47146442176892817,
        0.5309161955936984,
        0.5662565298099049
    ],
    "current_ratio": [
        2.401195392455499,
        2.756646475004283,
        1.790244733307509,
        2.00779205502328
    ]
}