{
    "years": [
        "2021",
        "2022",
        "2023",
        "2024"
    ],
    "revenue": [
        173996447.0,
        175777566.0,
        290916836.0,
        222112989.0
    ],
    "net_income": [
        1085828.0,
        6042477.0,
        14083666.0,
        13364367.0
    ],
    "roa": [
        0.0012285395943020631,
        0.006568575729091282,
        0.018148474541886474,
        0.02145674643089974
    ],
    "roe": [
        0.01199021161062486,
        0.06300652275619702,
        0.13307107643655777,
        0.11150282127180126
    ],
    "debt_ratio": [
        0.8975381224119998,
        0.8957476870369706,
        0.863618187904726,
        0.8075676813719682
    ],
    "current_ratio": [
        1.1466085023363235,
        1.1678782753201373,
        2.0552261016987354,
        1.34439867572918
    ]
}