{
    "years": [
        "2021",
        "2022",
        "2023",
        "2024"
    ],
    "revenue": [
        18994878.0,
        20284918.0,
        17635617.0,
        18464532.0
    ],
    "net_income": [
        3928808.0,
        4361782.0,
        5420237.0,
        4132176.0
    ],
    "roa": [
        0.11434475753142838,
        0.11365876037800383,
        0.13570762045089516,
        0.10149254493850335
    ],
    "roe": [
        0.14640947226513565,
        0.15024576157981842,
        0.1771931002585337,
        0.13360901143404508
    ],
    "debt_ratio": [
        0.21900710546678762,
        0.2435143648453447,
        0.23412581949923073,
        0.24037649968988617
    ],
    "current_ratio": [
        2.9876106641879216,
        3.1019420022669877,
        3.169637587267692,
        3.1591220164115854
    ]
}