{
    "years": [
        "2021",
        "2022",
        "2023",
        "2024"
    ],
    "revenue": [
        100694341.0,
        279285105.0,
        281272879.0,
        525470723.0
    ],
    "net_income": [
        45416966.0,
        66872290.0,
        70569581.0,
        26387322.0
    ],
    "roa": [
        0.022587646623544188,
        0.02277213503988873,
        0.029074415197502035,
        0.010266661055575133
    ],
    "roe": [
        0.03943863753145508,
        0.05039478185427784,
        0.050495639468135324,
        0.019241767619711397
    ],
    "debt_ratio": [
        0.4272711219922606,
        0.5481251391118844,
        0.42421928895763167,
        0.46643877743030765
    ],
    "current_ratio": [
        1.454335492771336,
        1.1953202300454513,
        2.0100892863040616,
        2.103876455773118
    ]
}