{
    "years": [
        "2021",
        "2022",
        "2023",
        "2024"
    ],
    "revenue": [
        18901706.0,
        47193487.0,
        44379519.0,
        46168816.0
    ],
    "net_income": [
        -15815223.0,
        -9779696.0,
        -8476687.0,
        -10461868.0
    ],
    "roa": [
        -0.11866751621855935,
        -0.07779358259834872,
        -0.07093860368123772,
        -0.08988297942415865
    ],
    "roe": [
        -0.46080863943265304,
        -0.3985061666467679,
        -0.495511906315856,
        -1.574382774572389
    ],
    "debt_ratio": [
        0.7424798363922547,
        0.804787004294204,
        0.8568377413800848,
        0.9429090683181722
    ],
    "current_ratio": [
        0.06801367380321094,
        0.08584064805493753,
        0.053234734416247875,
        0.04043724748218961
    ]
}