{
    "years": [
        "2021",
        "2022",
        "2023",
        "2024"
    ],
    "revenue": [
        1549207938.0,
        1347873447.0,
        1122336737.0,
        1058723074.0
    ],
    "net_income": [
        11792602.0,
        -1197176850.0,
        -578740031.0,
        244031208.0
    ],
    "roa": [
        0.0016678953195950704,
        -0.2133303239419389,
        -0.11455777037192202,
        0.056120164061431554
    ],
    "roe": [
        0.005085571904486217,
        -1.079489927575411,
        -1.0971066224740906,
        0.32456424914948373
    ],
    "debt_ratio": [
        0.6720338732948121,
        0.8023785878011019,
        0.895581916994009,
        0.8270907402509867
    ],
    "current_ratio": [
        0.8535721591968148,
        0.635530321766349,
        0.4086080069463234,
        0.7230208735626533
    ]
}