{
    "years": [
        "2021",
        "2022",
        "2023",
        "2024"
    ],
    "revenue": [
        1053877463.0,
        1388078033.0,
        1372529715.0,
        1441495451.0
    ],
    "net_income": [
        6500956.0,
        4954256.0,
        4967674.0,
        4700218.0
    ],
    "roa": [
        0.011405658919568813,
        0.01246600299207362,
        0.010078086703375667,
        0.007882213516909375
    ],
    "roe": [
        0.10971253820957816,
        0.08388794186354663,
        0.08409603551062857,
        0.07959625099401793
    ],
    "debt_ratio": [
        0.8960405154624973,
        0.8513969622433817,
        0.8801597882446915,
        0.9009725531231142
    ],
    "current_ratio": [
        1.0568239631884695,
        1.087920182147234,
        1.0487886692901327,
        1.0431957317042357
    ]
}