{
    "years": [
        "2021",
        "2022",
        "2023",
        "2024"
    ],
    "revenue": [
        826505826.0,
        899029791.0,
        620231260.0,
        868155808.0
    ],
    "net_income": [
        50604101.0,
        54821599.0,
        39614514.0,
        54688215.0
    ],
    "roa": [
        0.10718428995431842,
        0.11750408775088216,
        0.07973327350054155,
        0.10126611495479082
    ],
    "roe": [
        0.19454007253388522,
        0.2160292146519681,
        0.13886117492976918,
        0.19096558592144436
    ],
    "debt_ratio": [
        0.4490374730602153,
        0.45607316149259697,
        0.4258058558062203,
        0.4697153706194599
    ],
    "current_ratio": [
        1.2657169717170094,
        1.3290692002088738,
        1.5747106031917328,
        1.5339578486276153
    ]
}