{
    "years": [
        "2020",
        "2021",
        "2022",
        "2023"
    ],
    "revenue": [
        1542266916.0,
        1567817505.0,
        1593498072.0,
        1721604258.0
    ],
    "net_income": [
        179535201.0,
        159281868.0,
        200075859.0,
        183332761.0
    ],
    "roa": [
        0.12263480337232648,
        0.09820990058588185,
        0.10885655489459799,
        0.09914350441486033
    ],
    "roe": [
        0.13649008229550957,
        0.11660190357768885,
        0.137084223741475,
        0.12057295058613579
    ],
    "debt_ratio": [
        0.10151125041587673,
        0.15773329960735066,
        0.20591478783226821,
        0.17773012990974732
    ],
    "current_ratio": [
        8.40610410445881,
        5.559556579769328,
        4.225459950890599,
        5.09172449822447
    ]
}