{
    "years": [
        "2020",
        "2022",
        "2023",
        "2024"
    ],
    "revenue": [
        376248495.0,
        638522997.0,
        718844771.0,
        804254065.0
    ],
    "net_income": [
        5938246.0,
        10431016.0,
        7168423.0,
        3790853.0
    ],
    "roa": [
        0.01783181970637861,
        0.02708441582007571,
        0.01151966766022919,
        0.006558017241483108
    ],
    "roe": [
        0.043974477938563655,
        0.0714272381065203,
        0.04734971232420665,
        0.024428114126337053
    ],
    "debt_ratio": [
        0.5944961590836556,
        0.6208111003860405,
        0.7567109261117945,
        0.7315381282580217
    ],
    "current_ratio": [
        1.3073885479711014,
        0.8840326195767709,
        1.2308928190980455,
        1.2591073949496308
    ]
}