{
    "years": [
        "2023"
    ],
    "revenue": [
        354088954.0
    ],
    "net_income": [
        3172048.0
    ],
    "roa": [
        0.028226040069567773
    ],
    "roe": [
        0.07188248868457127
    ],
    "debt_ratio": [
        0.6073307896527217
    ],
    "current_ratio": [
        1.6232835235269085
    ]
}