{
    "years": [
        "2022",
        "2023",
        "2024"
    ],
    "revenue": [
        2054009592.0,
        2332409395.0,
        2630406446.0
    ],
    "net_income": [
        114090271.0,
        126937954.0,
        157554066.0
    ],
    "roa": [
        0.07617434310389358,
        0.083449337550449,
        0.101567638737424
    ],
    "roe": [
        0.13755007857148296,
        0.1524247336711892,
        0.18627023189211894
    ],
    "debt_ratio": [
        0.4462064733441299,
        0.45252102109316455,
        0.4547296274573366
    ],
    "current_ratio": [
        1.2824059600331865,
        1.028802224872427,
        1.0131356988769316
    ]
}