{
    "years": [
        "2021",
        "2022",
        "2023",
        "2024"
    ],
    "revenue": [
        567630676.0,
        658676029.0,
        802482862.0,
        937408788.0
    ],
    "net_income": [
        26319119.0,
        29194416.0,
        37393801.0,
        42140544.0
    ],
    "roa": [
        0.2311451095105494,
        0.23854549167415456,
        0.2152893787277037,
        0.2078541516012578
    ],
    "roe": [
        0.3152781062201026,
        0.30718361275273,
        0.3296207825554946,
        0.3162229343508126
    ],
    "debt_ratio": [
        0.2668532798494359,
        0.22344330305740057,
        0.346857388485637,
        0.34269741684621846
    ],
    "current_ratio": [
        2.2099268665363656,
        2.2674645808239138,
        1.6446234310445107,
        1.6493958103346984
    ]
}