{
    "years": [
        "2021",
        "2022",
        "2023",
        "2024"
    ],
    "revenue": [
        160575871.0,
        138491252.0,
        118791006.0,
        94510130.0
    ],
    "net_income": [
        9020142.0,
        -24197590.0,
        5842221.0,
        -7072208.0
    ],
    "roa": [
        0.048227080917795664,
        -0.1262279578036126,
        0.0315086500673778,
        -0.03487529617733614
    ],
    "roe": [
        0.07310261166963355,
        -0.25973688480397766,
        0.0590098578995974,
        -0.04304135066407589
    ],
    "debt_ratio": [
        0.34028238093949054,
        0.5140160478213316,
        0.46604429854773866,
        0.18972579532815356
    ],
    "current_ratio": [
        1.0966466935137433,
        0.48201691804408536,
        0.4942406743019302,
        2.1476256773357525
    ]
}