{
    "years": [
        "2020",
        "2021",
        "2022",
        "2023"
    ],
    "revenue": [
        259599857.0,
        254578699.0,
        240049408.0,
        258936905.0
    ],
    "net_income": [
        12141437.0,
        10734307.0,
        5892460.0,
        5719042.0
    ],
    "roa": [
        0.07679981909268022,
        0.06833173365642739,
        0.039053066754262775,
        0.03631189605804659
    ],
    "roe": [
        0.16133561628545295,
        0.1402544260641141,
        0.07841142341299691,
        0.07481542513458272
    ],
    "debt_ratio": [
        0.5239747994838448,
        0.5128015879856005,
        0.5019467182916919,
        0.5146469328654291
    ],
    "current_ratio": [
        1.0448790857487662,
        1.431424073069487,
        1.1847173582204986,
        1.3734054357609045
    ]
}