{
    "years": [
        "2021",
        "2022",
        "2023",
        "2024"
    ],
    "revenue": [
        2475118748.0,
        2752653519.0,
        2372957441.0,
        2080599353.0
    ],
    "net_income": [
        1373151656.0,
        1504536920.0,
        1129198286.0,
        906273586.0
    ],
    "roa": [
        0.15327599753199586,
        0.17472011922815534,
        0.14081306950741973,
        0.12119585347531367
    ],
    "roe": [
        0.21103381363384938,
        0.23172111203990503,
        0.21373623919280943,
        0.17212299468642311
    ],
    "debt_ratio": [
        0.273689865653782,
        0.24598963948495756,
        0.3411829924620616,
        0.2958764533692285
    ],
    "current_ratio": [
        4.046732379508326,
        4.076098350507309,
        1.5638134701682322,
        2.6281417651423196
    ]
}