{
    "years": [
        "2021",
        "2022",
        "2023",
        "2024"
    ],
    "revenue": [
        217879473.0,
        189851084.0,
        217409401.0,
        232147017.0
    ],
    "net_income": [
        9294660.0,
        5576674.0,
        7340525.0,
        6882344.0
    ],
    "roa": [
        0.11131242157696154,
        0.07018030244029427,
        0.09322889142138363,
        0.07720218027264086
    ],
    "roe": [
        0.1552907246444368,
        0.09609074750014189,
        0.12308455397985059,
        0.11262344963536994
    ],
    "debt_ratio": [
        0.2831998058362513,
        0.2696455770604695,
        0.24256221916646378,
        0.314510605716741
    ],
    "current_ratio": [
        2.346370668175894,
        2.8697663977654724,
        3.4276794494916913,
        2.329879221096568
    ]
}