{
    "years": [
        "2020",
        "2021",
        "2022",
        "2024"
    ],
    "revenue": [
        704066913.0,
        549682218.0,
        321285101.0,
        197275419.0
    ],
    "net_income": [
        37164350.0,
        26963092.0,
        -100186623.0,
        -262389.0
    ],
    "roa": [
        0.07254351919179831,
        0.0519045398553308,
        -0.2561564191526063,
        -0.0008924660136038135
    ],
    "roe": [
        0.304535682102617,
        0.19046260236508777,
        -2.2924988734478973,
        -0.059478867115829524
    ],
    "debt_ratio": [
        0.7617897558311282,
        0.7274817249643701,
        0.8882632300851039,
        0.9849952418921191
    ],
    "current_ratio": [
        1.2633705650810196,
        1.268786422854083,
        0.9519500176772374,
        0.9453643971931394
    ]
}