{
    "years": [
        "2021",
        "2022",
        "2023",
        "2024"
    ],
    "revenue": [
        467306781.0,
        534394104.0,
        596008091.0,
        644687223.0
    ],
    "net_income": [
        121411584.0,
        157204824.0,
        155889018.0,
        100354867.0
    ],
    "roa": [
        0.08177050030313689,
        0.09426801546409265,
        0.09328147083056808,
        0.06451273051252647
    ],
    "roe": [
        0.15536310192972813,
        0.19735656649330935,
        0.19238988304571378,
        0.12914172874982327
    ],
    "debt_ratio": [
        0.4736813356100325,
        0.5223466989770089,
        0.5151435753593994,
        0.500450155522525
    ],
    "current_ratio": [
        2.3524927945487484,
        1.8911835982290985,
        1.8061453165163588,
        1.7070181336354926
    ]
}