{
    "years": [
        "2011",
        "2012",
        "2013",
        "2015"
    ],
    "revenue": [
        50027034.0,
        23108175.0,
        17233218.0,
        17277230.0
    ],
    "net_income": [
        9254866.0,
        6223267.0,
        5237090.0,
        5345146.0
    ],
    "roa": [
        0.06233898895917748,
        0.047685733557100575,
        0.041859709988571865,
        0.05532738133930962
    ],
    "roe": [
        0.09937807004027259,
        0.06840092446208658,
        0.05889049206011931,
        0.06003386064348251
    ],
    "debt_ratio": [
        0.3727087984913086,
        0.30284957502976534,
        0.289194086783335,
        0.07839707881062029
    ],
    "current_ratio": [
        11.846525115443713,
        3.288914570863201,
        2.951066973852483,
        5.1971814270474965
    ]
}