{
    "years": [
        "2021",
        "2022",
        "2023",
        "2024"
    ],
    "revenue": [
        1155796336.0,
        1216614972.0,
        1196174528.0,
        1282996623.0
    ],
    "net_income": [
        403336431.0,
        378497773.0,
        331993313.0,
        345952928.0
    ],
    "roa": [
        0.10696799963958886,
        0.10705420347771154,
        0.09405382972671102,
        0.09818623191649625
    ],
    "roe": [
        0.19732872932087345,
        0.17211902582783004,
        0.144877225969408,
        0.14144814967388505
    ],
    "debt_ratio": [
        0.45791978690720847,
        0.37802225545479545,
        0.3508032121862186,
        0.3058500083396713
    ],
    "current_ratio": [
        1.1840027160642108,
        1.4052940934074758,
        1.415189258169273,
        1.7285102363925655
    ]
}