{
    "years": [
        "2021",
        "2022",
        "2023",
        "2024"
    ],
    "revenue": [
        336507879.0,
        369870328.0,
        236329402.0,
        219955192.0
    ],
    "net_income": [
        14728378.0,
        17820894.0,
        4717293.0,
        3939479.0
    ],
    "roa": [
        0.11651964192426711,
        0.13764985325616522,
        0.038851816868506625,
        0.032825424363673944
    ],
    "roe": [
        0.1277400260913235,
        0.15624935008967142,
        0.04432275980616795,
        0.03742689579567031
    ],
    "debt_ratio": [
        0.08783765363438047,
        0.11903727486118781,
        0.12343416704164674,
        0.12294558055569978
    ],
    "current_ratio": [
        11.26103887073848,
        8.289647489694028,
        8.019894140791706,
        8.070093858566475
    ]
}