{
    "years": [
        "2021",
        "2022",
        "2023",
        "2024"
    ],
    "revenue": [
        72339749.0,
        83665796.0,
        86638524.0,
        81096617.0
    ],
    "net_income": [
        7172303.0,
        8023644.0,
        12442146.0,
        9849422.0
    ],
    "roa": [
        0.07416785082550904,
        0.08263780111982691,
        0.12875729628621727,
        0.0965870990366818
    ],
    "roe": [
        0.09896008820707736,
        0.10623042894874793,
        0.1521989697931404,
        0.11757924578025701
    ],
    "debt_ratio": [
        0.25052764029160635,
        0.22208917032899822,
        0.1540199223344523,
        0.17853615750187138
    ],
    "current_ratio": [
        0.8424108263251967,
        1.142432294599738,
        1.8822966998397805,
        2.187133582552127
    ]
}