{
    "years": [
        "2021",
        "2022",
        "2023",
        "2024"
    ],
    "revenue": [
        2182419981.0,
        2159564636.0,
        2158359154.0,
        2025737355.0
    ],
    "net_income": [
        44992128.0,
        50487992.0,
        115938779.0,
        113758603.0
    ],
    "roa": [
        0.039759675151228656,
        0.04352666586240144,
        0.10217201403715846,
        0.08165289120758672
    ],
    "roe": [
        0.17034883686590352,
        0.18606744390154864,
        0.32984512043756825,
        0.22238885886947796
    ],
    "debt_ratio": [
        0.7665984935222835,
        0.7660704906257964,
        0.6902424571216382,
        0.6328373119828383
    ],
    "current_ratio": [
        1.1235986159935396,
        1.1292189476294567,
        1.2504092881600202,
        1.4101307600417288
    ]
}