{
    "years": [
        "2021",
        "2022",
        "2023",
        "2024"
    ],
    "revenue": [
        180098001.0,
        189016689.0,
        193554723.0,
        200432040.0
    ],
    "net_income": [
        -17928502.0,
        -23750250.0,
        -24049332.0,
        -5554109.0
    ],
    "roa": [
        -0.036752408515017466,
        -0.048778364572017854,
        -0.05327899708321623,
        -0.012547877464821918
    ],
    "roe": [
        -0.13346953375933499,
        -0.21478607983808465,
        -0.2779403064256221,
        -0.06859223039166741
    ],
    "debt_ratio": [
        0.7246382190763668,
        0.7728979242565944,
        0.8083077702244892,
        0.8170656152574063
    ],
    "current_ratio": [
        0.5402464465372689,
        0.5392688405111868,
        0.4644447742520655,
        0.48502541392453496
    ]
}