{
    "years": [
        "2021",
        "2022",
        "2023",
        "2024"
    ],
    "revenue": [
        394473551.0,
        503993842.0,
        418230695.0,
        422590078.0
    ],
    "net_income": [
        92927043.0,
        108824211.0,
        125263371.0,
        121171579.0
    ],
    "roa": [
        0.20939323224585873,
        0.21427659844545843,
        0.21951903202359838,
        0.19936857863578125
    ],
    "roe": [
        0.2546839061119028,
        0.2606880603959578,
        0.267387055233797,
        0.23352493151913287
    ],
    "debt_ratio": [
        0.17783092209267545,
        0.17803447491996852,
        0.17902146821709058,
        0.14626426677938306
    ],
    "current_ratio": [
        3.2149626009608574,
        3.4305758746109833,
        3.792784645101978,
        4.874527345235892
    ]
}