{
    "years": [
        "2021",
        "2022",
        "2023",
        "2024"
    ],
    "revenue": [
        189381434.0,
        197986599.0,
        187501212.0,
        182637000.0
    ],
    "net_income": [
        17691095.0,
        22810875.0,
        25944345.0,
        24569321.0
    ],
    "roa": [
        0.0803829530368288,
        0.09468380381928025,
        0.09930554257880188,
        0.08745312221150932
    ],
    "roe": [
        0.10284703791192021,
        0.11996316173067607,
        0.1225122028445686,
        0.10630318602568317
    ],
    "debt_ratio": [
        0.21842228353071277,
        0.21072600577291697,
        0.18942325521000572,
        0.17732360166156838
    ],
    "current_ratio": [
        4.375947432866619,
        4.583291224277994,
        4.9461630430178385,
        5.284344904412439
    ]
}