{
    "years": [
        "2021",
        "2022",
        "2023"
    ],
    "revenue": [
        332481583.0,
        411388426.0,
        324814037.0
    ],
    "net_income": [
        6764009.0,
        7770224.0,
        8290287.0
    ],
    "roa": [
        0.07248960779155506,
        0.06509469002148784,
        0.08665953030801693
    ],
    "roe": [
        0.14632305196771794,
        0.15734882686567297,
        0.15727246326970917
    ],
    "debt_ratio": [
        0.5045920187097529,
        0.5863033025530054,
        0.4489847204885254
    ],
    "current_ratio": [
        1.6402823582094554,
        1.470570691628757,
        1.9067906048979448
    ]
}