{
    "years": [
        "2021",
        "2022",
        "2023",
        "2024"
    ],
    "revenue": [
        1217826617.0,
        755339885.0,
        1041911277.0,
        1225313178.0
    ],
    "net_income": [
        472577535.0,
        204633309.0,
        254104618.0,
        324254719.0
    ],
    "roa": [
        0.11719249081962052,
        0.08741230430188404,
        0.05967338088402348,
        0.07224675419536539
    ],
    "roe": [
        0.1723130255391241,
        0.0951229229092477,
        0.08319465719202407,
        0.10023406736078103
    ],
    "debt_ratio": [
        0.31988605937969744,
        0.08105952142282263,
        0.2827258035778719,
        0.27921956977639667
    ],
    "current_ratio": [
        3.4771847827870377,
        4.470200867653966,
        8.385868112308955,
        8.607309566691079
    ]
}