{
    "years": [
        "2020",
        "2021",
        "2022",
        "2023"
    ],
    "revenue": [
        946476171.0,
        749314622.0,
        1001212764.0,
        871690535.0
    ],
    "net_income": [
        18263878.0,
        22758693.0,
        14854693.0,
        -33414292.0
    ],
    "roa": [
        0.012956331477010061,
        0.016139167169276474,
        0.010002568959244966,
        -0.023139140801073585
    ],
    "roe": [
        0.019783492084876213,
        0.02409773961572156,
        0.015905096628066103,
        -0.03710457351724728
    ],
    "debt_ratio": [
        0.34509380743176676,
        0.3302621977562098,
        0.37110919894730776,
        0.37638035940992987
    ],
    "current_ratio": [
        2.1509009219734447,
        2.2104841048186845,
        1.9498816418751856,
        1.870269228696314
    ]
}