{
    "years": [
        "2022",
        "2023",
        "2024"
    ],
    "revenue": [
        5139167143.0,
        4657643187.0,
        4852424350.0
    ],
    "net_income": [
        307184677.0,
        246334433.0,
        231618562.0
    ],
    "roa": [
        0.08987792932027316,
        0.07278661394265061,
        0.05514625904749644
    ],
    "roe": [
        0.1608496393045218,
        0.1330546688040106,
        0.12092086017717918
    ],
    "debt_ratio": [
        0.441230146931722,
        0.45295708450587907,
        0.5439475127228385
    ],
    "current_ratio": [
        1.630749940892074,
        1.5196751492096572,
        1.3062311695317645
    ]
}