{
    "years": [
        "2021",
        "2022",
        "2023",
        "2024"
    ],
    "revenue": [
        1328207841.0,
        1195892084.0,
        969416373.0,
        1186817678.0
    ],
    "net_income": [
        129808230.0,
        76128927.0,
        52018218.0,
        121793266.0
    ],
    "roa": [
        0.044718426187110825,
        0.029055705378954858,
        0.020893954000696997,
        0.04593362112599571
    ],
    "roe": [
        0.06931152664546925,
        0.04386822724463514,
        0.030516158715557653,
        0.06442332234255119
    ],
    "debt_ratio": [
        0.35481977743980364,
        0.33765945870292213,
        0.31531506978154145,
        0.287003224053584
    ],
    "current_ratio": [
        0.6845209000268533,
        0.6506386795533139,
        0.5800437065267559,
        0.8078676504784897
    ]
}