{
    "years": [
        "2020",
        "2021",
        "2022",
        "2023"
    ],
    "revenue": [
        77912066.0,
        0.0,
        60238137.0,
        8798072.0
    ],
    "net_income": [
        50932679.0,
        13243434.0,
        691148.0,
        -103803627.0
    ],
    "roa": [
        0.02036280909445671,
        0.00486077520698796,
        0.00017963546168130415,
        -0.0249630792184967
    ],
    "roe": [
        0.059818376251471315,
        0.015424833172932789,
        0.00042789242609771075,
        -0.060784314983892127
    ],
    "debt_ratio": [
        0.659589404285178,
        0.6848734017092931,
        0.5801854608188747,
        0.5893170923269938
    ],
    "current_ratio": [
        1.1049858400465624,
        0.9388701859397426,
        1.1167474603171883,
        1.1482275326672002
    ]
}