{
    "years": [
        "2021",
        "2022",
        "2023",
        "2024"
    ],
    "revenue": [
        585739313.0,
        496834552.0,
        443718005.0,
        471071620.0
    ],
    "net_income": [
        84090895.0,
        80366738.0,
        73657842.0,
        110402881.0
    ],
    "roa": [
        0.08188702814059011,
        0.10493651385500828,
        0.11464422953699188,
        0.15142978216900493
    ],
    "roe": [
        0.11822092889237099,
        0.14070538164394575,
        0.137101220780121,
        0.18693513515678992
    ],
    "debt_ratio": [
        0.3073389888930704,
        0.2542110853972196,
        0.16379862349398755,
        0.1899340803857189
    ],
    "current_ratio": [
        1.1209044081091573,
        1.5122771618251476,
        1.7117712328136205,
        1.6090070119558302
    ]
}