{
    "years": [
        "2021",
        "2022",
        "2023",
        "2024"
    ],
    "revenue": [
        95635308.0,
        113417963.0,
        105424331.0,
        91341413.0
    ],
    "net_income": [
        56266364.0,
        61972911.0,
        58029557.0,
        44762427.0
    ],
    "roa": [
        0.4178255279676598,
        0.464866661283358,
        58029557.0,
        0.35175891650485863
    ],
    "roe": [
        0.4599403542979389,
        0.5343300547857006,
        -3.4074167045255104,
        0.3946854047775348
    ],
    "debt_ratio": [
        0.09156584312886369,
        0.1300009102617327,
        17030367.0,
        0.10876127607726398
    ],
    "current_ratio": [
        7.688990478229523,
        5.325892306153921,
        0.0,
        6.422471213234131
    ]
}