{
    "years": [
        "2021",
        "2022",
        "2023",
        "2024"
    ],
    "revenue": [
        42563421.0,
        3726741.0,
        31956928.0,
        51242864.0
    ],
    "net_income": [
        7703157.0,
        -36335036.0,
        2828730.0,
        8826670.0
    ],
    "roa": [
        0.049924424659142964,
        -0.34388257590025595,
        0.02074444768136303,
        0.056446344474294204
    ],
    "roe": [
        0.06608606144684243,
        -0.4548846570267604,
        0.03420215129939289,
        0.09643169610619992
    ],
    "debt_ratio": [
        0.24455439519117625,
        0.24402247781237937,
        0.3934753548168985,
        0.4146494694842864
    ],
    "current_ratio": [
        2.8130536507546804,
        1.9106842460927953,
        1.157428428594146,
        1.806062727501909
    ]
}