{
    "years": [
        "2021",
        "2022",
        "2023",
        "2024"
    ],
    "revenue": [
        17398177.0,
        164075162.0,
        172181204.0,
        167972870.0
    ],
    "net_income": [
        -72539922.0,
        20412226.0,
        10130858.0,
        10442588.0
    ],
    "roa": [
        -0.1265623039718307,
        0.03427799568548055,
        0.01595306594179723,
        0.014285034976686917
    ],
    "roe": [
        -0.3240478948664205,
        0.08356495379499146,
        0.027818374993606503,
        0.017867846119480793
    ],
    "debt_ratio": [
        0.609433340019066,
        0.5898041687478917,
        0.4265277556484259,
        0.2005172374351064
    ],
    "current_ratio": [
        0.10838682626054746,
        0.17529695753698096,
        0.2626633283913658,
        0.9720454926816255
    ]
}