{
    "years": [
        "2021",
        "2022",
        "2023",
        "2024"
    ],
    "revenue": [
        51985030.0,
        65652057.0,
        47656147.0,
        46923159.0
    ],
    "net_income": [
        -34593271.0,
        -13437839.0,
        -19216048.0,
        -18649193.0
    ],
    "roa": [
        -0.2248532461055431,
        -0.09992219464129395,
        -0.16087790222370196,
        -0.18137562647445193
    ],
    "roe": [
        -0.725210709974109,
        -0.39219504988347104,
        -1.2770594742310897,
        5.177328538336654
    ],
    "debt_ratio": [
        0.6899477034563228,
        0.7452232131155586,
        0.8740247377119491,
        1.0350326669693486
    ],
    "current_ratio": [
        0.48710402258706215,
        0.4686031779432196,
        0.38317672053937835,
        0.3408440796061504
    ]
}