{
    "years": [
        "2021",
        "2022",
        "2023",
        "2024"
    ],
    "revenue": [
        25241829.0,
        232177817.0,
        248913835.0,
        217636663.0
    ],
    "net_income": [
        24243129.0,
        107738287.0,
        112507257.0,
        92592416.0
    ],
    "roa": [
        0.12078741315657653,
        0.38024933169340935,
        0.3246890352823569,
        0.24746849528827494
    ],
    "roe": [
        0.13250625087519904,
        0.42958134869595527,
        0.35503802050991456,
        0.2927824754716016
    ],
    "debt_ratio": [
        0.08843988597685026,
        0.11483742753799492,
        0.08548094422104345,
        0.15477012451082248
    ],
    "current_ratio": [
        10.722840154058229,
        8.264501660676034,
        11.398069450378303,
        6.138023132925843
    ]
}