{
    "years": [
        "2021",
        "2022",
        "2023",
        "2024"
    ],
    "revenue": [
        55888573.0,
        221630897.0,
        212215150.0,
        194075452.0
    ],
    "net_income": [
        -90638651.0,
        -41594751.0,
        2332361.0,
        -20752893.0
    ],
    "roa": [
        -0.08748186881364214,
        -0.038475251767015765,
        0.002334511837114794,
        -0.021109199226713955
    ],
    "roe": [
        -0.09205803473634135,
        -0.04410957496109076,
        0.0024672733524314177,
        -0.022446082723580816
    ],
    "debt_ratio": [
        0.04970957652751938,
        0.12773469703675575,
        0.05380900141680333,
        0.05955976877258812
    ],
    "current_ratio": [
        10.945394944659057,
        4.831842634667183,
        11.400989017968232,
        7.164618115674701
    ]
}