{
    "years": [
        "2022",
        "2023",
        "2024"
    ],
    "revenue": [
        49839284.0,
        53678208.0,
        60947940.0
    ],
    "net_income": [
        31939937.0,
        1543965.0,
        1775944.0
    ],
    "roa": [
        0.07733488684593207,
        0.0036545881706863065,
        0.004432867572526759
    ],
    "roe": [
        0.08072594340405667,
        0.0038877242294519574,
        0.004452056029066866
    ],
    "debt_ratio": [
        0.04200702296102501,
        0.059967231471691966,
        0.004310021350771187
    ],
    "current_ratio": [
        1.5820988605726982,
        2.228636269116133,
        2.8460808135231486
    ]
}