{
    "years": [
        "2019",
        "2020",
        "2022",
        "2023"
    ],
    "revenue": [
        54219847.0,
        47445138.0,
        131158632.0,
        100007683.0
    ],
    "net_income": [
        6286763.0,
        -3813479.0,
        8064748.0,
        1332721.0
    ],
    "roa": [
        0.013552185122713875,
        -0.007127710571018757,
        0.010767178583258008,
        0.0018799987480790886
    ],
    "roe": [
        0.03345052258794576,
        -0.02072864025926451,
        0.039972915310403326,
        0.0065688035671033155
    ],
    "debt_ratio": [
        0.5948587922032182,
        0.6561419137064197,
        0.7306381458633379,
        0.7137989089072239
    ],
    "current_ratio": [
        0.837355080339699,
        0.8581440718292966,
        0.6352764491144978,
        0.4557407352761869
    ]
}