{
    "years": [
        "2021",
        "2022",
        "2023",
        "2024"
    ],
    "revenue": [
        48061054.0,
        53837220.0,
        44147888.0,
        52962937.0
    ],
    "net_income": [
        3101061.0,
        3024315.0,
        2571634.0,
        3032772.0
    ],
    "roa": [
        0.07983355507454418,
        0.08995394623503422,
        0.07122948706667051,
        0.07936565716760437
    ],
    "roe": [
        0.15173099099084994,
        0.14630538997935683,
        0.1313007279956246,
        0.14936722488963208
    ],
    "debt_ratio": [
        0.4738480612747168,
        0.3851631423303926,
        0.4575088184656209,
        0.46865413596424577
    ],
    "current_ratio": [
        1.7566186422482173,
        2.0966313951721216,
        1.7025934225230663,
        1.7973347428675832
    ]
}