{
    "years": [
        "2021",
        "2022",
        "2023",
        "2024"
    ],
    "revenue": [
        693305059.0,
        582012928.0,
        785048401.0,
        494682620.0
    ],
    "net_income": [
        185779090.0,
        154430782.0,
        323868504.0,
        176202190.0
    ],
    "roa": [
        0.0955716640217387,
        0.07585958137697116,
        0.14821769447091582,
        0.0795928782906847
    ],
    "roe": [
        0.23646280228432384,
        0.16192571108703074,
        0.2626793992013022,
        0.1334061143225054
    ],
    "debt_ratio": [
        0.5958279141646011,
        0.5315161448560899,
        0.4357467889694296,
        0.4033790827737383
    ],
    "current_ratio": [
        1.0946942451313362,
        1.3303064425767492,
        2.7672942247140138,
        3.4554458492041
    ]
}