{
    "years": [
        "2020",
        "2021"
    ],
    "revenue": [
        0.0,
        96066282.0
    ],
    "net_income": [
        595074.0,
        15633957.0
    ],
    "roa": [
        0.040636164379408264,
        0.008712023749926976
    ],
    "roe": [
        0.0410574787729908,
        0.024911348482536348
    ],
    "debt_ratio": [
        0.010261574898741467,
        0.6502789178179421
    ],
    "current_ratio": [
        50.86811073401211,
        1.1764122855467556
    ]
}