{
    "years": [
        "2021",
        "2022",
        "2023",
        "2024"
    ],
    "revenue": [
        505272247.0,
        581553776.0,
        527570653.0,
        534063516.0
    ],
    "net_income": [
        3329781.0,
        3554711.0,
        2407722.0,
        3215162.0
    ],
    "roa": [
        0.00742583685235405,
        0.008460293934696791,
        0.005709575556516626,
        0.009103630957543832
    ],
    "roe": [
        0.02612774714549124,
        0.027843559891549328,
        0.019030325978356466,
        0.025251078298266116
    ],
    "debt_ratio": [
        0.7157873271276091,
        0.6961489849843325,
        0.6999748946491915,
        0.6394755562510398
    ],
    "current_ratio": [
        1.1331393972479686,
        1.0723989043201223,
        1.0959970224949447,
        1.1816213991881792
    ]
}