{
    "years": [
        "2021",
        "2022",
        "2023",
        "2024"
    ],
    "revenue": [
        58183948.0,
        169515779.0,
        314165654.0,
        620650947.0
    ],
    "net_income": [
        6212446.0,
        6926300.0,
        58156.0,
        175798.0
    ],
    "roa": [
        0.03569212439549727,
        0.022766125349169282,
        0.00019007505497055502,
        0.0006590694020122555
    ],
    "roe": [
        0.04832117215947636,
        0.05111961801674894,
        0.0004290367207140848,
        0.0012952421897628316
    ],
    "debt_ratio": [
        0.2613564034063354,
        0.5546499322097802,
        0.5569725252090408,
        0.49116126140630423
    ],
    "current_ratio": [
        2.696041531205714,
        1.3462109192641718,
        1.1892387710720274,
        1.5605162580452072
    ]
}