{
    "years": [
        "2021",
        "2022",
        "2023",
        "2024"
    ],
    "revenue": [
        13059307163.0,
        10769902149.0,
        11830033488.0,
        12839301285.0
    ],
    "net_income": [
        907270809.0,
        778726945.0,
        540010826.0,
        689207886.0
    ],
    "roa": [
        0.04832924524297097,
        0.04671201418306915,
        0.03273155152899855,
        0.044376046472403195
    ],
    "roe": [
        0.11656536218919177,
        0.0958862241715661,
        0.06624575459389791,
        0.0808539930689151
    ],
    "debt_ratio": [
        0.585389310037659,
        0.5128391529998213,
        0.5059071825862552,
        0.4511582571490351
    ],
    "current_ratio": [
        0.6951672182410271,
        0.7682996234209021,
        0.8597501083271634,
        0.9252861392186945
    ]
}