{
    "years": [
        "2021",
        "2022",
        "2023",
        "2024"
    ],
    "revenue": [
        1381840902.0,
        1613986904.0,
        1972528404.0,
        1966999545.0
    ],
    "net_income": [
        56129714.0,
        -152650157.0,
        -156135433.0,
        4252562.0
    ],
    "roa": [
        0.029739568125206048,
        -0.0644471561758995,
        -0.07532569412383981,
        0.0020060806817819568
    ],
    "roe": [
        0.052735169541206696,
        -0.16744538067285472,
        -0.2067191936339758,
        0.005599345979590606
    ],
    "debt_ratio": [
        0.43605816793728386,
        0.6151153533353501,
        0.6356134483708653,
        0.6417294646385414
    ],
    "current_ratio": [
        1.4457372627511256,
        1.2602277949913034,
        1.2396735882779433,
        1.1673205613386772
    ]
}