{
    "years": [
        "2021",
        "2022",
        "2023",
        "2024"
    ],
    "revenue": [
        579814095.0,
        792299100.0,
        1115576290.0,
        1295750110.0
    ],
    "net_income": [
        108263220.0,
        124820155.0,
        216896216.0,
        237232160.0
    ],
    "roa": [
        0.17610277868402477,
        0.1394757916710189,
        0.2003966185284772,
        0.184986524767093
    ],
    "roe": [
        0.24026127949937554,
        0.20874289271009433,
        0.27428359747239245,
        0.24342873009725693
    ],
    "debt_ratio": [
        0.26703637368882627,
        0.33182974586480773,
        0.26938168969929827,
        0.2400793255044897
    ],
    "current_ratio": [
        2.6468291164427633,
        2.254536157223563,
        2.9042106411755886,
        3.0040683295925223
    ]
}