{
    "years": [
        "2013",
        "2014",
        "2015",
        "2016"
    ],
    "revenue": [
        61678885.0,
        59560936.0,
        60368070.0,
        66122223.0
    ],
    "net_income": [
        5576321.0,
        18616709.0,
        6649258.0,
        14139013.0
    ],
    "roa": [
        0.04825515309147759,
        0.16252011574699973,
        0.054054508861286814,
        0.10368155947246953
    ],
    "roe": [
        0.06946527597615704,
        0.1997147200610141,
        0.06672412673182605,
        0.12518643478242084
    ],
    "debt_ratio": [
        0.30533417720760975,
        0.1862386723555038,
        0.18988060977493598,
        0.17178279217974105
    ],
    "current_ratio": [
        1.4348592333904522,
        1.6478925156443938,
        1.8546602009765707,
        2.8604418471957547
    ]
}