{
    "years": [
        "2020",
        "2021",
        "2022",
        "2023"
    ],
    "revenue": [
        157740216.0,
        156874621.0,
        187367059.0,
        171543896.0
    ],
    "net_income": [
        8710810.0,
        3464071.0,
        9217726.0,
        8504290.0
    ],
    "roa": [
        0.05172260977947738,
        0.02277226067595638,
        0.055281729868922214,
        0.04959371426005853
    ],
    "roe": [
        0.07003697190159278,
        0.028550290627594888,
        0.07130660031980003,
        0.0652589277599403
    ],
    "debt_ratio": [
        0.2614956304485645,
        0.2023807752784777,
        0.22473193756270168,
        0.2400470562052045
    ],
    "current_ratio": [
        2.094895487167926,
        2.5223400063430432,
        2.403677762108939,
        2.2005528806154935
    ]
}