{
    "years": [
        "2021",
        "2022",
        "2023",
        "2024"
    ],
    "revenue": [
        119737549.0,
        162622263.0,
        170087264.0,
        171798179.0
    ],
    "net_income": [
        1900520.0,
        12277698.0,
        -2434042.0,
        -19195326.0
    ],
    "roa": [
        0.01875052659764546,
        0.08702365752871924,
        -0.014760071387302762,
        -0.11882068937187999
    ],
    "roe": [
        0.028527569891210306,
        0.15349486320893418,
        -0.03692683886302192,
        -0.41019221116024407
    ],
    "debt_ratio": [
        0.34272261292670686,
        0.4330516623851812,
        0.6002887915195114,
        0.7103292404412282
    ],
    "current_ratio": [
        1.6904786940345786,
        1.6380487802960935,
        0.6407095829420563,
        0.5937113805564963
    ]
}