{
    "years": [
        "2021",
        "2022",
        "2023",
        "2024"
    ],
    "revenue": [
        0.0,
        209202607.0,
        136987124.0,
        102347894.0
    ],
    "net_income": [
        0.0,
        10205627.0,
        5726463.0,
        23358758.0
    ],
    "roa": [
        0.0,
        0.025165708971561625,
        0.015508236437914923,
        0.06608896745142208
    ],
    "roe": [
        0.0,
        0.05030237733011878,
        0.028931607415683954,
        0.11481405413490321
    ],
    "debt_ratio": [
        0.5225060048979044,
        0.499711339557434,
        0.46396906970651625,
        0.42438259889534563
    ],
    "current_ratio": [
        1.8688455877144674,
        1.0170694703169945,
        0.7641031403312929,
        1.2421107261601108
    ]
}