{
    "years": [
        "2020",
        "2021",
        "2022",
        "2023"
    ],
    "revenue": [
        130285141.0,
        344892643.0,
        126908493.0,
        82825333.0
    ],
    "net_income": [
        8309080.0,
        14942120.0,
        1936310.0,
        4486182.0
    ],
    "roa": [
        0.020979363725985575,
        0.02879599222826655,
        0.006321827901045983,
        0.013194693184990685
    ],
    "roe": [
        0.024203035348328236,
        0.04174743140946796,
        0.006481154140884829,
        0.014553080821910645
    ],
    "debt_ratio": [
        0.1331928651075299,
        0.3102331986409141,
        0.02458300425749387,
        0.09334021115823227
    ],
    "current_ratio": [
        6.620119304145714,
        2.1033961268987906,
        9.236422836096548,
        3.3083937820568874
    ]
}