{
    "years": [
        "2021",
        "2022",
        "2023",
        "2024"
    ],
    "revenue": [
        1051439126.0,
        1180074553.0,
        1482341922.0,
        1580015291.0
    ],
    "net_income": [
        50140892.0,
        54415231.0,
        43162349.0,
        47874885.0
    ],
    "roa": [
        0.048541784836315736,
        0.040032807296238794,
        0.028156938644253348,
        0.029288977316790987
    ],
    "roe": [
        0.11379561684466441,
        0.08394425757805439,
        0.06267474398698726,
        0.06499908964398372
    ],
    "debt_ratio": [
        0.5734301005408915,
        0.5231024914477937,
        0.5507450552953294,
        0.5493940380209317
    ],
    "current_ratio": [
        1.5711350026833486,
        1.2719921029708732,
        1.0299728322349742,
        1.0833142980299393
    ]
}