{
    "years": [
        "2020",
        "2021",
        "2022",
        "2023"
    ],
    "revenue": [
        5334174801.0,
        4907442172.0,
        5584968754.0,
        5609381374.0
    ],
    "net_income": [
        215875139.0,
        217350765.0,
        110372607.0,
        390270865.0
    ],
    "roa": [
        0.035371184955438374,
        0.03707732523833653,
        0.01910213628722064,
        0.06421401391170205
    ],
    "roe": [
        0.07421152388177159,
        0.07257799813133634,
        0.03991021933622093,
        0.1246639815313495
    ],
    "debt_ratio": [
        0.5233734182336804,
        0.4891382210454218,
        0.5213723050155151,
        0.4849032324901798
    ],
    "current_ratio": [
        1.257095913907978,
        1.3377917273706308,
        1.2785312048146296,
        1.4138267331684813
    ]
}