{
    "years": [
        "2021",
        "2022",
        "2023",
        "2024"
    ],
    "revenue": [
        608576114.0,
        584923615.0,
        549212098.0,
        694341856.0
    ],
    "net_income": [
        277126800.0,
        283380355.0,
        330679108.0,
        336224822.0
    ],
    "roa": [
        0.1848257669699466,
        0.18919532844004155,
        0.20215427270952224,
        0.205121526273197
    ],
    "roe": [
        0.20184719814400987,
        0.20492727393768576,
        0.24031687023231252,
        0.22581523860937902
    ],
    "debt_ratio": [
        0.08432830046974024,
        0.07676843201665759,
        0.15880115901101233,
        0.09164001713798657
    ],
    "current_ratio": [
        9.254221500426388,
        10.587668553735366,
        4.800291754266508,
        8.599499571527984
    ]
}