{
    "years": [
        "2021",
        "2022",
        "2023",
        "2024"
    ],
    "revenue": [
        57636386.0,
        50471548.0,
        44303444.0,
        44432135.0
    ],
    "net_income": [
        8345316.0,
        9944885.0,
        9348283.0,
        9987554.0
    ],
    "roa": [
        0.11465276667051988,
        0.1472790542801195,
        0.1439196009514171,
        0.14921529018254157
    ],
    "roe": [
        0.18227831711478132,
        0.19629886013095427,
        0.18272815748235274,
        0.18240468952205005
    ],
    "debt_ratio": [
        0.37100161727781034,
        0.24972027763244695,
        0.2123841068921392,
        0.1819547481288653
    ],
    "current_ratio": [
        1.9698314723628545,
        3.0808269274696176,
        3.435438821481238,
        3.76421524674195
    ]
}