{
    "years": [
        "2022",
        "2023",
        "2024"
    ],
    "revenue": [
        189597810.0,
        228000099.0,
        287737905.0
    ],
    "net_income": [
        -15376430.0,
        15137017.0,
        50963244.0
    ],
    "roa": [
        -0.019992050469778595,
        0.019648350706806858,
        0.06331073877639695
    ],
    "roe": [
        -0.051844916486955744,
        0.0485593287472873,
        0.1405164052289984
    ],
    "debt_ratio": [
        0.6143874496391826,
        0.5953743345782043,
        0.5494423681475484
    ],
    "current_ratio": [
        1.2677302282148595,
        1.7345985455665196,
        2.654036856239353
    ]
}