{
    "years": [
        "2021",
        "2022",
        "2023",
        "2024"
    ],
    "revenue": [
        382076509.0,
        417484532.0,
        453194028.0,
        488990924.0
    ],
    "net_income": [
        32006978.0,
        36434827.0,
        43114830.0,
        49435460.0
    ],
    "roa": [
        0.03054148599499478,
        0.03399552289107264,
        0.040221524518364186,
        0.046416270429921705
    ],
    "roe": [
        0.1003906096641198,
        0.10946872985270814,
        0.12302928192634226,
        0.133718232325524
    ],
    "debt_ratio": [
        0.6957734782448434,
        0.689449919289151,
        0.6730735651822721,
        0.6528800177605861
    ],
    "current_ratio": [
        0.19525711967872927,
        0.19393333534321844,
        1.0493471473009417,
        1.5642864167726154
    ]
}