{
    "years": [
        "2020",
        "2021",
        "2022",
        "2023"
    ],
    "revenue": [
        2898850191.0,
        10131420687.0,
        5555817962.0,
        3724825944.0
    ],
    "net_income": [
        -174069676.0,
        1595056305.0,
        533706668.0,
        150240039.0
    ],
    "roa": [
        -0.007467137505617043,
        0.05645405458334032,
        0.01760207577627476,
        0.005219125204188746
    ],
    "roe": [
        -0.019162141800967727,
        0.11919883931421331,
        0.037892031091254885,
        0.010590451339265412
    ],
    "debt_ratio": [
        0.6103182210435403,
        0.5263875478306883,
        0.5354676096965109,
        0.5071857622499816
    ],
    "current_ratio": [
        1.9114214315607994,
        1.9050743336650766,
        2.2334502324660757,
        2.2577653062885625
    ]
}