{
    "years": [
        "2021",
        "2022",
        "2023",
        "2024"
    ],
    "revenue": [
        13892822.0,
        16310765.0,
        17727312.0,
        18139864.0
    ],
    "net_income": [
        -41750.0,
        509369.0,
        13912.0,
        -1580667.0
    ],
    "roa": [
        -0.0009412350333766452,
        0.011285534509482852,
        0.0003106131040952659,
        -0.0371588607490637
    ],
    "roe": [
        -0.0009695776717061095,
        0.011690992441820633,
        0.0003244231997100899,
        -0.03827133253673775
    ],
    "debt_ratio": [
        0.029231942067716392,
        0.03468122440036742,
        0.04256815057358711,
        0.02906801812051227
    ],
    "current_ratio": [
        10.342420766386176,
        8.943190566693978,
        19.161443696507565,
        26.317853324469592
    ]
}