{
    "years": [
        "2022",
        "2023",
        "2024"
    ],
    "revenue": [
        226103827.0,
        173907942.0,
        182200202.0
    ],
    "net_income": [
        195112.0,
        -8331312.0,
        -5661351.0
    ],
    "roa": [
        0.0014222033027929523,
        -0.06359311019987045,
        -0.045539755994437235
    ],
    "roe": [
        0.0017616193159546386,
        -0.08133991612314677,
        -0.05850647349338972
    ],
    "debt_ratio": [
        0.1926727358673139,
        0.21818077481673412,
        0.22162876558296596
    ],
    "current_ratio": [
        4.823456026901161,
        4.2747332316673194,
        4.17700668815295
    ]
}