{
    "years": [
        "2019",
        "2020",
        "2021",
        "2022"
    ],
    "revenue": [
        96692520.0,
        189916864.0,
        44503990.0,
        28770912.0
    ],
    "net_income": [
        1146471.0,
        1117690.0,
        -10127265.0,
        -6727534.0
    ],
    "roa": [
        0.006552627938038498,
        0.007422956845390579,
        -0.09285172552398538,
        -0.05981415996680333
    ],
    "roe": [
        0.020910144874036033,
        0.019997242191563486,
        -0.22210917352898138,
        -0.18276338746932735
    ],
    "debt_ratio": [
        0.686629242527399,
        0.6288009729400484,
        0.5819545674376667,
        0.6727235099161107
    ],
    "current_ratio": [
        1.1850462169315483,
        1.0983952491018523,
        1.349769664672858,
        1.214149552849279
    ]
}