{
    "years": [
        "2021",
        "2022",
        "2023",
        "2024"
    ],
    "revenue": [
        55868112.0,
        76645393.0,
        31156681.0,
        66449465.0
    ],
    "net_income": [
        210771.0,
        31723.0,
        -3299958.0,
        57890.0
    ],
    "roa": [
        0.004913418800818658,
        0.0005010843453861312,
        -0.046061829552814064,
        0.0007359945475632122
    ],
    "roe": [
        0.014034112779877747,
        0.002110768679634113,
        -0.281346394338079,
        0.0049113200880118064
    ],
    "debt_ratio": [
        0.6498945905676654,
        0.7626057510607981,
        0.8362807184318701,
        0.8501432335148091
    ],
    "current_ratio": [
        1.226004928952874,
        1.166257656627136,
        1.0949715918602845,
        1.1033919913674046
    ]
}