{
    "years": [
        "2021",
        "2022",
        "2023",
        "2024"
    ],
    "revenue": [
        233293059.0,
        174329931.0,
        1060620170.0,
        1346711673.0
    ],
    "net_income": [
        1312528.0,
        1235879.0,
        3530817.0,
        5402566.0
    ],
    "roa": [
        0.005343830126224234,
        0.004763680267371311,
        0.004786553994157474,
        0.012742933812279072
    ],
    "roe": [
        0.025529341797781272,
        0.024027566438594352,
        0.0657130711412782,
        0.09671000952570769
    ],
    "debt_ratio": [
        0.7906788914280328,
        0.8017410427499793,
        0.9271597885926418,
        0.8682356265419278
    ],
    "current_ratio": [
        1.2295651258356513,
        1.1872992344396607,
        1.0515721632275445,
        1.1281553959865391
    ]
}