{
    "years": [
        "2021",
        "2022",
        "2023",
        "2024"
    ],
    "revenue": [
        118801175.0,
        99558915.0,
        79823731.0,
        72619116.0
    ],
    "net_income": [
        13671283.0,
        15231105.0,
        13086250.0,
        15317512.0
    ],
    "roa": [
        0.07117566679119591,
        0.07757450741711537,
        0.07193515915234472,
        0.0840443730458464
    ],
    "roe": [
        0.09508576727677183,
        0.10195267444500435,
        0.0866342743467832,
        0.09882375022634927
    ],
    "debt_ratio": [
        0.2514582483830557,
        0.23911258003377958,
        0.16966859023485623,
        0.14955288730342337
    ],
    "current_ratio": [
        2.938130451326007,
        3.081735023261775,
        4.307402239523792,
        4.536688833713224
    ]
}