{
    "years": [
        "2021",
        "2022",
        "2023",
        "2024"
    ],
    "revenue": [
        61538063.0,
        54793828.0,
        18442138.0,
        3437782.0
    ],
    "net_income": [
        4830425.0,
        2714159.0,
        -5777605.0,
        -473667.0
    ],
    "roa": [
        0.10066935479517954,
        0.04664132132587288,
        -0.11255418550287527,
        -0.009893850408846893
    ],
    "roe": [
        0.13698661021235226,
        0.0654389805078727,
        -0.16677758028155873,
        -0.013862514603553774
    ],
    "debt_ratio": [
        0.26511536682946507,
        0.28725476827589563,
        0.3251240046002704,
        0.28628746718791415
    ],
    "current_ratio": [
        3.678272233817177,
        3.9183178361566524,
        3.3837891114041376,
        3.911590253652735
    ]
}