{
    "years": [
        "2021",
        "2022",
        "2023",
        "2024"
    ],
    "revenue": [
        18584313.0,
        14222932.0,
        8000353.0,
        10972911.0
    ],
    "net_income": [
        169021637.0,
        103411575.0,
        42608738.0,
        50480655.0
    ],
    "roa": [
        0.3009085377258191,
        0.2089825195625555,
        0.0974673481460976,
        0.11911680574553118
    ],
    "roe": [
        0.3284235919751135,
        0.21450422496880386,
        0.09981724633350861,
        0.12913427825040957
    ],
    "debt_ratio": [
        0.08377916483959343,
        0.02574170931622163,
        0.023542005752788885,
        0.07757407746882752
    ],
    "current_ratio": [
        5.2218123396447895,
        13.941504019529368,
        11.751072295336659,
        3.252760111689083
    ]
}