{
    "years": [
        "2021",
        "2022",
        "2023",
        "2024"
    ],
    "revenue": [
        813212428.0,
        1029507265.0,
        1060704837.0,
        1139938529.0
    ],
    "net_income": [
        49496908.0,
        74724839.0,
        71852272.0,
        75683767.0
    ],
    "roa": [
        0.09793630739181515,
        0.13754459346600093,
        0.11290037559738045,
        0.11322871227828385
    ],
    "roe": [
        0.14914321752292906,
        0.19841988287867107,
        0.17246520599888995,
        0.16434800109738523
    ],
    "debt_ratio": [
        0.3433405218258848,
        0.3068003494886342,
        0.34537302789000174,
        0.31104296053354735
    ],
    "current_ratio": [
        2.4923470623762545,
        2.810747781773552,
        2.5776790599529456,
        2.890634315447896
    ]
}