{
    "years": [
        "2021",
        "2022",
        "2023",
        "2024"
    ],
    "revenue": [
        9395724.0,
        27454919.0,
        27090455.0,
        40592642.0
    ],
    "net_income": [
        956816.0,
        -48375990.0,
        -44466098.0,
        -31935934.0
    ],
    "roa": [
        0.000619044237572553,
        -0.03810478775950204,
        -0.036245773766847046,
        -0.026665897838435777
    ],
    "roe": [
        0.0019414992906534006,
        -0.10848164655475666,
        -0.1103002908008443,
        -0.08603412162448759
    ],
    "debt_ratio": [
        0.6811514479800727,
        0.6487443823940443,
        0.6713900434560812,
        0.6900543954545826
    ],
    "current_ratio": [
        1.2665072613915636,
        1.286208294652883,
        1.2320472894046584,
        1.1915464983357935
    ]
}