{
    "years": [
        "2021",
        "2022",
        "2023",
        "2024"
    ],
    "revenue": [
        659260549.0,
        863331702.0,
        980089883.0,
        800145221.0
    ],
    "net_income": [
        50308955.0,
        37372653.0,
        84320836.0,
        99252768.0
    ],
    "roa": [
        0.043925431912634434,
        0.03264341304115682,
        0.046301787226984165,
        0.04987495421324232
    ],
    "roe": [
        0.05793388737866314,
        0.04100400702056823,
        0.07318520030709635,
        0.07948595406078954
    ],
    "debt_ratio": [
        0.24180071629696948,
        0.20389699902298833,
        0.36733400970831886,
        0.37253122513823284
    ],
    "current_ratio": [
        3.277810521436007,
        3.658759856677242,
        2.0769164829370808,
        1.8198126992406105
    ]
}