{
    "years": [
        "2020",
        "2021",
        "2022",
        "2023"
    ],
    "revenue": [
        77826191.0,
        72054696.0,
        96131926.0,
        60592399.0
    ],
    "net_income": [
        1380923.0,
        5627346.0,
        6045861.0,
        3957530.0
    ],
    "roa": [
        0.012128067697256257,
        0.04377230572121209,
        0.04141718166684053,
        0.0242975011748973
    ],
    "roe": [
        0.02079909738029723,
        0.07828516205242476,
        0.08010347232289856,
        0.05194810274890605
    ],
    "debt_ratio": [
        0.416894518281113,
        0.4408607637306883,
        0.48295397857552147,
        0.532273559780603
    ],
    "current_ratio": [
        2.348353171600627,
        2.2394083290242763,
        1.4568373220842765,
        0.8198031336139403
    ]
}