{
    "years": [
        "2020",
        "2021",
        "2022",
        "2023"
    ],
    "revenue": [
        108453358.0,
        75145452.0,
        65385612.0,
        57630977.0
    ],
    "net_income": [
        12750458.0,
        12524558.0,
        13095715.0,
        12372354.0
    ],
    "roa": [
        0.10575160318440728,
        0.11448301985511834,
        0.12043073316471192,
        0.11039630783634674
    ],
    "roe": [
        0.15680786853543122,
        0.14353043938252114,
        0.13943082854388766,
        0.1247994636318522
    ],
    "debt_ratio": [
        0.32559759805349064,
        0.20237811332820418,
        0.13626896990858248,
        0.1154103982208893
    ],
    "current_ratio": [
        3.088847096918698,
        5.272512685260291,
        7.887994620948004,
        9.32784262588028
    ]
}