{
    "years": [
        "2021",
        "2022",
        "2023",
        "2024"
    ],
    "revenue": [
        2495605811.0,
        2235889414.0,
        1797058667.0,
        1848069710.0
    ],
    "net_income": [
        67327107.0,
        71347508.0,
        64745287.0,
        65626194.0
    ],
    "roa": [
        0.08221278955960115,
        0.09819834968847155,
        0.09578799257763743,
        0.08764488460846376
    ],
    "roe": [
        0.2481129111504423,
        0.23115958997433456,
        0.21422688233266177,
        0.20757665323145358
    ],
    "debt_ratio": [
        0.6686476766630183,
        0.5751924040902893,
        0.5528666078942732,
        0.5777709908891471
    ],
    "current_ratio": [
        1.346633275699059,
        1.5445063313262337,
        1.4217482850372318,
        1.4119746576589616
    ]
}