{
    "years": [
        "2021",
        "2022",
        "2023",
        "2024"
    ],
    "revenue": [
        23779148.0,
        24391538.0,
        30151402.0,
        37539107.0
    ],
    "net_income": [
        -19237261.0,
        -11551158.0,
        -10883304.0,
        -4952452.0
    ],
    "roa": [
        -0.20302097486274134,
        -0.13662397975773877,
        -0.1422038365740325,
        -0.07449744798075963
    ],
    "roe": [
        -0.28858636244893254,
        -0.20960501146370036,
        -0.24608459882208295,
        -0.12610190324181664
    ],
    "debt_ratio": [
        0.29649837525268574,
        0.34818362021177407,
        0.4221343503221644,
        0.40922820302005125
    ],
    "current_ratio": [
        1.297847398562929,
        1.0137444732425862,
        0.8854207753964352,
        0.8049153288815831
    ]
}