{
    "years": [
        "2021",
        "2022",
        "2023",
        "2024"
    ],
    "revenue": [
        87885085.0,
        105319734.0,
        109724973.0,
        103628291.0
    ],
    "net_income": [
        5151715.0,
        8397537.0,
        11037578.0,
        6710500.0
    ],
    "roa": [
        0.07295751281330556,
        0.1297563488586243,
        0.17073971004479638,
        0.10558090051343266
    ],
    "roe": [
        0.15158267451884036,
        0.2245956433692049,
        0.2594055925311835,
        0.16383809031855198
    ],
    "debt_ratio": [
        0.518694909923643,
        0.42226684849214824,
        0.3418040514131494,
        0.3555778127775373
    ],
    "current_ratio": [
        1.2910343568647533,
        1.4516093549531373,
        1.8462420272281017,
        1.833296725304116
    ]
}