{
    "years": [
        "2020",
        "2021",
        "2022",
        "2023"
    ],
    "revenue": [
        855774884.0,
        866451099.0,
        1021675009.0,
        787684320.0
    ],
    "net_income": [
        42056931.0,
        59720671.0,
        91829421.0,
        18641773.0
    ],
    "roa": [
        0.031083446191746553,
        0.04707072101610377,
        0.06303955000678192,
        0.013748927480065584
    ],
    "roe": [
        0.044536396776870144,
        0.06194857480035932,
        0.08934203136824434,
        0.01864230775459794
    ],
    "debt_ratio": [
        0.3020664346180414,
        0.24016458541947375,
        0.29440209673597534,
        0.26248790326538046
    ],
    "current_ratio": [
        7.098730063407156,
        3.551041436899091,
        3.3817362013848955,
        3.2967132780191144
    ]
}