{
    "years": [
        "2020",
        "2021",
        "2022",
        "2023"
    ],
    "revenue": [
        768475502.0,
        968372927.0,
        1277677912.0,
        1090134190.0
    ],
    "net_income": [
        19384246.0,
        23837531.0,
        25810751.0,
        31435352.0
    ],
    "roa": [
        0.01883951808296271,
        0.011739990769608941,
        0.009689692940999754,
        0.008729272225311708
    ],
    "roe": [
        0.02609026416945557,
        0.015221289348595714,
        0.009932760840819184,
        0.011955739654448634
    ],
    "debt_ratio": [
        0.27791002955736505,
        0.22871246313361426,
        0.0244713331685718,
        0.2698676554015112
    ],
    "current_ratio": [
        2.18104714226502,
        3.957871644438412,
        19.721264372425797,
        6.065223359220217
    ]
}