{
    "years": [
        "2021",
        "2022",
        "2023",
        "2024"
    ],
    "revenue": [
        1066418639.0,
        1311130393.0,
        1049971428.0,
        1117666841.0
    ],
    "net_income": [
        33804895.0,
        65886297.0,
        72680917.0,
        75671151.0
    ],
    "roa": [
        0.09185337459369122,
        0.1553742370640777,
        0.16103681130539663,
        0.17904818523901986
    ],
    "roe": [
        0.29018538143572636,
        0.459463194092889,
        0.4839166717190534,
        0.6513084637069452
    ],
    "debt_ratio": [
        0.683466568373514,
        0.6618352915714377,
        0.667222022474792,
        0.7250946437576433
    ],
    "current_ratio": [
        1.1621785190995622,
        1.2568570046860577,
        1.1940633103973988,
        1.1852782239729815
    ]
}