{
    "years": [
        "2021",
        "2022",
        "2023",
        "2024"
    ],
    "revenue": [
        2623042.0,
        5094314.0,
        7785781.0,
        8017042.0
    ],
    "net_income": [
        -689706.0,
        2374830.0,
        536629.0,
        4146053.0
    ],
    "roa": [
        -0.035217438858166306,
        0.14508582945152593,
        0.032756051835756625,
        0.25584656856501653
    ],
    "roe": [
        -0.1120286577761376,
        0.2783652845319565,
        0.059178495568965636,
        0.31376152884821024
    ],
    "debt_ratio": [
        0.6856390181114201,
        0.47879337865181976,
        0.44648724978851023,
        0.18458273229287925
    ],
    "current_ratio": [
        2.0778808889805753,
        4.566887279568137,
        5.414155929316408,
        5.332008561095424
    ]
}