{
    "years": [
        "2020",
        "2021",
        "2022",
        "2023"
    ],
    "revenue": [
        571836633.0,
        599686317.0,
        591414525.0,
        463642989.0
    ],
    "net_income": [
        27868960.0,
        13356819.0,
        20896386.0,
        15652457.0
    ],
    "roa": [
        0.03441528914053649,
        0.01658132529256728,
        0.025057187603452595,
        0.01938237785769893
    ],
    "roe": [
        0.04932603746581022,
        0.023659267203350032,
        0.03652795388131743,
        0.026774096078717294
    ],
    "debt_ratio": [
        0.30228960385494075,
        0.29916150191585617,
        0.31402706856054335,
        0.276077227753509
    ],
    "current_ratio": [
        2.5903025926531953,
        2.7108673474988016,
        2.687735170016762,
        3.063764150195461
    ]
}