{
    "years": [
        "2020",
        "2021",
        "2022",
        "2023"
    ],
    "revenue": [
        3154193828.0,
        3484219389.0,
        3045529729.0,
        2879566997.0
    ],
    "net_income": [
        133585173.0,
        70781786.0,
        51600579.0,
        -42089215.0
    ],
    "roa": [
        0.0197024944942071,
        0.009442979676427293,
        0.006806589619214379,
        -0.0049046736763443165
    ],
    "roe": [
        0.053371848427196014,
        0.02416435814334879,
        0.014813601199805324,
        -0.012519874228346035
    ],
    "debt_ratio": [
        0.6308448166062101,
        0.6092186839638254,
        0.5405175603550183,
        0.6082489658530492
    ],
    "current_ratio": [
        1.4264083513421038,
        1.5042788590601803,
        1.660921964727992,
        1.4208000168682775
    ]
}