{
    "years": [
        "2022",
        "2023",
        "2024"
    ],
    "revenue": [
        391991678.0,
        404619732.0,
        405809819.0
    ],
    "net_income": [
        106392.0,
        1012909.0,
        -1480043.0
    ],
    "roa": [
        0.0001481266908518287,
        0.0014064113897488606,
        -0.002062158687732839
    ],
    "roe": [
        0.001736242798783181,
        0.016261167734116393,
        -0.024338805403912943
    ],
    "debt_ratio": [
        0.9146854973534572,
        0.9135110459012012,
        0.9152728059775149
    ],
    "current_ratio": [
        0.3041888022157054,
        0.4317775448534247,
        0.5273694774247798
    ]
}