{
    "years": [
        "2021",
        "2022",
        "2023",
        "2024"
    ],
    "revenue": [
        185894781.0,
        17217337.0,
        18771214.0,
        28938469.0
    ],
    "net_income": [
        9449244.0,
        -197595898.0,
        724785.0,
        5062047.0
    ],
    "roa": [
        0.011742383875103292,
        -0.32205019650929784,
        0.0010828637762479126,
        0.006165706848876659
    ],
    "roe": [
        0.014705804995957588,
        -0.44380960634425165,
        0.0010828637762479126,
        0.011230452978511109
    ],
    "debt_ratio": [
        0.2015136962355272,
        0.2743505505388007,
        0.0,
        0.4509832452284498
    ],
    "current_ratio": [
        3.552625736207282,
        0.364107630652977,
        61543503.0,
        1.7497191664952023
    ]
}