{
    "years": [
        "2020",
        "2021",
        "2022",
        "2023"
    ],
    "revenue": [
        10842709.0,
        39034071.0,
        13843486.0,
        11331056.0
    ],
    "net_income": [
        -29485582.0,
        432553.0,
        -24836837.0,
        -12441877.0
    ],
    "roa": [
        -0.15628913346205203,
        0.0022552736644946463,
        -0.14861467944622878,
        -0.08283029729753265
    ],
    "roe": [
        -0.30346238966424105,
        0.004432057652437263,
        -0.34242737171459653,
        -0.20811895770346003
    ],
    "debt_ratio": [
        0.4849802190150333,
        0.4911452329022766,
        0.5659964952506925,
        0.6020050349495116
    ],
    "current_ratio": [
        0.36647995698359437,
        0.6298199679142518,
        0.6168114631131804,
        0.7440047029725076
    ]
}