{
    "years": [
        "2021",
        "2022",
        "2023",
        "2024"
    ],
    "revenue": [
        713187976.0,
        751901457.0,
        999904376.0,
        1111341209.0
    ],
    "net_income": [
        231230.0,
        1608835.0,
        2033702.0,
        2220076.0
    ],
    "roa": [
        0.0009785799542439493,
        0.008173255302728544,
        0.009703308686641786,
        0.012232096773862963
    ],
    "roe": [
        0.004885877580357399,
        0.032379070485698436,
        0.019691760776704172,
        0.021351230822658804
    ],
    "debt_ratio": [
        0.7997125515018805,
        0.7475759748465107,
        0.5072401703091461,
        0.4271010942899948
    ],
    "current_ratio": [
        1.0316054059002036,
        1.103302743217663,
        1.1007285266246434,
        1.1634087062498808
    ]
}