{
    "years": [
        "2021",
        "2022",
        "2023",
        "2024"
    ],
    "revenue": [
        2836536205.0,
        3977581114.0,
        4000738443.0,
        4097329669.0
    ],
    "net_income": [
        63204.0,
        36585864.0,
        56611829.0,
        57685059.0
    ],
    "roa": [
        5.837038415262578e-05,
        0.028193550018310927,
        0.03988385969839013,
        0.03853349009299071
    ],
    "roe": [
        0.0004303067310038001,
        0.20881578238129778,
        0.27892731793442493,
        0.26004384924910356
    ],
    "debt_ratio": [
        0.8643516823070325,
        0.8649836248161096,
        0.8570098476056521,
        0.8518192596969354
    ],
    "current_ratio": [
        1.0747512584499896,
        1.0925745944368446,
        1.0955723974344802,
        1.1173052253150855
    ]
}