{
    "years": [
        "2021",
        "2022",
        "2023",
        "2024"
    ],
    "revenue": [
        1500558028.0,
        1675898484.0,
        1347408534.0,
        1380301050.0
    ],
    "net_income": [
        97971987.0,
        114894586.0,
        55608659.0,
        82518091.0
    ],
    "roa": [
        0.0354349704798467,
        0.04232709059074216,
        0.02032811078498997,
        0.030215711096040133
    ],
    "roe": [
        0.06148771485122553,
        0.0704999741619839,
        0.03493482916625572,
        0.053205607528018665
    ],
    "debt_ratio": [
        0.4237064986788912,
        0.3996155162626083,
        0.4181133479070991,
        0.43209536550958083
    ],
    "current_ratio": [
        1.062711683429966,
        1.213210754177367,
        1.2188872782738542,
        1.251539555998205
    ]
}