{
    "years": [
        "2020",
        "2021",
        "2022",
        "2024"
    ],
    "revenue": [
        82300940.0,
        140361770.0,
        38336079.0,
        56128697.0
    ],
    "net_income": [
        -4052801.0,
        978619.0,
        63607.0,
        7949790.0
    ],
    "roa": [
        -0.01658235226459791,
        0.0038691769913059668,
        0.0002559236721961327,
        0.02200500545995975
    ],
    "roe": [
        -0.01720334411397413,
        0.003940946851322927,
        0.00025608292257080185,
        0.031122737428794973
    ],
    "debt_ratio": [
        0.036097159090818426,
        0.018211324010337135,
        0.0006218703421158375,
        0.2929604759123609
    ],
    "current_ratio": [
        1.6026608459669336,
        5.352994941093767,
        146.91576032453625,
        0.5345726927468452
    ]
}