{
    "years": [
        "2010",
        "2011",
        "2012",
        "2013"
    ],
    "revenue": [
        3246543084.0,
        4234357405.0,
        4046023068.0,
        4480252717.0
    ],
    "net_income": [
        396663831.0,
        473867467.0,
        384139130.0,
        372814796.0
    ],
    "roa": [
        0.1930571181802341,
        0.16057663382520404,
        0.12461074963855794,
        0.11279333723693927
    ],
    "roe": [
        0.47566195664628846,
        0.38288725107402155,
        0.3481790989955608,
        0.32417216460358794
    ],
    "debt_ratio": [
        0.5941295798776794,
        0.5806163998023517,
        0.6421073235066684,
        0.6520573030233242
    ],
    "current_ratio": [
        1.5893521590429263,
        1.686224676652478,
        1.4543439064038328,
        1.4342572054174927
    ]
}