{
    "years": [
        "2021",
        "2022",
        "2023",
        "2024"
    ],
    "revenue": [
        5204375250.0,
        5707202573.0,
        5089081008.0,
        6920256746.0
    ],
    "net_income": [
        287089388.0,
        321017891.0,
        302336331.0,
        422616029.0
    ],
    "roa": [
        0.10633795143149412,
        0.10740669924301605,
        0.09008335778478815,
        0.1119545607459166
    ],
    "roe": [
        0.14523267507143625,
        0.1517053673569345,
        0.13532556457589526,
        0.17138385345646295
    ],
    "debt_ratio": [
        0.2678097309769363,
        0.29200461978179,
        0.33432121220328403,
        0.3467613285147852
    ],
    "current_ratio": [
        3.0151947637069445,
        2.1760931520650444,
        1.9132943143620924,
        2.036045837124158
    ]
}