{
    "years": [
        "2021",
        "2022",
        "2023",
        "2024"
    ],
    "revenue": [
        618093757.0,
        786420085.0,
        625426064.0,
        710620463.0
    ],
    "net_income": [
        220099584.0,
        247407584.0,
        117385177.0,
        132828034.0
    ],
    "roa": [
        0.2388057012014497,
        0.25763067982023613,
        0.1296521634136474,
        0.13564290159789
    ],
    "roe": [
        0.3408670804860728,
        0.3431389765815105,
        0.16059299389005904,
        0.16324883985973543
    ],
    "debt_ratio": [
        0.2994169432233956,
        0.24919435738004064,
        0.19266612899435406,
        0.16910342692520608
    ],
    "current_ratio": [
        3.1175381213836437,
        3.717480560717182,
        4.847734201416751,
        5.638237862691348
    ]
}