{
    "years": [
        "2021",
        "2022",
        "2023",
        "2024"
    ],
    "revenue": [
        12698133981.0,
        14742968557.0,
        15812270787.0,
        17617660997.0
    ],
    "net_income": [
        1915837636.0,
        2258345668.0,
        2433514645.0,
        2861086104.0
    ],
    "roa": [
        0.09101622339646355,
        0.12256589351554552,
        0.12082662506350952,
        0.12037390370411492
    ],
    "roe": [
        0.30463319349283335,
        0.2851553759565249,
        0.26819239538538203,
        0.26874085034040285
    ],
    "debt_ratio": [
        0.7012268349587953,
        0.5701785628119035,
        0.5494778109204537,
        0.5520818530132567
    ],
    "current_ratio": [
        0.9788207190173375,
        0.968599799417568,
        1.0434911025790061,
        1.1736152210941226
    ]
}