{
    "years": [
        "2021",
        "2022",
        "2023",
        "2024"
    ],
    "revenue": [
        35671052234.0,
        44023010881.0,
        52625174861.0,
        62962652135.0
    ],
    "net_income": [
        5349301099.0,
        6491343454.0,
        7788049740.0,
        9427422530.0
    ],
    "roa": [
        0.09961836542969701,
        0.12567846492168375,
        0.1291918454842993,
        0.13093643188578225
    ],
    "roe": [
        0.24975743710511467,
        0.25600692274052755,
        0.26018263527850743,
        0.2638699026659451
    ],
    "debt_ratio": [
        0.6011395432930755,
        0.5090817717884001,
        0.5034570798854104,
        0.5037841354284895
    ],
    "current_ratio": [
        1.1800089976393917,
        1.2616739557264407,
        1.2378981470532415,
        1.307144971938205
    ]
}