{
    "years": [
        "2020",
        "2021",
        "2022",
        "2023"
    ],
    "revenue": [
        264031522.0,
        336150550.0,
        229211784.0,
        150089937.0
    ],
    "net_income": [
        21645245.0,
        32978662.0,
        21353712.0,
        366057.0
    ],
    "roa": [
        0.09862009518086935,
        0.11306135539139023,
        0.07002939979059307,
        0.001640490707838687
    ],
    "roe": [
        0.225446139006464,
        0.2556695947475613,
        0.14492510062687772,
        0.0024782283962294384
    ],
    "debt_ratio": [
        0.5625558476384388,
        0.5577833355467129,
        0.5167890207584548,
        0.3380389352592958
    ],
    "current_ratio": [
        1.513404995370825,
        1.2051668094770336,
        1.4075856754725076,
        2.0464434917256225
    ]
}