{
    "years": [
        "2021",
        "2022",
        "2023",
        "2024"
    ],
    "revenue": [
        40393965.0,
        33749297.0,
        27439033.0,
        32515305.0
    ],
    "net_income": [
        4208714.0,
        6291880.0,
        11246800.0,
        5334755.0
    ],
    "roa": [
        0.03150066751299371,
        0.044284078717732156,
        0.07337390309707442,
        0.03419159502771258
    ],
    "roe": [
        0.03362461789044865,
        0.0496164426790895,
        0.0818377664876471,
        0.0387197797927133
    ],
    "debt_ratio": [
        0.06316652829706246,
        0.10747171045385381,
        0.10342246317108664,
        0.11694758568469134
    ],
    "current_ratio": [
        8.522852875776126,
        5.005132231569495,
        5.692086749084365,
        5.255661079162105
    ]
}