{
    "years": [
        "2021",
        "2022",
        "2023",
        "2024"
    ],
    "revenue": [
        22619505421.0,
        30276710796.0,
        31975613596.0,
        40241629282.0
    ],
    "net_income": [
        443898346.0,
        398074197.0,
        -329196525.0,
        408413632.0
    ],
    "roa": [
        0.041154785595363064,
        0.03782610016695462,
        -0.025132479601620843,
        0.025795820743182086
    ],
    "roe": [
        0.26433940073084156,
        0.19424549529844196,
        -0.19148566699616607,
        0.1926648692301082
    ],
    "debt_ratio": [
        0.8443108160131295,
        0.8052665256981225,
        0.8687500741132544,
        0.8661104079520954
    ],
    "current_ratio": [
        1.1224618065709933,
        1.100588272725649,
        1.0032151756959002,
        1.0228975368460689
    ]
}