{
    "years": [
        "2022",
        "2023",
        "2024"
    ],
    "revenue": [
        35997843.0,
        14738995.0,
        6306498.0
    ],
    "net_income": [
        706412.0,
        -830710.0,
        1302560.0
    ],
    "roa": [
        0.012105422040212898,
        -0.014713935801676317,
        0.022549018962912008
    ],
    "roe": [
        0.012714615106394447,
        -0.015178788980372055,
        0.023247170467798083
    ],
    "debt_ratio": [
        0.047912820095920475,
        0.030625182239297683,
        0.030031676579872494
    ],
    "current_ratio": [
        14.259191053995258,
        30.13710207284756,
        33.52969945263684
    ]
}