{
    "years": [
        "2021",
        "2022",
        "2023",
        "2024"
    ],
    "revenue": [
        778332040.0,
        1062093884.0,
        909849625.0,
        920904275.0
    ],
    "net_income": [
        48338425.0,
        76025651.0,
        59546077.0,
        69429658.0
    ],
    "roa": [
        0.1639720367482059,
        0.19116132660826715,
        0.18591705976743356,
        0.20223893733800288
    ],
    "roe": [
        0.3447441542031366,
        0.4939808855172698,
        0.43330042555742987,
        0.4713229334167848
    ],
    "debt_ratio": [
        0.5243660124499537,
        0.6130187782304706,
        0.5709280471436047,
        0.5709121644646016
    ],
    "current_ratio": [
        1.6191997703527088,
        1.4171973534744895,
        1.4003651609239969,
        1.4363345743315654
    ]
}