{
    "years": [
        "2021",
        "2022",
        "2023",
        "2024"
    ],
    "revenue": [
        9043017.0,
        9083352.0,
        7467502.0,
        8120144.0
    ],
    "net_income": [
        2789589.0,
        2970157.0,
        94339996.0,
        1015974.0
    ],
    "roa": [
        0.061646360774197016,
        0.0729619046482039,
        0.6888656566895831,
        0.006442420314384206
    ],
    "roe": [
        0.09317222206338675,
        0.09025009288127578,
        0.7413735245711425,
        0.007920820084071366
    ],
    "debt_ratio": [
        0.33836116163186625,
        0.19155867524496095,
        0.07082511870373732,
        0.18664731101015614
    ],
    "current_ratio": [
        2.2437105061152756,
        3.9345603040157333,
        5.161678768749433,
        2.403597519716036
    ]
}