{
    "years": [
        "2020",
        "2021",
        "2022",
        "2023"
    ],
    "revenue": [
        403535460.0,
        1383479260.0,
        850241320.0,
        944166711.0
    ],
    "net_income": [
        170549240.0,
        845975040.0,
        318225400.0,
        444917591.0
    ],
    "roa": [
        0.050224721364711324,
        0.08946474941619409,
        0.06017882300339913,
        0.054029716088702356
    ],
    "roe": [
        0.07744612484338262,
        0.28363259953235653,
        0.09504855832015399,
        0.12209808855743881
    ],
    "debt_ratio": [
        0.3514882575948179,
        0.6845752231453632,
        0.3668623273516935,
        0.5574892553433786
    ],
    "current_ratio": [
        2.683523653148457,
        1.4296331944752274,
        2.622625475312934,
        1.7526372945515347
    ]
}