{
    "years": [
        "2021",
        "2022",
        "2023",
        "2024"
    ],
    "revenue": [
        1161552586.0,
        1322123418.0,
        1399039286.0,
        1457086751.0
    ],
    "net_income": [
        21573321.0,
        22189462.0,
        17340771.0,
        26672788.0
    ],
    "roa": [
        0.00433127337907197,
        0.004584934367506229,
        0.0037231077775908223,
        0.006060332577876984
    ],
    "roe": [
        0.02002826800398385,
        0.020260774136273238,
        0.015937009833803487,
        0.02396093482629263
    ],
    "debt_ratio": [
        0.7837419901605855,
        0.7737038902527551,
        0.7663860525646501,
        0.7470744517352091
    ],
    "current_ratio": [
        0.9822683738294594,
        1.0716051246716727,
        1.1129902971753542,
        1.0063843019710206
    ]
}