{
    "years": [
        "2021",
        "2022",
        "2023",
        "2024"
    ],
    "revenue": [
        78992156122.0,
        100723549227.0,
        90014136903.0,
        103603614927.0
    ],
    "net_income": [
        8851812130.0,
        15066392289.0,
        11793095480.0,
        10590120586.0
    ],
    "roa": [
        0.11237817053355197,
        0.18226359616785007,
        0.13438742723263622,
        0.1293767751395824
    ],
    "roe": [
        0.16959856315910993,
        0.2462892696361246,
        0.18060252162319676,
        0.17199852853474903
    ],
    "debt_ratio": [
        0.3373872488051464,
        0.2599612787145297,
        0.2558939597032993,
        0.2478030117946952
    ],
    "current_ratio": [
        3.1033097199361945,
        4.456430167885586,
        4.155621468181567,
        3.930605360421436
    ]
}