{
    "years": [
        "2020",
        "2021",
        "2022",
        "2023"
    ],
    "revenue": [
        418099677.0,
        289594209.0,
        1013849929.0,
        1626788198.0
    ],
    "net_income": [
        1033864.0,
        3537251.0,
        7520552.0,
        6798279.0
    ],
    "roa": [
        0.01174234719055782,
        0.043640381447361015,
        0.017527019874160714,
        0.01589483512707923
    ],
    "roe": [
        0.016842188396284378,
        0.05473703845168897,
        0.10468011749202343,
        0.08728118556006814
    ],
    "debt_ratio": [
        0.30280157695253274,
        0.20272666037863715,
        0.8325659132404368,
        0.8178893306147843
    ],
    "current_ratio": [
        2.2317499908759117,
        3.2704987899760454,
        1.111230218041112,
        1.135644533430845
    ]
}