{
    "years": [
        "2022",
        "2023"
    ],
    "revenue": [
        341732954.0,
        433080725.0
    ],
    "net_income": [
        35258407.0,
        26577890.0
    ],
    "roa": [
        0.07214585543961449,
        0.042119950743827496
    ],
    "roe": [
        0.1081926766524243,
        0.07598447517933603
    ],
    "debt_ratio": [
        0.3331724690443925,
        0.44567688801669825
    ],
    "current_ratio": [
        1.4264510824988614,
        1.2169884516022718
    ]
}