{
    "years": [
        "2021",
        "2022",
        "2023",
        "2024"
    ],
    "revenue": [
        25301792525.0,
        21680827982.0,
        17462680329.0,
        19154277660.0
    ],
    "net_income": [
        1209808221.0,
        -276508187.0,
        283572298.0,
        341769384.0
    ],
    "roa": [
        0.09565127448765796,
        -0.0268309982618148,
        0.024568554574044627,
        0.02641396168119989
    ],
    "roe": [
        0.35047416946994414,
        -0.08018119393733801,
        0.07835110946967246,
        0.08958321354305868
    ],
    "debt_ratio": [
        0.7270803876008306,
        0.6653704323387432,
        0.6864300360219604,
        0.7051460799795503
    ],
    "current_ratio": [
        1.0612952139803717,
        1.0951583942869079,
        1.1004149253962463,
        1.1485113467076364
    ]
}