{
    "years": [
        "2012",
        "2013"
    ],
    "revenue": [
        77514811.0,
        102355836.0
    ],
    "net_income": [
        3586760.0,
        1561418.0
    ],
    "roa": [
        0.02867228218419229,
        0.017917986965945085
    ],
    "roe": [
        0.0788515040870104,
        0.03535644725557743
    ],
    "debt_ratio": [
        0.636376217344526,
        0.49321868126559154
    ],
    "current_ratio": [
        1.2097570017669155,
        1.3720510566049469
    ]
}