{
    "years": [
        "2020",
        "2021",
        "2022",
        "2023"
    ],
    "revenue": [
        402975121.0,
        340145627.0,
        401582501.0,
        313867666.0
    ],
    "net_income": [
        79976973.0,
        60786014.0,
        69270226.0,
        36692332.0
    ],
    "roa": [
        0.2005131254383805,
        0.15955798463817047,
        0.17061380259287848,
        0.08973260315054207
    ],
    "roe": [
        0.29562592470459825,
        0.2290416060918527,
        0.235332329374307,
        0.12580685016009643
    ],
    "debt_ratio": [
        0.3217336211675563,
        0.3033668102458955,
        0.27500907739068314,
        0.2867431063065947
    ],
    "current_ratio": [
        2.3898727980456003,
        2.0536554879314926,
        2.7401813867434313,
        2.3728729996168063
    ]
}