{
    "years": [
        "2021",
        "2022",
        "2023",
        "2024"
    ],
    "revenue": [
        18847758909.0,
        16822823680.0,
        16757537132.0,
        21351265987.0
    ],
    "net_income": [
        654788979.0,
        971604932.0,
        792669867.0,
        1714575846.0
    ],
    "roa": [
        0.028316681624768723,
        0.05577646101042291,
        0.0577624258507143,
        0.13287920069692152
    ],
    "roe": [
        0.10936128108333641,
        0.16184127357446068,
        0.13317974975548208,
        0.24657960882916347
    ],
    "debt_ratio": [
        0.7410721477998177,
        0.6553631853078502,
        0.5662822166525612,
        0.4611103435199965
    ],
    "current_ratio": [
        1.139397324170969,
        1.2599160762205208,
        1.0161814949332617,
        1.2750932089166893
    ]
}