{
    "years": [
        "2021",
        "2022",
        "2023",
        "2024"
    ],
    "revenue": [
        1381118770.0,
        2093232835.0,
        2163456148.0,
        2325314423.0
    ],
    "net_income": [
        325433795.0,
        370579580.0,
        143323947.0,
        92073390.0
    ],
    "roa": [
        0.026091732832723834,
        0.021648337216921477,
        0.00888424570859639,
        0.006068016484525736
    ],
    "roe": [
        0.08706808039087499,
        0.06582540067969292,
        0.024851037840161027,
        0.015972515456028222
    ],
    "debt_ratio": [
        0.7003295270139167,
        0.6711248698315941,
        0.6425000128469958,
        0.6200963773532869
    ],
    "current_ratio": [
        1.4995280551623542,
        1.0230917719259205,
        0.8685776005180026,
        1.7597838378403294
    ]
}