{
    "years": [
        "2022",
        "2023",
        "2024"
    ],
    "revenue": [
        91245507.0,
        85533096.0,
        81733218.0
    ],
    "net_income": [
        3960427.0,
        1318602.0,
        -3667636.0
    ],
    "roa": [
        0.10403141031603462,
        0.03607608271790546,
        -0.12372078130478469
    ],
    "roe": [
        0.14016720852911863,
        0.05148135761592248,
        -0.17780792172184406
    ],
    "debt_ratio": [
        0.25780493592106507,
        0.29923987267290675,
        0.3041885867248999
    ],
    "current_ratio": [
        3.5072834485012145,
        3.0377802095983935,
        2.8997927032382673
    ]
}