{
    "years": [
        "2021",
        "2022",
        "2023",
        "2024"
    ],
    "revenue": [
        280244110.0,
        280974427.0,
        284390902.0,
        337542674.0
    ],
    "net_income": [
        7248268.0,
        7269255.0,
        7643486.0,
        8038403.0
    ],
    "roa": [
        0.025047097462680124,
        0.026133722187369094,
        0.026580974562101595,
        0.0284451821939001
    ],
    "roe": [
        0.060664259458139885,
        0.060839909808437086,
        0.0639720305250131,
        0.06727728130652592
    ],
    "debt_ratio": [
        0.5871193733113423,
        0.5704510037957855,
        0.5844906853205415,
        0.5771948324680458
    ],
    "current_ratio": [
        1.2883435304780788,
        1.2917454554617873,
        1.2753749698973462,
        1.2590850709076087
    ]
}