{
    "years": [
        "2021",
        "2022",
        "2023",
        "2024"
    ],
    "revenue": [
        300088054.0,
        332270826.0,
        327372968.0,
        316625083.0
    ],
    "net_income": [
        107072035.0,
        157632143.0,
        155624790.0,
        181487212.0
    ],
    "roa": [
        0.06606206875089933,
        0.10318800597521065,
        0.10397261974355373,
        0.12152243453839966
    ],
    "roe": [
        0.11376396255834056,
        0.16856582940402848,
        0.16231287107666656,
        0.17573880313062692
    ],
    "debt_ratio": [
        0.41930583934239013,
        0.38784742827157703,
        0.3594308383933182,
        0.30850539338160937
    ],
    "current_ratio": [
        2.595758091199033,
        4.572220859736972,
        2.939847290113714,
        3.8731086727772475
    ]
}