{
    "years": [
        "2021",
        "2022",
        "2023",
        "2024"
    ],
    "revenue": [
        162658231.0,
        168327880.0,
        172273666.0,
        159342954.0
    ],
    "net_income": [
        24474605.0,
        16648391.0,
        16631179.0,
        16238925.0
    ],
    "roa": [
        0.09759891897812319,
        0.06516602098316948,
        0.06218961942239699,
        0.0618479538708339
    ],
    "roe": [
        0.10570322067125898,
        0.06940179347647717,
        0.06854392714822138,
        0.06700214269212561
    ],
    "debt_ratio": [
        0.07667033834608009,
        0.06103260854120935,
        0.09270416782632923,
        0.07692573124079273
    ],
    "current_ratio": [
        1.9733109738045658,
        4.9466059139961835,
        2.464017373616062,
        2.766657089502311
    ]
}