{
    "years": [
        "2021",
        "2022",
        "2023",
        "2024"
    ],
    "revenue": [
        4150320316.0,
        3166709117.0,
        936395865.0,
        711479405.0
    ],
    "net_income": [
        330633108.0,
        361392800.0,
        28881351.0,
        27630802.0
    ],
    "roa": [
        0.08779888825457845,
        0.09061239477638201,
        0.00860291414987683,
        0.008469941430476345
    ],
    "roe": [
        0.20530612814117635,
        0.14388610037945646,
        0.01135464133271133,
        0.010789806491277042
    ],
    "debt_ratio": [
        0.5723513513722076,
        0.3702491447233681,
        0.2423438224250299,
        0.21500525173238075
    ],
    "current_ratio": [
        1.512427432020462,
        2.626172740226805,
        4.478852963568174,
        6.414220089944966
    ]
}