{
    "years": [
        "2021",
        "2022",
        "2023",
        "2024"
    ],
    "revenue": [
        236643694.0,
        312985863.0,
        387722741.0,
        145483896.0
    ],
    "net_income": [
        35166175.0,
        18260809.0,
        39283146.0,
        3845594.0
    ],
    "roa": [
        0.06409855081819409,
        0.028791496679212755,
        0.0907542189552365,
        0.008312419551260627
    ],
    "roe": [
        0.11804375516430467,
        0.055190487527872645,
        0.11675391846990907,
        0.011304957709982164
    ],
    "debt_ratio": [
        0.45699329262293004,
        0.4783250163414068,
        0.22268802499655257,
        0.2647102479719278
    ],
    "current_ratio": [
        2.5598920943737236,
        1.8181034244138654,
        2.696932022431689,
        1.284161018467557
    ]
}