{
    "years": [
        "2020",
        "2021",
        "2022",
        "2023"
    ],
    "revenue": [
        0.0,
        0.0,
        0.0,
        0.0
    ],
    "net_income": [
        -15450704.0,
        -16130296.0,
        -9037769.0,
        -13901307.0
    ],
    "roa": [
        -0.29815407425766827,
        -0.392169379441881,
        -0.28578201307554113,
        -0.8587189303468373
    ],
    "roe": [
        -0.49986792117768825,
        -1.0914131382349177,
        -1.574110943346407,
        1.7036332998357804
    ],
    "debt_ratio": [
        0.4035342905077452,
        0.6406774247961546,
        0.8184486206112027,
        1.5040515059371125
    ],
    "current_ratio": [
        0.08250861697369034,
        0.049139132227920615,
        0.2818487042631688,
        0.09153587171138759
    ]
}