{
    "years": [
        "2019",
        "2020",
        "2021",
        "2022"
    ],
    "revenue": [
        121387712.0,
        136514484.0,
        168162340.0,
        645698609.0
    ],
    "net_income": [
        14728044.0,
        28364986.0,
        59094813.0,
        25781164.0
    ],
    "roa": [
        0.11179426419106973,
        0.17741215587411563,
        0.19700036123236642,
        0.09642030425231407
    ],
    "roe": [
        0.15104549981850596,
        0.2651964463864332,
        0.3751919837329904,
        0.17390313191065948
    ],
    "debt_ratio": [
        0.25986365482321505,
        0.3310160890481993,
        0.4749345141324663,
        0.44555165169855154
    ],
    "current_ratio": [
        2.9632632352593986,
        2.556954891817342,
        2.037844422429767,
        2.102874552679559
    ]
}