{
    "years": [
        "2021",
        "2022",
        "2023",
        "2024"
    ],
    "revenue": [
        53027306.0,
        54615560.0,
        58712857.0,
        71833658.0
    ],
    "net_income": [
        4317116.0,
        6430401.0,
        4386356.0,
        12442767.0
    ],
    "roa": [
        0.021825145675773237,
        0.03175148117965365,
        0.02251138929449325,
        0.06008648327437298
    ],
    "roe": [
        0.022723396115840625,
        0.03278602174420997,
        0.022941524472794017,
        0.06283569410189184
    ],
    "debt_ratio": [
        0.03952976199016361,
        0.031554318258787045,
        0.018749197718349476,
        0.04375237461467125
    ],
    "current_ratio": [
        4.814490454634149,
        5.999686176189556,
        7.610638462690216,
        4.892787466706341
    ]
}