{
    "years": [
        "2021",
        "2022",
        "2023",
        "2024"
    ],
    "revenue": [
        103207416.0,
        1863151528.0,
        2765202478.0,
        2811806015.0
    ],
    "net_income": [
        5426082.0,
        26659546.0,
        284818.0,
        15095911.0
    ],
    "roa": [
        0.049472619001390855,
        0.016947130723241957,
        0.00021273067784483382,
        0.010090377118370894
    ],
    "roe": [
        0.06916429885133424,
        0.0576374275549949,
        0.000615392117162701,
        0.03162415684705599
    ],
    "debt_ratio": [
        0.2847087323514957,
        0.7059700364477265,
        0.6543168625141963,
        0.6809281851474802
    ],
    "current_ratio": [
        3.571364363984556,
        1.014486757010233,
        1.13920897522529,
        0.8986892346906021
    ]
}