{
    "years": [
        "2021",
        "2022",
        "2023",
        "2024"
    ],
    "revenue": [
        1064772326.0,
        292176219.0,
        8296583.0,
        2127944.0
    ],
    "net_income": [
        43591418.0,
        -84701878.0,
        -51944754.0,
        -29881480.0
    ],
    "roa": [
        0.05268595635524464,
        -0.15820528714157156,
        -0.12395015073335551,
        -0.07948317175091361
    ],
    "roe": [
        0.06203977473841507,
        -0.18904732558490983,
        -0.1323844498411727,
        -0.0816779991418604
    ],
    "debt_ratio": [
        0.15077131441256741,
        0.16314453720999988,
        0.06371064817609752,
        0.026871708587458965
    ],
    "current_ratio": [
        5.751084605989697,
        4.489091828415249,
        19.29863657744536,
        42.183076772713925
    ]
}