{
    "years": [
        "2021",
        "2022",
        "2023",
        "2024"
    ],
    "revenue": [
        3206290165.0,
        3898243609.0,
        3845826297.0,
        4832024799.0
    ],
    "net_income": [
        720561816.0,
        1161293797.0,
        2533934246.0,
        1923583483.0
    ],
    "roa": [
        0.06714636509987354,
        0.08912015354171418,
        0.18706109095278775,
        0.10687849542648398
    ],
    "roe": [
        0.10228542952219981,
        0.1461159343691076,
        0.2603613704591715,
        0.13967425344726492
    ],
    "debt_ratio": [
        0.34353929573810676,
        0.39007231533978204,
        0.28153285326894645,
        0.23480174199150614
    ],
    "current_ratio": [
        0.7466583594637898,
        0.8156557438531379,
        1.7648074353839573,
        3.176742075533013
    ]
}