{
    "years": [
        "2020",
        "2021",
        "2022",
        "2023"
    ],
    "revenue": [
        118336839.0,
        165243441.0,
        151307572.0,
        113564129.0
    ],
    "net_income": [
        8553125.0,
        27729124.0,
        25383815.0,
        13702276.0
    ],
    "roa": [
        0.047438014969550406,
        0.13185459542142064,
        0.12719475755349524,
        0.0694507732423999
    ],
    "roe": [
        0.05036709407837965,
        0.13834968172979906,
        0.13877638920557187,
        0.07274364027167138
    ],
    "debt_ratio": [
        0.05815461785965079,
        0.04694688290691915,
        0.08345534653535747,
        0.04526673420485692
    ],
    "current_ratio": [
        16.525034381336226,
        17.39998952695674,
        9.912184845618642,
        18.63056418446939
    ]
}