{
    "years": [
        "2021",
        "2022",
        "2023",
        "2024"
    ],
    "revenue": [
        213997120.0,
        286795933.0,
        193390529.0,
        164814261.0
    ],
    "net_income": [
        23445625.0,
        43581677.0,
        23635639.0,
        16555328.0
    ],
    "roa": [
        0.14927445349449883,
        0.2313806334450416,
        0.14087091117514727,
        0.10323323902514758
    ],
    "roe": [
        0.22059542957460126,
        0.3791588539211873,
        0.19816148007792336,
        0.14118483410705582
    ],
    "debt_ratio": [
        0.32331121373474786,
        0.3897527881726934,
        0.2891105217837877,
        0.26880787389055383
    ],
    "current_ratio": [
        0.9944599491173295,
        1.01361225375944,
        1.2306012249622984,
        1.328982586690575
    ]
}