{
    "years": [
        "2021",
        "2022",
        "2023",
        "2024"
    ],
    "revenue": [
        312065522.0,
        374807383.0,
        251332042.0,
        259198194.0
    ],
    "net_income": [
        40380877.0,
        49053155.0,
        34532258.0,
        20877026.0
    ],
    "roa": [
        0.09497052413434948,
        0.10984334024057579,
        0.07599847839559229,
        0.04770586926153001
    ],
    "roe": [
        0.1304796005084458,
        0.14683381696074446,
        0.10003265347084223,
        0.06057744365757799
    ],
    "debt_ratio": [
        0.2721427428941113,
        0.25192069160783276,
        0.2402632964470495,
        0.21248130688389968
    ],
    "current_ratio": [
        2.8107548275804963,
        3.0658760876428035,
        3.225608657149911,
        3.747246222151358
    ]
}