{
    "years": [
        "2021",
        "2022",
        "2023",
        "2024"
    ],
    "revenue": [
        564375100.0,
        548993493.0,
        89463538.0,
        80590362.0
    ],
    "net_income": [
        41692187.0,
        17865540.0,
        -881959.0,
        4869099.0
    ],
    "roa": [
        0.09394549253432319,
        0.027859711243047258,
        -0.0013848186164965826,
        0.006313071401326753
    ],
    "roe": [
        0.09716583366114498,
        0.02982962345012992,
        -0.0014915909721639866,
        0.008190456977028356
    ],
    "debt_ratio": [
        0.03314273140548938,
        0.06603878893664283,
        0.07158286531628673,
        0.22921621845607348
    ],
    "current_ratio": [
        17.048960676805635,
        10.189478369235637,
        8.392513507710087,
        2.885919153700477
    ]
}