{
    "years": [
        "2016",
        "2017",
        "2018",
        "2019"
    ],
    "revenue": [
        171201728.0,
        238641370.0,
        129107820.0,
        123627911.0
    ],
    "net_income": [
        16627753.0,
        66871020.0,
        1952632.0,
        2095251.0
    ],
    "roa": [
        0.01869670931408783,
        0.07757001162413033,
        0.0025568626638611475,
        0.0027629760770509124
    ],
    "roe": [
        0.04217478348723938,
        0.14603166828913958,
        0.004309524762331817,
        0.004619821269921706
    ],
    "debt_ratio": [
        0.5566851144655004,
        0.4688137680482883,
        0.4066949826556585,
        0.4019300930449766
    ],
    "current_ratio": [
        0.5359884060593239,
        0.984855005585809,
        0.842648783790462,
        0.9873335349354311
    ]
}