{
    "years": [
        "2021",
        "2022",
        "2023",
        "2024"
    ],
    "revenue": [
        149965506.0,
        174275042.0,
        124366016.0,
        156696160.0
    ],
    "net_income": [
        55022514.0,
        65560289.0,
        36236809.0,
        69611135.0
    ],
    "roa": [
        0.08571877469448062,
        0.09655529189011039,
        0.04964047133712268,
        0.09119956556122896
    ],
    "roe": [
        0.12624209623668925,
        0.13416295291259436,
        0.07300855871855247,
        0.1368079957677119
    ],
    "debt_ratio": [
        0.32099690000578024,
        0.28031330710933994,
        0.3200732597874396,
        0.33337547232196946
    ],
    "current_ratio": [
        2.1354650184896076,
        3.0852074629517166,
        1.801211156918904,
        1.5015847722904192
    ]
}