{
    "years": [
        "2021",
        "2022",
        "2023",
        "2024"
    ],
    "revenue": [
        1631604806.0,
        1844793077.0,
        1765167952.0,
        2247003637.0
    ],
    "net_income": [
        56045742.0,
        81200440.0,
        84687795.0,
        100668132.0
    ],
    "roa": [
        0.04315228065145547,
        0.054353120583636255,
        0.055659786241296576,
        0.05948614736330302
    ],
    "roe": [
        0.08523152660887405,
        0.11035229941049822,
        0.11157320081378597,
        0.1180414287607081
    ],
    "debt_ratio": [
        0.49370517731683355,
        0.5074581963947238,
        0.5011366005875197,
        0.49605703702644527
    ],
    "current_ratio": [
        1.6475044017623188,
        1.5390429369194207,
        1.4178769772230653,
        1.4085838127870602
    ]
}