{
    "years": [
        "2021",
        "2022",
        "2023",
        "2024"
    ],
    "revenue": [
        510841937.0,
        489509946.0,
        249213956.0,
        261393685.0
    ],
    "net_income": [
        15674119.0,
        10264017.0,
        10302457.0,
        8554817.0
    ],
    "roa": [
        0.03350876781016824,
        0.027288811363931298,
        0.030475382483767972,
        0.02676073897956526
    ],
    "roe": [
        0.09364204608503883,
        0.06307675280136153,
        0.06329803044645207,
        0.05313106742753059
    ],
    "debt_ratio": [
        0.6421610888367599,
        0.5673713348899239,
        0.5185413784786072,
        0.49632596755060077
    ],
    "current_ratio": [
        1.435343355506101,
        1.5804316494239228,
        1.737402456675386,
        1.8040735981897293
    ]
}