{
    "years": [
        "2021",
        "2022",
        "2023",
        "2024"
    ],
    "revenue": [
        108705145.0,
        108749981.0,
        80252573.0,
        78948524.0
    ],
    "net_income": [
        -774059.0,
        117355.0,
        -5013777.0,
        -12965183.0
    ],
    "roa": [
        -0.007104523828785068,
        0.000990343879243178,
        -0.039525177290011405,
        -0.10775470448612531
    ],
    "roe": [
        -0.017523693329039223,
        0.002649725522936106,
        -0.12765590320492184,
        -0.49277538391183484
    ],
    "debt_ratio": [
        0.5945761150127027,
        0.6262466166134074,
        0.6903772070253349,
        0.7813309917578912
    ],
    "current_ratio": [
        0.9614077813635411,
        0.9659936984764125,
        0.9122274333330145,
        0.8290473624500333
    ]
}