{
    "years": [
        "2022",
        "2023",
        "2024"
    ],
    "revenue": [
        1319676337.0,
        1288309810.0,
        1501926294.0
    ],
    "net_income": [
        27024458.0,
        27183989.0,
        40422618.0
    ],
    "roa": [
        0.02596667870129058,
        0.024192388760823563,
        0.03767051936350231
    ],
    "roe": [
        0.0867314267247033,
        0.08413401319445567,
        0.120545826449515
    ],
    "debt_ratio": [
        0.7006081914954292,
        0.712454121201747,
        0.6875004264102097
    ],
    "current_ratio": [
        1.1632902387514394,
        1.181800478884785,
        1.2062397522132484
    ]
}