{
    "years": [
        "2020",
        "2022",
        "2023",
        "2024"
    ],
    "revenue": [
        1362585349.0,
        2039516640.0,
        1645405139.0,
        1798427563.0
    ],
    "net_income": [
        143406734.0,
        144009296.0,
        47409495.0,
        111152241.0
    ],
    "roa": [
        0.19269897441230432,
        0.12782771322684391,
        0.04265643958111866,
        0.09948272380483017
    ],
    "roe": [
        0.46392458423415206,
        0.25614537394817666,
        0.08395813493600146,
        0.1840706777804761
    ],
    "debt_ratio": [
        0.5846329749254131,
        0.5009563856003661,
        0.49193202524526936,
        0.45954062317587635
    ],
    "current_ratio": [
        1.3927741795935313,
        1.5950150359046276,
        1.7302130094991506,
        1.8298338515213879
    ]
}