{
    "years": [
        "2020",
        "2022",
        "2023",
        "2024"
    ],
    "revenue": [
        44226086.0,
        136136167.0,
        46954774.0,
        46929372.0
    ],
    "net_income": [
        200112.0,
        277693.0,
        70325.0,
        1288000.0
    ],
    "roa": [
        0.0026954761711565946,
        0.0027175997428774633,
        0.0006949875776344113,
        0.013892441246757294
    ],
    "roe": [
        0.01638676808111234,
        0.02200972304222462,
        0.005543006558285157,
        0.09216354420919923
    ],
    "debt_ratio": [
        0.8355089815261714,
        0.8765273085143381,
        0.8746190230290076,
        0.8492631618503813
    ],
    "current_ratio": [
        1.1874477938561434,
        1.118164306634211,
        1.1225807964979113,
        1.1744016069673864
    ]
}