{
    "years": [
        "2020",
        "2021",
        "2022",
        "2023"
    ],
    "revenue": [
        60082710.0,
        89174450.0,
        62205110.0,
        104038075.0
    ],
    "net_income": [
        22636020.0,
        38923140.0,
        -81036210.0,
        33507910.0
    ],
    "roa": [
        0.06636626741295716,
        0.10360887281442377,
        -0.32707518508118677,
        0.12285214628588582
    ],
    "roe": [
        0.06945664948181722,
        0.11420963041670007,
        -0.3532158309812842,
        0.12743946511214138
    ],
    "debt_ratio": [
        0.04449368191405588,
        0.092818421385297,
        0.07400757159574345,
        0.03599606152002369
    ],
    "current_ratio": [
        21.31156026247086,
        10.319841867307916,
        12.90617813028158,
        26.817059353292887
    ]
}