{
    "years": [
        "2021",
        "2022",
        "2023",
        "2024"
    ],
    "revenue": [
        127635214.0,
        153368250.0,
        168660498.0,
        174394759.0
    ],
    "net_income": [
        3150804.0,
        10531116.0,
        6005794.0,
        6307588.0
    ],
    "roa": [
        0.035072066560348614,
        0.11143732084817354,
        0.06417933265267708,
        0.06631933309599246
    ],
    "roe": [
        0.04377007995711571,
        0.13790383503577852,
        0.08094777324190225,
        0.0853518256686862
    ],
    "debt_ratio": [
        0.1987205279334441,
        0.19192007372919231,
        0.20715135102129106,
        0.22298869911199048
    ],
    "current_ratio": [
        3.508933546179383,
        3.840654200583395,
        3.6183368218778815,
        3.571437193386667
    ]
}