{
    "years": [
        "2021",
        "2022",
        "2023",
        "2024"
    ],
    "revenue": [
        140388854.0,
        113188063.0,
        85993678.0,
        87306977.0
    ],
    "net_income": [
        -7168351.0,
        -9197113.0,
        -20570760.0,
        -19298494.0
    ],
    "roa": [
        -0.032947239216296366,
        -0.03648403750938227,
        -0.0923281694080769,
        -0.06919919979689275
    ],
    "roe": [
        -0.050352172246009595,
        -0.059397983740613655,
        -0.15334728237617215,
        -0.13483201944996764
    ],
    "debt_ratio": [
        0.34566399528259817,
        0.38576976503604565,
        0.39791453765976037,
        0.4867747284422257
    ],
    "current_ratio": [
        2.1898142088398456,
        2.0159235607643597,
        0.9868807691547837,
        0.8883562408250429
    ]
}