{
    "years": [
        "2020",
        "2021",
        "2022",
        "2023"
    ],
    "revenue": [
        3189964886.0,
        2187415636.0,
        5197982826.0,
        6492569736.0
    ],
    "net_income": [
        -2383339850.0,
        127606111.0,
        1124674840.0,
        1781685785.0
    ],
    "roa": [
        -0.06395511701381715,
        0.006920189312468282,
        0.056806385721527144,
        0.08523484788765645
    ],
    "roe": [
        -0.23767336098393788,
        0.02730574352189313,
        0.2165024845642321,
        0.26682048095818467
    ],
    "debt_ratio": [
        0.7309117153514765,
        0.7465665307037023,
        0.7376178576617037,
        0.6805535782651775
    ],
    "current_ratio": [
        0.5788052869518294,
        1.0440221373738565,
        0.872044429324725,
        0.9030031431399889
    ]
}