{
    "years": [
        "2021",
        "2022",
        "2023",
        "2024"
    ],
    "revenue": [
        1955301419.0,
        3205610066.0,
        2612689734.0,
        3992094957.0
    ],
    "net_income": [
        550615355.0,
        1040793234.0,
        357825466.0,
        800226211.0
    ],
    "roa": [
        0.1703454585728932,
        0.20612136397428735,
        0.0667715707120515,
        0.1108771755542826
    ],
    "roe": [
        0.28948826569536446,
        0.3605202014026222,
        0.11285214531366586,
        0.20521780301857093
    ],
    "debt_ratio": [
        0.41156351134400776,
        0.42826681231076175,
        0.4083269704225483,
        0.45970976239206257
    ],
    "current_ratio": [
        2.0741700893988795,
        1.9163343084003102,
        1.7073016759085111,
        1.4485121744791716
    ]
}