{
    "years": [
        "2021",
        "2022",
        "2023",
        "2024"
    ],
    "revenue": [
        3105922677.0,
        4041643262.0,
        3154058861.0,
        3063883273.0
    ],
    "net_income": [
        46057875.0,
        26265349.0,
        40230171.0,
        48723446.0
    ],
    "roa": [
        0.03892871960348484,
        0.021207243274553707,
        0.030117939485593784,
        0.045278682545232304
    ],
    "roe": [
        0.2192797540826444,
        0.117190557269546,
        0.15863356991151234,
        0.17063087666798052
    ],
    "debt_ratio": [
        0.8224700690387815,
        0.8190362451662753,
        0.8101414504988199,
        0.7346395715159036
    ],
    "current_ratio": [
        0.9277514775096978,
        0.9957417440266043,
        1.0768770129521679,
        0.9188205064063959
    ]
}