{
    "years": [
        "2021",
        "2022",
        "2023",
        "2024"
    ],
    "revenue": [
        2413734416.0,
        3217509860.0,
        2967066545.0,
        2597545415.0
    ],
    "net_income": [
        35504183.0,
        67300347.0,
        47005430.0,
        66477702.0
    ],
    "roa": [
        0.005058289564116934,
        0.00886423890899548,
        0.006942556957884486,
        0.010337897046573733
    ],
    "roe": [
        0.021819470520385496,
        0.04118132262720575,
        0.029067615450021095,
        0.04061267337477879
    ],
    "debt_ratio": [
        0.7681754211500652,
        0.7847509904128366,
        0.7611583595557906,
        0.7454514517876148
    ],
    "current_ratio": [
        1.2511803158337829,
        1.3192324787054954,
        1.1431151223896638,
        1.0898127678720353
    ]
}