{
    "years": [
        "2020",
        "2021",
        "2022",
        "2023"
    ],
    "revenue": [
        159409434.0,
        42697463.0,
        144961004.0,
        18271817.0
    ],
    "net_income": [
        1984192.0,
        35576487.0,
        -43791581.0,
        35939331.0
    ],
    "roa": [
        0.0015740756610576226,
        0.028371870095674656,
        -0.03907754446343545,
        0.03353834293016726
    ],
    "roe": [
        0.001917501949487503,
        0.033260363690834495,
        -0.04246257381905032,
        0.03368657024823406
    ],
    "debt_ratio": [
        0.17910088097781035,
        0.1469765526498724,
        0.07971795044831252,
        0.004400190253104485
    ],
    "current_ratio": [
        1.5860085831707271,
        2.6811477312344576,
        2.9942951310545403,
        73.75357361887956
    ]
}