{
    "years": [
        "2021",
        "2022",
        "2023",
        "2024"
    ],
    "revenue": [
        197530931.0,
        145551347.0,
        115619863.0,
        69343852.0
    ],
    "net_income": [
        2946974.0,
        721889.0,
        317453.0,
        -10740798.0
    ],
    "roa": [
        0.014543900155496245,
        0.0032785477342750845,
        0.0014838023621227955,
        -0.06900165834513244
    ],
    "roe": [
        0.020815889923981354,
        0.0051313585611368895,
        0.0022818622482429613,
        -0.0841300051323323
    ],
    "debt_ratio": [
        0.3013077889722764,
        0.36107607854464596,
        0.3497406062678295,
        0.17982106102815187
    ],
    "current_ratio": [
        2.9581670013699117,
        2.521908596121108,
        2.6694718941216458,
        5.030457266702346
    ]
}