{
    "years": [
        "2021",
        "2022",
        "2023",
        "2024"
    ],
    "revenue": [
        448689918.0,
        1079745522.0,
        1234414895.0,
        1349671891.0
    ],
    "net_income": [
        1065296.0,
        18404543.0,
        24830750.0,
        18760975.0
    ],
    "roa": [
        0.008340343734469203,
        0.10554034085381842,
        0.126349475829106,
        0.0871013524080334
    ],
    "roe": [
        0.02068941434851328,
        0.2773951381530668,
        0.35999658426768205,
        0.24338022673711457
    ],
    "debt_ratio": [
        0.5968786939071318,
        0.6195306754238021,
        0.6490259037148072,
        0.6421182050170604
    ],
    "current_ratio": [
        1.039853098244248,
        1.2854166540358711,
        1.2745809288434056,
        1.1977679101142678
    ]
}