{
    "years": [
        "2019",
        "2020",
        "2021",
        "2022"
    ],
    "revenue": [
        1106854.0,
        1005387.0,
        1034669.0,
        1055176.0
    ],
    "net_income": [
        -1682312.0,
        -923717.0,
        -570038.0,
        -358065.0
    ],
    "roa": [
        -0.06287522624997118,
        -0.035372170651786404,
        -0.022666585814645417,
        -0.014566526982216645
    ],
    "roe": [
        -0.1075767085266227,
        -0.062775807164316,
        -0.04030103858751024,
        -0.025972269118158538
    ],
    "debt_ratio": [
        0.4155312324469284,
        0.43653180660505786,
        0.43756819652608026,
        0.4391507759315322
    ],
    "current_ratio": [
        0.9839004894900226,
        0.9744140938477329,
        1.001637733256743,
        1.0495148209785714
    ]
}