{
    "years": [
        "2021",
        "2022",
        "2023",
        "2024"
    ],
    "revenue": [
        5551485308.0,
        6775200253.0,
        3981921711.0,
        5513287344.0
    ],
    "net_income": [
        159847710.0,
        239732740.0,
        37056458.0,
        203569676.0
    ],
    "roa": [
        0.1251531597925337,
        0.09296830627917707,
        0.018470160486978464,
        0.08450315782435658
    ],
    "roe": [
        0.225135820851392,
        0.2474228520564944,
        0.031835338543837674,
        0.13655616493400463
    ],
    "debt_ratio": [
        0.4440993027264862,
        0.624253356121085,
        0.4198220803732049,
        0.3811838677133648
    ],
    "current_ratio": [
        1.6615203020373108,
        1.1127224871786483,
        1.2767735487053549,
        1.433673982400801
    ]
}