{
    "years": [
        "2021",
        "2022",
        "2023",
        "2024"
    ],
    "revenue": [
        11355969089.0,
        14154109474.0,
        7542214414.0,
        6425200748.0
    ],
    "net_income": [
        96969953.0,
        -2570476663.0,
        -1115337522.0,
        962962483.0
    ],
    "roa": [
        0.005849802306933149,
        -0.1648351144875763,
        -1115337522.0,
        0.062482326436043255
    ],
    "roe": [
        0.023904668850302156,
        -2.1094522099574924,
        0.07358818227058633,
        0.5509253874093347
    ],
    "debt_ratio": [
        0.7552862018894184,
        0.9218588059452184,
        15156476048.0,
        0.886586590736253
    ],
    "current_ratio": [
        1.277631851476832,
        1.0761983785848201,
        0.0,
        1.1066910804965133
    ]
}