{
    "years": [
        "2021",
        "2022",
        "2023",
        "2024"
    ],
    "revenue": [
        275441554.0,
        306722085.0,
        243918420.0,
        245805229.0
    ],
    "net_income": [
        14549933.0,
        15513864.0,
        946582.0,
        156801.0
    ],
    "roa": [
        0.05258946704099552,
        0.0583823491834735,
        0.0035847304861384988,
        0.0005327272331312641
    ],
    "roe": [
        0.09276111612575977,
        0.09000449544893448,
        0.005577483803556389,
        0.0009230555567231035
    ],
    "debt_ratio": [
        0.4330656072561915,
        0.3513396315120984,
        0.35728536157240737,
        0.4228654719088912
    ],
    "current_ratio": [
        0.8255177275373141,
        1.1773556698661785,
        1.4260039315454052,
        1.556494754560426
    ]
}