{
    "years": [
        "2021",
        "2022",
        "2023",
        "2024"
    ],
    "revenue": [
        20665280.0,
        18424240.0,
        38574068.0,
        29012168.0
    ],
    "net_income": [
        8112790.0,
        4860390.0,
        17769853.0,
        9796532.0
    ],
    "roa": [
        0.02018056814956265,
        0.011978380019595156,
        0.04270000297172372,
        0.027030513228898007
    ],
    "roe": [
        0.02040907557953288,
        0.012085516519015967,
        0.0431408551298096,
        0.02749001599216951
    ],
    "debt_ratio": [
        0.011196363553054988,
        0.00886486723610339,
        0.010218901706036383,
        0.016715259947553
    ],
    "current_ratio": [
        60.41740482776241,
        97.49941618664235,
        86.18478879664586,
        52.78444137010284
    ]
}