{
    "years": [
        "2021",
        "2022",
        "2023",
        "2024"
    ],
    "revenue": [
        665126108.0,
        1455916611.0,
        600449170.0,
        284445781.0
    ],
    "net_income": [
        12479217.0,
        17164360.0,
        8894505.0,
        9432353.0
    ],
    "roa": [
        0.011452062871456867,
        0.012348481877147663,
        0.008650959511183373,
        0.008760512502528654
    ],
    "roe": [
        0.06234170713424362,
        0.08285158077153033,
        0.04331303167696511,
        0.04495576964881335
    ],
    "debt_ratio": [
        0.816301744082873,
        0.85095659295627,
        0.8002688988454216,
        0.8051304077104173
    ],
    "current_ratio": [
        1.1095386900098314,
        1.0823609122549989,
        1.1267317217187278,
        1.1332701079575016
    ]
}