{
    "years": [
        "2021",
        "2022",
        "2023",
        "2024"
    ],
    "revenue": [
        61841816.0,
        52841926.0,
        61809998.0,
        78498816.0
    ],
    "net_income": [
        109282908.0,
        38868162.0,
        58577683.0,
        36352970.0
    ],
    "roa": [
        0.15087831102896587,
        0.05303100366090861,
        0.078433710152859,
        0.049418295355623636
    ],
    "roe": [
        0.15764398630370446,
        0.056444814969583514,
        0.0835005737940799,
        0.0522275834089871
    ],
    "debt_ratio": [
        0.04291743334696177,
        0.060480511992368195,
        0.06068058470731284,
        0.0537893555473229
    ],
    "current_ratio": [
        16.396288658084025,
        12.375751913136776,
        12.14629834132398,
        14.0061443146694
    ]
}