{
    "years": [
        "2021",
        "2022",
        "2023",
        "2024"
    ],
    "revenue": [
        841046826.0,
        937926894.0,
        796724802.0,
        786188162.0
    ],
    "net_income": [
        12292374.0,
        19382259.0,
        18879306.0,
        23353831.0
    ],
    "roa": [
        0.018110004552585796,
        0.029990826290596694,
        0.02764357441047958,
        0.042909997543396805
    ],
    "roe": [
        0.09133708995347026,
        0.13468018247829933,
        0.1264986037437874,
        0.15414737252865895
    ],
    "debt_ratio": [
        0.8017234339104569,
        0.7773181938223982,
        0.7814713080432937,
        0.7216300424749762
    ],
    "current_ratio": [
        0.9465391554205224,
        1.002098766355267,
        1.040647497755403,
        1.0486943466667238
    ]
}