{
    "years": [
        "2021",
        "2022",
        "2023",
        "2024"
    ],
    "revenue": [
        210034080.0,
        282832221.0,
        233500103.0,
        300015395.0
    ],
    "net_income": [
        2293974.0,
        10312558.0,
        9131882.0,
        12557592.0
    ],
    "roa": [
        0.016049637291227378,
        0.0679770431165693,
        0.06957224280922877,
        0.08650344822640711
    ],
    "roe": [
        0.030922399897132653,
        0.12562864831156656,
        0.11303108416021801,
        0.14701584317519584
    ],
    "debt_ratio": [
        0.48097051507584915,
        0.45890492311927006,
        0.38448575163083193,
        0.4116045838452751
    ],
    "current_ratio": [
        1.2198373443887363,
        1.4367137573126565,
        1.7574755942324454,
        1.7687309953322643
    ]
}