{
    "years": [
        "2021",
        "2022",
        "2023",
        "2024"
    ],
    "revenue": [
        732482618.0,
        744508312.0,
        913035594.0,
        869270360.0
    ],
    "net_income": [
        47138407.0,
        40197418.0,
        51863320.0,
        30199499.0
    ],
    "roa": [
        0.08502333197352731,
        0.053198243993153635,
        0.0666224105171251,
        0.03719080427035889
    ],
    "roe": [
        0.12558119798276107,
        0.09673086035400133,
        0.11482970668936934,
        0.06267358458378236
    ],
    "debt_ratio": [
        0.3229612924603671,
        0.45003855234548157,
        0.419815547405793,
        0.40659522640448253
    ],
    "current_ratio": [
        2.6174756181659085,
        1.5600721196190415,
        1.7609968518541983,
        1.8441526819884224
    ]
}