{
    "years": [
        "2020",
        "2021",
        "2022",
        "2023"
    ],
    "revenue": [
        15954115.0,
        17369393.0,
        18378149.0,
        20604226.0
    ],
    "net_income": [
        19955254.0,
        -2316112.0,
        -1428665.0,
        -4753817.0
    ],
    "roa": [
        0.10428528520484008,
        -0.011877945082145685,
        -0.007416740197778735,
        -0.02685868339970934
    ],
    "roe": [
        0.23913078724939477,
        -0.028055035649309487,
        -0.0178624795932081,
        -0.06414240442592611
    ],
    "debt_ratio": [
        0.563898541026929,
        0.5766198542528662,
        0.5847866384351912,
        0.581264786686837
    ],
    "current_ratio": [
        0.9704207274483321,
        0.9633151153892027,
        0.8891574563848734,
        0.8849814731837679
    ]
}