{
    "years": [
        "2020",
        "2021",
        "2022",
        "2023"
    ],
    "revenue": [
        2247905970.0,
        4460112840.0,
        3901444790.0,
        2903163797.0
    ],
    "net_income": [
        530451690.0,
        1147062380.0,
        852487880.0,
        674358866.0
    ],
    "roa": [
        0.042474098379234965,
        0.047070356812483005,
        0.05518808575804071,
        0.037651225498283036
    ],
    "roe": [
        0.11946156245321249,
        0.1565901399620206,
        0.10802153964664687,
        0.08112992678760825
    ],
    "debt_ratio": [
        0.6444538518749905,
        0.6994040823777317,
        0.4891011002197485,
        0.5359144647467639
    ],
    "current_ratio": [
        1.529217649039221,
        1.4190872653655602,
        2.020148125429984,
        1.846960272319043
    ]
}