{
    "years": [
        "2021",
        "2022",
        "2023",
        "2024"
    ],
    "revenue": [
        79801827.0,
        47142017.0,
        40896771.0,
        155001794.0
    ],
    "net_income": [
        134723.0,
        268611.0,
        28645.0,
        8747050.0
    ],
    "roa": [
        0.0006804863263631272,
        0.0007713115729884333,
        7.552722883554873e-05,
        0.027768997346001266
    ],
    "roe": [
        0.0012220087030080564,
        0.0025391856348402236,
        0.0002777664162958056,
        0.07818713224682057
    ],
    "debt_ratio": [
        0.4431411783827198,
        0.6962366349252888,
        0.7280908547449577,
        0.6448392907116698
    ],
    "current_ratio": [
        2.4026346029408483,
        2.452432459227695,
        2.371100370972528,
        1.4792150899886323
    ]
}