{
    "years": [
        "2021",
        "2022",
        "2023",
        "2024"
    ],
    "revenue": [
        440185488.0,
        382339474.0,
        367164877.0,
        905957305.0
    ],
    "net_income": [
        81143620.0,
        65556251.0,
        30314563.0,
        80728030.0
    ],
    "roa": [
        0.05900820091081603,
        0.04677544915627359,
        0.024017781175505404,
        0.09966648063202155
    ],
    "roe": [
        0.31617305250267413,
        0.21819413313649383,
        0.09811173564382514,
        0.19938951925267884
    ],
    "debt_ratio": [
        0.8133673934456608,
        0.7856246248059627,
        0.7551997116563394,
        0.5001418278875632
    ],
    "current_ratio": [
        0.7351017493487139,
        0.48827322235675363,
        0.5309959941733926,
        2.0239799946217287
    ]
}