{
    "years": [
        "2021",
        "2022",
        "2023",
        "2024"
    ],
    "revenue": [
        127137679.0,
        112356218.0,
        676673.0,
        1050468.0
    ],
    "net_income": [
        5180286.0,
        13862451.0,
        6400840.0,
        1868117.0
    ],
    "roa": [
        0.017761784155142114,
        0.070616502251341,
        0.03453674478570742,
        0.010879247911350165
    ],
    "roe": [
        0.04212826147044498,
        0.10686066387821981,
        0.0520090536854674,
        0.016748439146371894
    ],
    "debt_ratio": [
        0.5783879150198764,
        0.3391721547620484,
        0.3359474487927892,
        0.3504321318379769
    ],
    "current_ratio": [
        1.7971608294357637,
        3.437174901670129,
        3.496030023668534,
        3.346090286140679
    ]
}