{
    "years": [
        "2021",
        "2022",
        "2023",
        "2024"
    ],
    "revenue": [
        359868808.0,
        322823599.0,
        278080140.0,
        333313836.0
    ],
    "net_income": [
        28470884.0,
        2915205.0,
        -16068467.0,
        14921325.0
    ],
    "roa": [
        0.07300039355144033,
        0.00599190252245324,
        -0.03481961869521423,
        0.0297932138223724
    ],
    "roe": [
        0.12723175250219704,
        0.008953477776097774,
        -0.04897762827741467,
        0.04350253068222404
    ],
    "debt_ratio": [
        0.42624076053515214,
        0.33077373147122374,
        0.28907095096577395,
        0.31513837574174797
    ],
    "current_ratio": [
        1.422727259075146,
        1.8351989999015257,
        2.1476217566159423,
        2.1269979969348043
    ]
}