{
    "years": [
        "2021",
        "2022",
        "2023",
        "2024"
    ],
    "revenue": [
        1410192325.0,
        1303389522.0,
        666012383.0,
        556262768.0
    ],
    "net_income": [
        311249351.0,
        420619323.0,
        131972098.0,
        66904963.0
    ],
    "roa": [
        0.08240907458139717,
        0.09512312750702973,
        0.028085891954250198,
        0.013717405509215515
    ],
    "roe": [
        0.2097399410079596,
        0.22568176601048914,
        0.06916729396671605,
        0.029446189260185558
    ],
    "debt_ratio": [
        0.6070892640411787,
        0.5785076960864944,
        0.5939425942011639,
        0.5341534557151361
    ],
    "current_ratio": [
        1.817612181732986,
        1.4300237664322237,
        1.0158867235975493,
        1.0833614526494961
    ]
}