{
    "years": [
        "2019",
        "2020",
        "2022",
        "2023"
    ],
    "revenue": [
        4342940475.0,
        4999229572.0,
        3581190678.0,
        2889383968.0
    ],
    "net_income": [
        1116977977.0,
        1253858332.0,
        1361903402.0,
        866291362.0
    ],
    "roa": [
        0.08055330560360323,
        0.09034441654124166,
        0.09016287423620771,
        0.0599993251251835
    ],
    "roe": [
        0.3405035264537566,
        0.3152440690959259,
        0.2079873243986527,
        0.11983974902172732
    ],
    "debt_ratio": [
        0.7634288653555455,
        0.7134143814336101,
        0.5664982253274673,
        0.49933702619566206
    ],
    "current_ratio": [
        1.0319384908578169,
        1.03842408301691,
        1.173235578907768,
        1.4402431644821707
    ]
}