{
    "years": [
        "2021",
        "2022",
        "2023",
        "2024"
    ],
    "revenue": [
        1858867601.0,
        2010435477.0,
        1842265323.0,
        1953400923.0
    ],
    "net_income": [
        112530772.0,
        137777540.0,
        95499095.0,
        109403065.0
    ],
    "roa": [
        0.12086074756270557,
        0.11894147336279683,
        0.07917741264265403,
        0.0962330499533544
    ],
    "roe": [
        0.3746898699271359,
        0.33776266302506025,
        0.2546822447662563,
        0.2646845973151031
    ],
    "debt_ratio": [
        0.6774379099541474,
        0.6478548804135524,
        0.6891129465451276,
        0.6364236871751536
    ],
    "current_ratio": [
        1.2752776842545266,
        1.2836760156416338,
        1.2023599183436866,
        1.2760945163002935
    ]
}