{
    "years": [
        "2021",
        "2022",
        "2023",
        "2024"
    ],
    "revenue": [
        352023842.0,
        479666827.0,
        422163666.0,
        420790506.0
    ],
    "net_income": [
        9523487.0,
        16849527.0,
        12428080.0,
        15794994.0
    ],
    "roa": [
        0.03857402207176679,
        0.058858009111671196,
        0.04678877064233916,
        0.05172622937419095
    ],
    "roe": [
        0.08024256568276039,
        0.12887211932134113,
        0.09842201649274071,
        0.121362660003128
    ],
    "debt_ratio": [
        0.5192822943340385,
        0.5432836099722281,
        0.5246107292895168,
        0.573787939611263
    ],
    "current_ratio": [
        1.2304481226712658,
        1.2397971189683237,
        1.1307060994215372,
        0.9840245975371926
    ]
}