{
    "years": [
        "2021",
        "2022",
        "2023",
        "2024"
    ],
    "revenue": [
        510599152.0,
        523190990.0,
        543262659.0,
        569438794.0
    ],
    "net_income": [
        51947161.0,
        52915609.0,
        44569313.0,
        46044228.0
    ],
    "roa": [
        0.05398566674026335,
        0.053651297263197055,
        0.04675802486270457,
        0.050574309109496784
    ],
    "roe": [
        0.12156647755528852,
        0.12195355280408911,
        0.10132290261967616,
        0.1004926904533794
    ],
    "debt_ratio": [
        0.5559165007827866,
        0.5600677796621099,
        0.5385246212476299,
        0.49673644041842785
    ],
    "current_ratio": [
        0.5171995200375319,
        0.4636238084393963,
        0.5312168547391152,
        0.6197738107353813
    ]
}