{
    "years": [
        "2021",
        "2022",
        "2023",
        "2024"
    ],
    "revenue": [
        244981296.0,
        244422882.0,
        276660390.0,
        220862621.0
    ],
    "net_income": [
        54606418.0,
        56079084.0,
        70172380.0,
        60441893.0
    ],
    "roa": [
        0.09916825735225046,
        0.08957189132427165,
        0.11000342862959703,
        0.09981247220925261
    ],
    "roe": [
        0.20228285002625887,
        0.13934499249875365,
        0.15972293087969783,
        0.1301997266955513
    ],
    "debt_ratio": [
        0.5097544980240432,
        0.3571933248690453,
        0.311285937318225,
        0.2333895412649662
    ],
    "current_ratio": [
        1.3202553395350296,
        2.318055306339944,
        2.576287514944063,
        3.3439998326211713
    ]
}