{
    "years": [
        "2021",
        "2022",
        "2023",
        "2024"
    ],
    "revenue": [
        122245418.0,
        120367982.0,
        97108954.0,
        68595739.0
    ],
    "net_income": [
        5455466.0,
        4377382.0,
        2033232.0,
        312554.0
    ],
    "roa": [
        0.029507413565483347,
        0.020974485282318434,
        0.009069105132178543,
        0.001419307330487547
    ],
    "roe": [
        0.0696503547000411,
        0.05454350212939087,
        0.02456540386304348,
        0.0038018482815926507
    ],
    "debt_ratio": [
        0.5763494142626967,
        0.6154540052715777,
        0.6308179917276986,
        0.6266796501692651
    ],
    "current_ratio": [
        1.5517759217731624,
        1.4693592959426323,
        1.374114604012435,
        1.3255151504060259
    ]
}