{
    "years": [
        "2022",
        "2023",
        "2024"
    ],
    "revenue": [
        347147636.0,
        292879372.0,
        325858774.0
    ],
    "net_income": [
        11503874.0,
        12474549.0,
        14398899.0
    ],
    "roa": [
        0.018438116461150473,
        0.02056976303244576,
        0.05265023425935174
    ],
    "roe": [
        0.020344739875326832,
        0.02182168567191665,
        0.05851971689767682
    ],
    "debt_ratio": [
        0.09371579218314928,
        0.057370574312783314,
        0.10029923160065897
    ],
    "current_ratio": [
        1.862964763919795,
        2.438495557798061,
        2.763685912482329
    ]
}