{
    "years": [
        "2021",
        "2022",
        "2023",
        "2024"
    ],
    "revenue": [
        18987304.0,
        136095665.0,
        152417935.0,
        156188812.0
    ],
    "net_income": [
        -29062828.0,
        18584798.0,
        13078863.0,
        13192433.0
    ],
    "roa": [
        -0.3030473766591285,
        0.18063677346499865,
        0.11542809409266558,
        0.0968648380430773
    ],
    "roe": [
        -0.4280243546606963,
        0.2148910713009271,
        0.13136189198299486,
        0.11699979517726036
    ],
    "debt_ratio": [
        0.2919856700692642,
        0.15940307630538897,
        0.12129695796701806,
        0.1720939519909212
    ],
    "current_ratio": [
        0.6849123333619673,
        2.4017524062521995,
        3.6219483603951796,
        4.495841681971121
    ]
}