{
    "years": [
        "2021",
        "2022",
        "2023",
        "2024"
    ],
    "revenue": [
        38850263.0,
        40051892.0,
        15584588.0,
        24741368.0
    ],
    "net_income": [
        2024666.0,
        1581272.0,
        -1758979.0,
        201485.0
    ],
    "roa": [
        0.09452905373366852,
        0.08750591711621256,
        -0.12822961700658492,
        0.009956155558648865
    ],
    "roe": [
        0.1263224713025989,
        0.09865833395673095,
        -0.13668576197588272,
        0.015415525239924363
    ],
    "debt_ratio": [
        0.2516845755239454,
        0.11304079841252501,
        0.061865587512983496,
        0.3541474971696965
    ],
    "current_ratio": [
        3.7539088659085453,
        8.102033632953264,
        15.038076395533539,
        2.7520115909609704
    ]
}