{
    "years": [
        "2021",
        "2022",
        "2023",
        "2024"
    ],
    "revenue": [
        385347226.0,
        443551085.0,
        461468193.0,
        584432942.0
    ],
    "net_income": [
        9903250.0,
        9395854.0,
        8778700.0,
        7102913.0
    ],
    "roa": [
        0.025220139096188192,
        0.020427738133051522,
        0.01869146437704592,
        0.01458710785105258
    ],
    "roe": [
        0.09363783693831008,
        0.09182877720909596,
        0.08531934111818827,
        0.07017546303603242
    ],
    "debt_ratio": [
        0.7306629465095016,
        0.7775453539304226,
        0.7809234795759422,
        0.7921337855147083
    ],
    "current_ratio": [
        1.236436105945138,
        1.1721150891256467,
        1.190394508333877,
        1.19095242096842
    ]
}