{
    "years": [
        "2021",
        "2022",
        "2023",
        "2024"
    ],
    "revenue": [
        1513258652.0,
        2233107353.0,
        2005085558.0,
        2032400251.0
    ],
    "net_income": [
        3142046.0,
        -12443813.0,
        3043566.0,
        9251033.0
    ],
    "roa": [
        0.010477716450946471,
        -0.03588888201389652,
        0.009496007351681603,
        0.035021737344319875
    ],
    "roe": [
        0.042031918962576464,
        -0.2045174212049623,
        0.037689947924357974,
        0.10634818944376531
    ],
    "debt_ratio": [
        0.7507200073288253,
        0.8245191935119817,
        0.7480493374323662,
        0.6706879775998572
    ],
    "current_ratio": [
        0.9888400401236223,
        0.9635012868934595,
        1.0743666228523012,
        1.149944563848378
    ]
}