{
    "years": [
        "2021",
        "2022",
        "2023",
        "2024"
    ],
    "revenue": [
        21894378.0,
        24912335.0,
        22006697.0,
        22914291.0
    ],
    "net_income": [
        -5104175.0,
        -7091443.0,
        -15215290.0,
        -11109583.0
    ],
    "roa": [
        -0.1796932722702266,
        -0.239679252066289,
        -0.6822860789163271,
        -0.510756635051284
    ],
    "roe": [
        0.02496075637575084,
        0.03351669283437974,
        0.06708883604710623,
        0.04669800042165127
    ],
    "debt_ratio": [
        8.199031534348737,
        8.151041221478692,
        11.169889941707467,
        11.937441227450812
    ],
    "current_ratio": [
        0.09440586054728799,
        0.09735919631145695,
        0.06628613558914481,
        0.06229081439621442
    ]
}