{
    "years": [
        "2021",
        "2022",
        "2023",
        "2024"
    ],
    "revenue": [
        154120381.0,
        200979515.0,
        175681807.0,
        370448865.0
    ],
    "net_income": [
        70419134.0,
        53936976.0,
        54851766.0,
        183155715.0
    ],
    "roa": [
        0.31016245511128354,
        0.25027741911872825,
        0.2296577994590835,
        0.43109565165372243
    ],
    "roe": [
        0.36345919633114965,
        0.29631403405737905,
        0.2776874044486763,
        0.5337313983728447
    ],
    "debt_ratio": [
        0.14663748161514983,
        0.15536427454440493,
        0.1729628503854949,
        0.1922984988929296
    ],
    "current_ratio": [
        6.374344612183539,
        7.003514586305783,
        5.953927949789801,
        4.992635151523177
    ]
}