{
    "years": [
        "2020",
        "2021",
        "2022",
        "2023"
    ],
    "revenue": [
        28971799.0,
        8960722.0,
        36644185.0,
        51055971.0
    ],
    "net_income": [
        -42363671.0,
        -31221371.0,
        -5980187.0,
        1001682.0
    ],
    "roa": [
        -0.18777540277547178,
        -0.15586769550470997,
        -0.028060021380504625,
        0.004724886366139028
    ],
    "roe": [
        -0.23304602447729503,
        -0.21285726313072736,
        -0.04250391791422426,
        0.007069083405553913
    ],
    "debt_ratio": [
        0.1942561423365273,
        0.2677360724638133,
        0.3398250618417902,
        0.3316125875064845
    ],
    "current_ratio": [
        1.462290161763116,
        1.5282837955651012,
        1.2632006147044421,
        1.2959367493047451
    ]
}