{
    "years": [
        "2021",
        "2022",
        "2023",
        "2024"
    ],
    "revenue": [
        1002430638.0,
        1517002030.0,
        914966759.0,
        818031591.0
    ],
    "net_income": [
        52282742.0,
        52786422.0,
        49575657.0,
        44251657.0
    ],
    "roa": [
        0.04197586785870252,
        0.042401998539800784,
        0.02831069537245228,
        0.04695890387985118
    ],
    "roe": [
        0.10407287523521191,
        0.09553430293559313,
        0.08269841876429962,
        0.06900863159611947
    ],
    "debt_ratio": [
        0.5966685097934101,
        0.5561594397314317,
        0.657663401604556,
        0.31952130054275996
    ],
    "current_ratio": [
        1.2704076755903517,
        1.4980196132420538,
        1.3466205453709397,
        2.3354449636269363
    ]
}