{
    "years": [
        "2021",
        "2022",
        "2023",
        "2024"
    ],
    "revenue": [
        94335266.0,
        104445874.0,
        61473688.0,
        40831422.0
    ],
    "net_income": [
        -68553323.0,
        -57821209.0,
        -43240524.0,
        -33302152.0
    ],
    "roa": [
        -0.21753758326184558,
        -0.24577195011102054,
        -0.2099362537552839,
        -0.18941556759413722
    ],
    "roe": [
        -0.3108745583012029,
        -0.35539322965345005,
        -0.3619789608724572,
        -0.3865432581508464
    ],
    "debt_ratio": [
        0.3002399924567779,
        0.3084506692750536,
        0.42003189011514214,
        0.5099757566584725
    ],
    "current_ratio": [
        0.5591034159015223,
        0.11306902602658785,
        0.12339369918246312,
        0.04216033692049135
    ]
}