{
    "years": [
        "2021",
        "2022",
        "2023",
        "2024"
    ],
    "revenue": [
        27662305.0,
        29568076.0,
        30501703.0,
        33429640.0
    ],
    "net_income": [
        2584994.0,
        2831759.0,
        2676908.0,
        1386204.0
    ],
    "roa": [
        0.08799719851672803,
        0.08387240700914302,
        0.07644580855386889,
        0.04630404776110788
    ],
    "roe": [
        0.11964925883939302,
        0.12138481859355318,
        0.10494280753650896,
        0.05726623230879457
    ],
    "debt_ratio": [
        0.26454037935288854,
        0.3090370939220769,
        0.2715478997712744,
        0.19142493063932872
    ],
    "current_ratio": [
        2.386829643102144,
        2.2108618356252636,
        2.724677992358697,
        4.1037308410644515
    ]
}