{
    "years": [
        "2020",
        "2021",
        "2022",
        "2023"
    ],
    "revenue": [
        338045065.0,
        275915471.0,
        253331676.0,
        315276012.0
    ],
    "net_income": [
        3087481.0,
        12003083.0,
        -19358085.0,
        -12530609.0
    ],
    "roa": [
        0.0019767719941380063,
        0.007894966762031698,
        -0.012037199042415236,
        -0.0076149169376212205
    ],
    "roe": [
        0.004067952755308355,
        0.01517495715844519,
        -0.020364219889915748,
        -0.013473622054347139
    ],
    "debt_ratio": [
        0.5140622044937774,
        0.4797371300888333,
        0.4089044850485045,
        0.43482777630946395
    ],
    "current_ratio": [
        2.0750891951271537,
        2.0244310386295057,
        2.8333834882300257,
        2.931097162051192
    ]
}