{
    "years": [
        "2020",
        "2021",
        "2022",
        "2023"
    ],
    "revenue": [
        640492735.0,
        425015098.0,
        802305606.0,
        980203284.0
    ],
    "net_income": [
        1469179.0,
        2999469.0,
        31055951.0,
        27884517.0
    ],
    "roa": [
        0.00289626531342827,
        0.005426544521072455,
        0.0419488501556329,
        0.03119263740597297
    ],
    "roe": [
        0.004809192715381687,
        0.008975992215072467,
        0.0832265002299117,
        0.06379400332799302
    ],
    "debt_ratio": [
        0.39776476326996085,
        0.3954379202824827,
        0.49596763002469213,
        0.5110412299162681
    ],
    "current_ratio": [
        2.3801848541640687,
        2.080056301699182,
        1.7215499455562289,
        1.5672692873641443
    ]
}