{
    "years": [
        "2021",
        "2022",
        "2023",
        "2024"
    ],
    "revenue": [
        8274084806.0,
        10676021975.0,
        7886782247.0,
        7208426390.0
    ],
    "net_income": [
        103645257.0,
        -142592613.0,
        80110998.0,
        18445494.0
    ],
    "roa": [
        0.04659833069848665,
        -0.05971780815992991,
        0.042325810437188485,
        0.009567417303202475
    ],
    "roe": [
        0.15960651622242567,
        -0.1613167950359712,
        0.08315292067871008,
        0.01897959647081525
    ],
    "debt_ratio": [
        0.7080424295863473,
        0.6298103483483308,
        0.49098828890534324,
        0.49591039420073
    ],
    "current_ratio": [
        1.1524521927806999,
        1.233023183884115,
        1.4396029839097932,
        1.6229643862104037
    ]
}