{
    "years": [
        "2021",
        "2022",
        "2023",
        "2024"
    ],
    "revenue": [
        495030200.0,
        551629842.0,
        608694015.0,
        852499160.0
    ],
    "net_income": [
        16134267.0,
        7677399.0,
        8879732.0,
        12711050.0
    ],
    "roa": [
        0.0787069116242404,
        0.035771308062751105,
        0.03415160142653698,
        0.040264586231671555
    ],
    "roe": [
        0.10159619629732763,
        0.04651251031535642,
        0.05150905672561987,
        0.07007266900250132
    ],
    "debt_ratio": [
        0.22529666963220074,
        0.23093146724998498,
        0.33697870631844695,
        0.42538814626521126
    ],
    "current_ratio": [
        3.1061730591858985,
        3.197013813578729,
        2.3717270637177394,
        1.9674134630816205
    ]
}