{
    "years": [
        "2021",
        "2022",
        "2023",
        "2024"
    ],
    "revenue": [
        165837231.0,
        177266322.0,
        158624641.0,
        149000070.0
    ],
    "net_income": [
        51153120.0,
        57274558.0,
        53927433.0,
        47185290.0
    ],
    "roa": [
        0.147660568808203,
        0.1621081067129659,
        0.14821740476511103,
        0.12966567004113647
    ],
    "roe": [
        0.1602130842489519,
        0.17554429657052267,
        0.16580672534989374,
        0.14654905602365315
    ],
    "debt_ratio": [
        0.07834887830536857,
        0.07654016746798127,
        0.10608327586028152,
        0.11520637826416066
    ],
    "current_ratio": [
        2.569878543542333,
        4.001501452862634,
        3.7235090089609266,
        3.7156047987242684
    ]
}