{
    "years": [
        "2021",
        "2022",
        "2023",
        "2024"
    ],
    "revenue": [
        5436604.0,
        5591664.0,
        6207896.0,
        5970104.0
    ],
    "net_income": [
        -58424016.0,
        -58789548.0,
        -58297170.0,
        -58994593.0
    ],
    "roa": [
        -0.13913445650940498,
        -0.15902967467042023,
        -0.18187257550411076,
        -0.2195174740072978
    ],
    "roe": [
        -0.22165202745289964,
        -0.28706555853333227,
        -0.3979392028597313,
        -0.6742001265143923
    ],
    "debt_ratio": [
        0.37228430478051633,
        0.4460161801264825,
        0.5429639145952186,
        0.6744030957956046
    ],
    "current_ratio": [
        0.37465473632865315,
        0.34691914330732593,
        0.362270908317829,
        0.3380708546715752
    ]
}