{
    "years": [
        "2021",
        "2022",
        "2023",
        "2024"
    ],
    "revenue": [
        31437859.0,
        235253721.0,
        215651459.0,
        115188432.0
    ],
    "net_income": [
        500385.0,
        743458.0,
        461013.0,
        255561.0
    ],
    "roa": [
        0.004820490124827848,
        0.005637598559756745,
        0.003812232107284598,
        0.002838803596259992
    ],
    "roe": [
        0.007207753874273039,
        0.010595609356136638,
        0.006527375088713517,
        0.0036053825232968506
    ],
    "debt_ratio": [
        0.33120772311137864,
        0.4679306899426574,
        0.41596245727071396,
        0.2126206920024342
    ],
    "current_ratio": [
        1.9483021343980342,
        1.550450462655498,
        1.7580237211746617,
        3.470550555179806
    ]
}