{
    "years": [
        "2021",
        "2022",
        "2023",
        "2024"
    ],
    "revenue": [
        980883327.0,
        1369393555.0,
        1469662215.0,
        1572582945.0
    ],
    "net_income": [
        81821075.0,
        126540668.0,
        111309663.0,
        134815485.0
    ],
    "roa": [
        0.1585973721815161,
        0.24441000390321913,
        0.15750613664501184,
        0.15628133400348687
    ],
    "roe": [
        0.2916162093556472,
        0.33726285124928296,
        0.25301180599030526,
        0.2465066274809544
    ],
    "debt_ratio": [
        0.4561434958229806,
        0.2753129999409066,
        0.3774751497127884,
        0.36601569052920707
    ],
    "current_ratio": [
        1.4604830199334944,
        3.1122798906351363,
        2.218075338934353,
        2.325576542167079
    ]
}