{
    "years": [
        "2021",
        "2022",
        "2023",
        "2024"
    ],
    "revenue": [
        3229008911.0,
        3751357641.0,
        3134071263.0,
        2999066631.0
    ],
    "net_income": [
        69625673.0,
        78624119.0,
        99167556.0,
        87733417.0
    ],
    "roa": [
        0.02248329290806916,
        0.027488419515652753,
        0.04412330216066306,
        0.05419053020671221
    ],
    "roe": [
        0.20318069659807336,
        0.211034788505074,
        0.2351524516426955,
        0.205706922489804
    ],
    "debt_ratio": [
        0.8893433614289402,
        0.8697446060416155,
        0.8123629932308484,
        0.736564382224919
    ],
    "current_ratio": [
        0.6657734433146253,
        0.645271711612993,
        0.6320942857227432,
        0.5985825663259597
    ]
}