{
    "years": [
        "2020",
        "2021",
        "2022",
        "2023"
    ],
    "revenue": [
        182028290.0,
        80924793.0,
        35449570.0,
        13536488.0
    ],
    "net_income": [
        74262285.0,
        15221320.0,
        4878952.0,
        3301095.0
    ],
    "roa": [
        0.12124761801721783,
        0.026509636594571607,
        0.008024088778457512,
        0.005571103952516996
    ],
    "roe": [
        0.17012857312990298,
        0.03412649263721547,
        0.011543868611074865,
        0.007770232390229001
    ],
    "debt_ratio": [
        0.28731772807711575,
        0.22319481007367165,
        0.3049047031980747,
        0.2830196482253722
    ],
    "current_ratio": [
        3.1784279456257396,
        4.34193054598977,
        4.812401281829803,
        7.245468320405345
    ]
}