{
    "years": [
        "2020",
        "2022",
        "2023",
        "2024"
    ],
    "revenue": [
        119425572.0,
        122381520.0,
        109381353.0,
        142022096.0
    ],
    "net_income": [
        24865230.0,
        18402996.0,
        18374728.0,
        27580080.0
    ],
    "roa": [
        0.18861187435065474,
        0.12582684005025088,
        0.11557840434829314,
        0.15740234784952775
    ],
    "roe": [
        0.21594843985795178,
        0.13986656697729344,
        0.1305255451081402,
        0.17711790610405936
    ],
    "debt_ratio": [
        0.12658839084588303,
        0.10037943470308969,
        0.11451506099793261,
        0.11131318503137919
    ],
    "current_ratio": [
        5.45677929909514,
        6.819388328344046,
        6.6089433535520605,
        6.482610661921208
    ]
}