{
    "years": [
        "2020",
        "2021",
        "2022",
        "2023"
    ],
    "revenue": [
        510617560.0,
        797004190.0,
        704033428.0,
        780824096.0
    ],
    "net_income": [
        -18227602.0,
        53343724.0,
        2320523.0,
        -49853538.0
    ],
    "roa": [
        -0.06294946538788558,
        0.1543987131212841,
        0.005319861216937015,
        -0.11137752417149141
    ],
    "roe": [
        -1.1301407008773785,
        0.5208356678905971,
        0.022255721042297064,
        -0.9151774594993415
    ],
    "debt_ratio": [
        0.944299444008153,
        0.7035557995737804,
        0.7609665754334985,
        0.8782995330409232
    ],
    "current_ratio": [
        0.6516142675825565,
        1.0130718340078315,
        1.0243974392791533,
        0.9687982636705973
    ]
}