{
    "years": [
        "2021",
        "2022",
        "2023",
        "2024"
    ],
    "revenue": [
        3830564756.0,
        3414324324.0,
        3120669290.0,
        4235960388.0
    ],
    "net_income": [
        142094420.0,
        3127253.0,
        21149396.0,
        25568408.0
    ],
    "roa": [
        0.11263067224632446,
        0.0027315437014538667,
        0.016524464316455077,
        0.018806805066444485
    ],
    "roe": [
        0.29345800331900196,
        0.008174979340698777,
        0.05239032598157082,
        0.06324980265797613
    ],
    "debt_ratio": [
        0.6161949206616462,
        0.6658653694872357,
        0.6845893968617826,
        0.7026582807199818
    ],
    "current_ratio": [
        1.505983321141607,
        1.38502206233713,
        1.3717288053832781,
        1.3465653736151066
    ]
}