{
    "years": [
        "2022",
        "2023",
        "2024"
    ],
    "revenue": [
        3555684791.0,
        4015048148.0,
        4071458085.0
    ],
    "net_income": [
        6963602.0,
        11565603.0,
        11302654.0
    ],
    "roa": [
        0.0203989325967769,
        0.02866965054945923,
        0.029038909910849155
    ],
    "roe": [
        0.06821781394316621,
        0.10839920104253506,
        0.10535813947956146
    ],
    "debt_ratio": [
        0.7009735226377717,
        0.7355178795256114,
        0.72437905553104
    ],
    "current_ratio": [
        1.3740320689332972,
        1.3162750501208675,
        1.331411684347579
    ]
}