{
    "years": [
        "2021",
        "2022",
        "2023",
        "2024"
    ],
    "revenue": [
        90715465.0,
        83794836.0,
        80380730.0,
        107881252.0
    ],
    "net_income": [
        16794819.0,
        1920939.0,
        3926610.0,
        18114439.0
    ],
    "roa": [
        0.06158698420473199,
        0.00863114690004088,
        0.01762367505677613,
        0.07302583889805914
    ],
    "roe": [
        0.07064390160104908,
        0.009698966334046016,
        0.019467799916544404,
        0.08263585606069568
    ],
    "debt_ratio": [
        0.12820522636850779,
        0.11009620997000476,
        0.09472692690872946,
        0.11629355125912923
    ],
    "current_ratio": [
        4.257149963975015,
        3.3484240105075482,
        3.66849858937186,
        3.8688293014023536
    ]
}