{
    "years": [
        "2021",
        "2022",
        "2023",
        "2024"
    ],
    "revenue": [
        87769523.0,
        51712843.0,
        67678200.0,
        52996318.0
    ],
    "net_income": [
        6791543.0,
        5721666.0,
        6567549.0,
        6033053.0
    ],
    "roa": [
        0.0775760322544285,
        0.06278201573197163,
        0.06549739537725575,
        0.06606561031680619
    ],
    "roe": [
        0.0941583067356113,
        0.07381740249960676,
        0.08491725403841079,
        0.07773310507771683
    ],
    "debt_ratio": [
        0.17611058499325458,
        0.14949573398622248,
        0.22869155251264733,
        0.15009685705010234
    ],
    "current_ratio": [
        6.128897982629019,
        5.998022866790733,
        4.064236105001766,
        6.693707281798433
    ]
}