{
    "years": [
        "2021",
        "2022",
        "2023"
    ],
    "revenue": [
        649443480.0,
        912007629.0,
        517871819.0
    ],
    "net_income": [
        32369961.0,
        83019532.0,
        3060871.0
    ],
    "roa": [
        0.02862284665498076,
        0.0625453449715181,
        0.0021915891245018406
    ],
    "roe": [
        0.07611997485690944,
        0.15992632020745076,
        0.0059034261006192575
    ],
    "debt_ratio": [
        0.6239771924677316,
        0.6089114981799963,
        0.6287597935253314
    ],
    "current_ratio": [
        1.5251027568762086,
        1.7290741068961883,
        1.8701595839139773
    ]
}