{
    "years": [
        "2021",
        "2022",
        "2023",
        "2024"
    ],
    "revenue": [
        691109132.0,
        1175592437.0,
        748752816.0,
        788945850.0
    ],
    "net_income": [
        131373157.0,
        583473805.0,
        236522122.0,
        269752732.0
    ],
    "roa": [
        0.03381196551986232,
        0.14806781605283065,
        0.06793757318136508,
        0.06726670840541729
    ],
    "roe": [
        0.047223175952047475,
        0.17377221702261753,
        0.07329668429733296,
        0.08317995585339863
    ],
    "debt_ratio": [
        0.28399636749979495,
        0.1479200841780207,
        0.07311532803077825,
        0.19131108311752165
    ],
    "current_ratio": [
        0.5479644671200085,
        1.8383789902596803,
        2.846188340708512,
        1.7080870636108236
    ]
}