{
    "years": [
        "2022",
        "2023",
        "2024"
    ],
    "revenue": [
        98425822.0,
        127660353.0,
        135876561.0
    ],
    "net_income": [
        6327161.0,
        8535696.0,
        9544973.0
    ],
    "roa": [
        0.049325001375171304,
        0.0632748803396114,
        0.06915370964949323
    ],
    "roe": [
        0.057904063160258375,
        0.07687646706909064,
        0.0851920895605327
    ],
    "debt_ratio": [
        0.14815992724626592,
        0.1769278330292569,
        0.18826137489729614
    ],
    "current_ratio": [
        4.220400370340671,
        3.639561507644384,
        3.584741909751769
    ]
}