{
    "years": [
        "2021",
        "2022",
        "2023",
        "2024"
    ],
    "revenue": [
        9026539895.0,
        10511191220.0,
        11442698023.0,
        11036275254.0
    ],
    "net_income": [
        455431900.0,
        546793075.0,
        441471553.0,
        258938414.0
    ],
    "roa": [
        0.05233692098953515,
        0.06651342472080361,
        0.056449802480819475,
        0.037096012092170616
    ],
    "roe": [
        0.07314774568422765,
        0.08655140218045296,
        0.07342514141640888,
        0.04524362620156284
    ],
    "debt_ratio": [
        0.2845039788995138,
        0.2315153418066146,
        0.2311924581706805,
        0.18008313642001536
    ],
    "current_ratio": [
        2.2337144157403954,
        2.2291873867968874,
        2.136453679936444,
        2.8302911598347245
    ]
}