{
    "years": [
        "2021",
        "2022",
        "2023",
        "2024"
    ],
    "revenue": [
        1734363596.0,
        2114184233.0,
        1916447861.0,
        2124343353.0
    ],
    "net_income": [
        52227218.0,
        120003989.0,
        70954403.0,
        178341232.0
    ],
    "roa": [
        0.02642121055920722,
        0.05877503654780892,
        0.03796640849775024,
        0.08635847535410034
    ],
    "roe": [
        0.09734463047222386,
        0.18070267570914358,
        0.12253576377232535,
        0.25703358821221267
    ],
    "debt_ratio": [
        0.7285807092693602,
        0.6747417473639827,
        0.6901605920676936,
        0.6640187146171695
    ],
    "current_ratio": [
        1.0472656018305755,
        1.0604301054047622,
        1.1005312893684482,
        1.0992890963073048
    ]
}