{
    "years": [
        "2021",
        "2022",
        "2023",
        "2024"
    ],
    "revenue": [
        1198934872.0,
        741796172.0,
        605571129.0,
        491920250.0
    ],
    "net_income": [
        -1119430311.0,
        -3576449702.0,
        -1098460718.0,
        -1281878648.0
    ],
    "roa": [
        -0.07986206782344969,
        -0.2822804326986848,
        -0.07792834235413454,
        -0.07677991832163704
    ],
    "roe": [
        -0.18666432183007045,
        -1.178606534938038,
        -0.48696959849932564,
        -0.7837207995754145
    ],
    "debt_ratio": [
        0.5721621194640935,
        0.760496463975974,
        0.839972880043676,
        0.9020315418919174
    ],
    "current_ratio": [
        0.5899692072904522,
        0.41474224309898994,
        0.27668530076631453,
        0.17298790978326645
    ]
}