{
    "years": [
        "2021",
        "2022",
        "2023",
        "2024"
    ],
    "revenue": [
        779295990.0,
        1128871679.0,
        869534864.0,
        1182125637.0
    ],
    "net_income": [
        35258073.0,
        90411383.0,
        73473859.0,
        105901871.0
    ],
    "roa": [
        0.06541511230569502,
        0.14102600962448095,
        0.11309212198957257,
        0.1395785948621476
    ],
    "roe": [
        0.10392083435813149,
        0.22718864744562678,
        0.17493896618615487,
        0.21968725837097441
    ],
    "debt_ratio": [
        0.3705293773887364,
        0.3792559126079008,
        0.35353383837177965,
        0.3646486560160512
    ],
    "current_ratio": [
        1.985351090779563,
        2.035718232883131,
        2.26729421271562,
        2.2410556500403334
    ]
}