{
    "years": [
        "2022",
        "2023",
        "2024"
    ],
    "revenue": [
        402408638.0,
        308905029.0,
        352867646.0
    ],
    "net_income": [
        7739671.0,
        3030144.0,
        6273361.0
    ],
    "roa": [
        0.04033753843988147,
        0.01735387534397698,
        0.03341019686250343
    ],
    "roe": [
        0.05882311095324296,
        0.02370420046867783,
        0.04777815499167156
    ],
    "debt_ratio": [
        0.31425696828675415,
        0.26789872677173904,
        0.30072233077381644
    ],
    "current_ratio": [
        1.8188237779448977,
        2.236728574074224,
        2.2662057957120276
    ]
}