{
    "years": [
        "2022",
        "2023",
        "2024"
    ],
    "revenue": [
        119567897.0,
        108475645.0,
        121606389.0
    ],
    "net_income": [
        -16627134.0,
        -9855411.0,
        -8433615.0
    ],
    "roa": [
        -0.045450792564462245,
        -0.026216799822770653,
        -0.022769987609202586
    ],
    "roe": [
        -0.04841736521531104,
        -0.027699173350327747,
        -0.02427861708648857
    ],
    "debt_ratio": [
        0.06127084027923657,
        0.05351688690520273,
        0.06213819641834369
    ],
    "current_ratio": [
        10.184235882275864,
        12.853824756682444,
        11.883043431637066
    ]
}