{
    "years": [
        "2022",
        "2023",
        "2024"
    ],
    "revenue": [
        2066573780.0,
        1817969472.0,
        1800835668.0
    ],
    "net_income": [
        21276032.0,
        -31144205.0,
        -69860569.0
    ],
    "roa": [
        0.013983220368479701,
        -0.02140025612964057,
        -0.05636144982034846
    ],
    "roe": [
        0.021882692109930865,
        -0.033521789763675675,
        -0.08130763667645374
    ],
    "debt_ratio": [
        0.36099176928355187,
        0.3616016244803862,
        0.30681234722604567
    ],
    "current_ratio": [
        1.3510973238602249,
        1.310131936767592,
        1.3568416396042573
    ]
}