{
    "years": [
        "2022",
        "2023",
        "2024"
    ],
    "revenue": [
        49673011.0,
        51317823.0,
        43637112.0
    ],
    "net_income": [
        22421420.0,
        23771971.0,
        20150882.0
    ],
    "roa": [
        0.14067247208990538,
        0.14248113225528153,
        0.11880717510865738
    ],
    "roe": [
        0.2030098992566967,
        0.19563469434276065,
        0.1617249082126919
    ],
    "debt_ratio": [
        0.30706594799088355,
        0.27169803528995595,
        0.2653749108800942
    ],
    "current_ratio": [
        1.3981961984923403,
        3.972951592220418,
        0.897735978848814
    ]
}