{
    "years": [
        "2020",
        "2021",
        "2022",
        "2023"
    ],
    "revenue": [
        91279041772.0,
        150865359967.0,
        142770810677.0,
        120355231616.0
    ],
    "net_income": [
        13506164057.0,
        34520954931.0,
        8444429055.0,
        6800388315.0
    ],
    "roa": [
        0.1026995418288107,
        0.1936806993447294,
        0.04957526814953823,
        0.03621415829567506
    ],
    "roe": [
        0.22806843623533288,
        0.3802678681346721,
        0.08785944003729389,
        0.0661282098818438
    ],
    "debt_ratio": [
        0.5496985750240336,
        0.4906729819303659,
        0.43574340869353473,
        0.4523644544381045
    ],
    "current_ratio": [
        1.0918137717243055,
        1.2817279677220825,
        1.290601979824123,
        1.1566550005169265
    ]
}