{
    "years": [
        "2021",
        "2022",
        "2023",
        "2024"
    ],
    "revenue": [
        66185969.0,
        100776577.0,
        99303182.0,
        110357604.0
    ],
    "net_income": [
        -3700136.0,
        12712425.0,
        6234752.0,
        -4846465.0
    ],
    "roa": [
        -0.028604055875118974,
        0.10730544778686157,
        0.05010619037141238,
        -0.04543950197833666
    ],
    "roe": [
        -0.03861828721813092,
        0.11713769998656261,
        0.061683252437666244,
        -0.0504417465382859
    ],
    "debt_ratio": [
        0.25931319238597295,
        0.08393755555068041,
        0.18768566197045164,
        0.09916874222728336
    ],
    "current_ratio": [
        2.619606250197418,
        3.216357191572602,
        1.1982402746747949,
        2.690923394547065
    ]
}