{
    "years": [
        "2021",
        "2022",
        "2023",
        "2024"
    ],
    "revenue": [
        158412410.0,
        142784611.0,
        83665246.0,
        97156532.0
    ],
    "net_income": [
        33666688.0,
        32698649.0,
        67459247.0,
        66198662.0
    ],
    "roa": [
        0.013277102740812114,
        0.013501550465884032,
        0.02752943836688717,
        0.02760571329398312
    ],
    "roe": [
        0.1278787776807208,
        0.11066319919381878,
        0.18623800618752728,
        0.15478286124506666
    ],
    "debt_ratio": [
        0.8961743067801172,
        0.8779942152021376,
        0.852181415971737,
        0.8216487725325404
    ],
    "current_ratio": [
        0.43514855400801306,
        0.47131445375959746,
        0.46962244969944195,
        0.43872457839304563
    ]
}