{
    "years": [
        "2021",
        "2022",
        "2023",
        "2024"
    ],
    "revenue": [
        1031209457.0,
        1218108764.0,
        1215696067.0,
        1394637698.0
    ],
    "net_income": [
        71227618.0,
        33083481.0,
        92953869.0,
        106702908.0
    ],
    "roa": [
        0.06461204780113974,
        0.027269658140417347,
        0.07625079182782213,
        0.0772785310963405
    ],
    "roe": [
        0.15992553359486034,
        0.07527853392104543,
        0.1860226065875226,
        0.1885320510063715
    ],
    "debt_ratio": [
        0.59598666736469,
        0.6377498774216479,
        0.5900993259550604,
        0.5901040131700003
    ],
    "current_ratio": [
        1.250100204475252,
        1.1838597194616705,
        1.2921521827102054,
        1.3718583207678563
    ]
}