{
    "years": [
        "2020",
        "2021",
        "2022",
        "2023"
    ],
    "revenue": [
        792407264.0,
        807541421.0,
        1172503975.0,
        1156626517.0
    ],
    "net_income": [
        14693706.0,
        19762613.0,
        21189893.0,
        33370621.0
    ],
    "roa": [
        0.043433223904091094,
        0.06640360561805463,
        0.05662602154667076,
        0.08341108433146616
    ],
    "roe": [
        0.1375094402765292,
        0.16873650062349968,
        0.16524422564823554,
        0.2205674623929891
    ],
    "debt_ratio": [
        0.6841436935766185,
        0.6064656706006933,
        0.6573192114608974,
        0.621834138968099
    ],
    "current_ratio": [
        1.3086822070051058,
        1.3996963963889852,
        1.2804487201453627,
        1.399239700909476
    ]
}