{
    "years": [
        "2021",
        "2022",
        "2023",
        "2024"
    ],
    "revenue": [
        1023384339.0,
        1073035345.0,
        1131127207.0,
        1287784458.0
    ],
    "net_income": [
        97005677.0,
        98831069.0,
        102125432.0,
        110677574.0
    ],
    "roa": [
        0.04114105087505397,
        0.044819268334696356,
        0.04893848288894161,
        0.05331988641969693
    ],
    "roe": [
        0.09218905813258217,
        0.09299427610002281,
        0.09529621407421178,
        0.10168954889241588
    ],
    "debt_ratio": [
        0.5537317366244618,
        0.5180427203230268,
        0.48645931672762105,
        0.4756601145304758
    ],
    "current_ratio": [
        1.8544532687796247,
        2.2388596624958206,
        3.0909362725202425,
        3.3740617246492453
    ]
}