{
    "years": [
        "2020",
        "2021",
        "2022",
        "2023"
    ],
    "revenue": [
        1329627916.0,
        1417006430.0,
        1210371811.0,
        1680274226.0
    ],
    "net_income": [
        97611479.0,
        285748253.0,
        -58361976.0,
        134937784.0
    ],
    "roa": [
        0.013229127963114453,
        0.02983196937530417,
        -0.006164761113491436,
        0.0162635422276334
    ],
    "roe": [
        0.026957471851608253,
        0.08102315031053381,
        -0.016879353115615732,
        0.03761051651595208
    ],
    "debt_ratio": [
        0.5092593238736808,
        0.6318093130053755,
        0.634775037214656,
        0.5675799288548616
    ],
    "current_ratio": [
        2.0406161749328326,
        1.9142923589824181,
        1.6471981442364105,
        1.6586922475296202
    ]
}