{
    "years": [
        "2020",
        "2021",
        "2022",
        "2023"
    ],
    "revenue": [
        566914526.0,
        346763114.0,
        333181450.0,
        322609440.0
    ],
    "net_income": [
        9595614.0,
        4155205.0,
        18808227.0,
        5158052.0
    ],
    "roa": [
        0.0013766662998976435,
        0.00044551388481839794,
        0.0025989486601035727,
        0.0007066371149383027
    ],
    "roe": [
        0.0022127731383908534,
        0.0009572899828495919,
        0.0043144196199971264,
        0.001181822623283533
    ],
    "debt_ratio": [
        0.3778547488610755,
        0.5346092690824735,
        0.3976133781569203,
        0.4020785344462201
    ],
    "current_ratio": [
        1.334226927258008,
        0.9257295125485425,
        1.3194965414012527,
        1.368895060554488
    ]
}