{
    "years": [
        "2021",
        "2022",
        "2023",
        "2024"
    ],
    "revenue": [
        40118425.0,
        35942845.0,
        42471842.0,
        43982909.0
    ],
    "net_income": [
        23294871.0,
        17586264.0,
        23339137.0,
        22722155.0
    ],
    "roa": [
        0.1443917335767533,
        0.10855546236979165,
        0.1421481655003488,
        0.13926886502110405
    ],
    "roe": [
        0.1749622043494155,
        0.13640808858812992,
        0.17386778960507362,
        0.17002825493833604
    ],
    "debt_ratio": [
        0.174726140919042,
        0.20418603109700031,
        0.18243531005238714,
        0.18090751992007117
    ],
    "current_ratio": [
        10.608320588734507,
        7.103008559604248,
        9.845562411706592,
        8.910924909030662
    ]
}