{
    "years": [
        "2021",
        "2022",
        "2023",
        "2024"
    ],
    "revenue": [
        184909291.0,
        179203199.0,
        183174143.0,
        214359048.0
    ],
    "net_income": [
        22071619.0,
        10158849.0,
        16977861.0,
        61401116.0
    ],
    "roa": [
        0.026034260706566933,
        0.012531922861864466,
        0.02073175614639387,
        0.07258370858694599
    ],
    "roe": [
        0.04005441171446407,
        0.01853254175990183,
        0.03074893856613146,
        0.10179477808977587
    ],
    "debt_ratio": [
        0.350027635104033,
        0.32378823022650227,
        0.3257732750089479,
        0.28696039277248353
    ],
    "current_ratio": [
        0.5360557451761583,
        0.3568197267974182,
        0.37677731571329276,
        0.6310396348665586
    ]
}