{
    "years": [
        "2020",
        "2021",
        "2022",
        "2023"
    ],
    "revenue": [
        1939300910.0,
        1546924618.0,
        2313634372.0,
        2459668668.0
    ],
    "net_income": [
        -196149000.0,
        -121661276.0,
        5787256.0,
        14066269.0
    ],
    "roa": [
        -0.12115056949516613,
        -0.08224838756857447,
        0.004184585385928876,
        0.010665614849597913
    ],
    "roe": [
        -0.3656635122225586,
        -0.2933306677475794,
        0.013761311725280535,
        0.03236514528359024
    ],
    "debt_ratio": [
        0.6686829135376552,
        0.7196052216423825,
        0.6959166778962295,
        0.670459849441628
    ],
    "current_ratio": [
        0.9917030324331784,
        0.7625205504667651,
        0.8418082301585869,
        0.8844191864228419
    ]
}