{
    "years": [
        "2019",
        "2020",
        "2021",
        "2022"
    ],
    "revenue": [
        0.0,
        0.0,
        0.0,
        0.0
    ],
    "net_income": [
        24033695.0,
        5143773.0,
        29981431.0,
        723438.0
    ],
    "roa": [
        0.08849897970803922,
        0.01810260427519749,
        0.1014964170698886,
        0.002515650775242228
    ],
    "roe": [
        0.09593294935397675,
        0.020126022318130064,
        0.10499183160164437,
        0.002527002197276122
    ],
    "debt_ratio": [
        0.07749130716817029,
        0.10053740430913785,
        0.03329225215365253,
        0.004492050717696175
    ],
    "current_ratio": [
        9.985595697997248,
        7.490237946616349,
        13.290516457093014,
        70.12555339405992
    ]
}