{
    "years": [
        "2021",
        "2022",
        "2023",
        "2024"
    ],
    "revenue": [
        48987333712.0,
        50090135319.0,
        32084297693.0,
        39882804917.0
    ],
    "net_income": [
        4313494062.0,
        251320306.0,
        30062344.0,
        514673976.0
    ],
    "roa": [
        0.1620515891489282,
        0.014761482305762916,
        0.0017311727540439054,
        0.02599338220702474
    ],
    "roe": [
        0.39822527368010524,
        0.023091715929509794,
        0.0027886716178420153,
        0.04615285567318132
    ],
    "debt_ratio": [
        0.593065533858847,
        0.3607455439507356,
        0.3792124024328273,
        0.4367979656320795
    ],
    "current_ratio": [
        1.2979989049660476,
        1.6366594321133399,
        1.7163984232749914,
        1.641991982102079
    ]
}