{
    "years": [
        "2021",
        "2022",
        "2023",
        "2024"
    ],
    "revenue": [
        305159745.0,
        466135416.0,
        389733663.0,
        139245566.0
    ],
    "net_income": [
        16224968.0,
        15728202.0,
        12062419.0,
        6976078.0
    ],
    "roa": [
        0.04960686641346253,
        0.03218796518448851,
        0.025123995796777786,
        0.01486362474226196
    ],
    "roe": [
        0.0619951033362403,
        0.036653315442295574,
        0.027407972974596045,
        0.01561965459347142
    ],
    "debt_ratio": [
        0.199826054899662,
        0.12182663979843798,
        0.08333258281943126,
        0.048402469253414696
    ],
    "current_ratio": [
        2.548526109780222,
        6.846257366543624,
        8.378467961562658,
        13.625243744874066
    ]
}