{
    "years": [
        "2020",
        "2021",
        "2022",
        "2023"
    ],
    "revenue": [
        1344824132.0,
        1668906281.0,
        1697772873.0,
        1312884731.0
    ],
    "net_income": [
        6649258.0,
        60813917.0,
        18474661.0,
        -121520356.0
    ],
    "roa": [
        0.0036797846398869765,
        0.03013736879625265,
        0.009814375621193977,
        -0.0825541527313832
    ],
    "roe": [
        0.012420659554208088,
        0.10290983271118635,
        0.03181112277350943,
        -0.26749157257084205
    ],
    "debt_ratio": [
        0.7037367763098962,
        0.7071478205505167,
        0.6914797477891332,
        0.6913766219325669
    ],
    "current_ratio": [
        0.9395560339941322,
        1.0472114079055943,
        1.090619160296163,
        0.9472443323885589
    ]
}