{
    "years": [
        "2021",
        "2022",
        "2023",
        "2024"
    ],
    "revenue": [
        436760630.0,
        463180962.0,
        419747126.0,
        417500933.0
    ],
    "net_income": [
        11529422.0,
        12260636.0,
        15254815.0,
        20772899.0
    ],
    "roa": [
        0.05159872984858379,
        0.053495567227708034,
        0.06847328417447002,
        0.09078161788505772
    ],
    "roe": [
        0.06236777220680693,
        0.06565407207361486,
        0.08013951600009962,
        0.10564243392156447
    ],
    "debt_ratio": [
        0.17266998607091155,
        0.18519041488049753,
        0.14557402400103225,
        0.14067089790396492
    ],
    "current_ratio": [
        5.107951424155535,
        4.8658675885959735,
        6.272088753172552,
        6.480006602316757
    ]
}