{
    "years": [
        "2022",
        "2023",
        "2024"
    ],
    "revenue": [
        758212851.0,
        683425106.0,
        918600210.0
    ],
    "net_income": [
        3353756.0,
        3630507.0,
        4014768.0
    ],
    "roa": [
        0.009957211101363049,
        0.011079483484478599,
        0.009940562573226595
    ],
    "roe": [
        0.020230825051714512,
        0.021430924073750076,
        0.0231741229497458
    ],
    "debt_ratio": [
        0.5078198206988498,
        0.4830141973182837,
        0.5710490276252016
    ],
    "current_ratio": [
        1.7914969054896892,
        1.5663924454320948,
        1.6440443256174755
    ]
}