{
    "years": [
        "2022",
        "2023",
        "2024"
    ],
    "revenue": [
        9473516917.0,
        7541572368.0,
        7360182839.0
    ],
    "net_income": [
        257965896.0,
        17964892.0,
        60362420.0
    ],
    "roa": [
        0.02748687420993412,
        0.002083187945837173,
        0.007340363519827977
    ],
    "roe": [
        0.05045667113026203,
        0.0037171987378296126,
        0.012381210021614688
    ],
    "debt_ratio": [
        0.45523805684738256,
        0.4395812296402804,
        0.40713682208657925
    ],
    "current_ratio": [
        0.5576384597947841,
        0.5220861484350882,
        0.5722854167705007
    ]
}