{
    "years": [
        "2021",
        "2022",
        "2023",
        "2024"
    ],
    "revenue": [
        1364794133.0,
        1434340780.0,
        1042187408.0,
        1014753134.0
    ],
    "net_income": [
        34711540.0,
        36442119.0,
        46168683.0,
        30654943.0
    ],
    "roa": [
        0.058477457557829064,
        0.05884619776769272,
        0.07735735430194197,
        0.05093712097739104
    ],
    "roe": [
        0.12122121501907733,
        0.12444506414452453,
        0.14927246945991177,
        0.1011659447135054
    ],
    "debt_ratio": [
        0.517597166893385,
        0.5271311226988354,
        0.4817707874611341,
        0.49649932967421734
    ],
    "current_ratio": [
        0.9470211600285493,
        1.0819417936546287,
        1.5072565644321572,
        1.4229010217989615
    ]
}