{
    "years": [
        "2021",
        "2022",
        "2023",
        "2024"
    ],
    "revenue": [
        121377251.0,
        153246090.0,
        160550085.0,
        377831885.0
    ],
    "net_income": [
        -4570724.0,
        4009769.0,
        1413763.0,
        -6927973.0
    ],
    "roa": [
        -0.013607064988492033,
        0.012424224095273126,
        0.0040672102068531725,
        -0.02105613140341547
    ],
    "roe": [
        -0.021291298378174013,
        0.018335783199110868,
        0.006144145281608828,
        -0.031080908158784094
    ],
    "debt_ratio": [
        0.36090957222032016,
        0.3224055956401363,
        0.33803482495319764,
        0.32253809007622
    ],
    "current_ratio": [
        1.7852002119630233,
        2.0447955901421153,
        1.9777706828019785,
        2.0495511390972077
    ]
}