{
    "years": [
        "2022",
        "2023",
        "2024"
    ],
    "revenue": [
        423245487.0,
        440346840.0,
        489839850.0
    ],
    "net_income": [
        55282182.0,
        57320796.0,
        63782473.0
    ],
    "roa": [
        0.03661346193550608,
        0.04115991892042283,
        0.04231414276224689
    ],
    "roe": [
        0.12375358581057634,
        0.11882057606081095,
        0.12641235380627813
    ],
    "debt_ratio": [
        0.704142213773518,
        0.6535960329012571,
        0.6652689275362151
    ],
    "current_ratio": [
        0.2573098043892012,
        2.077731525080403,
        2.944525381176352
    ]
}