{
    "years": [
        "2021",
        "2022",
        "2023",
        "2024"
    ],
    "revenue": [
        905793964.0,
        1047200783.0,
        657525095.0,
        476509478.0
    ],
    "net_income": [
        27021583.0,
        37001800.0,
        38322583.0,
        23149894.0
    ],
    "roa": [
        0.08000268298238924,
        0.10350394091105365,
        0.0855042367081824,
        0.08712971077124321
    ],
    "roe": [
        0.13420188386057685,
        0.15924886395450352,
        0.14810586601765424,
        0.12868116961413115
    ],
    "debt_ratio": [
        0.4038631896888682,
        0.3500491096713624,
        0.4226816330286994,
        0.3229024026396863
    ],
    "current_ratio": [
        1.979493334233751,
        2.3544431502820093,
        2.0632985875642937,
        2.4827365776545793
    ]
}