{
    "years": [
        "2021",
        "2022",
        "2023",
        "2024"
    ],
    "revenue": [
        618554852.0,
        390119434.0,
        444404056.0,
        725852591.0
    ],
    "net_income": [
        -1848145.0,
        -12841089.0,
        -30106552.0,
        -27413921.0
    ],
    "roa": [
        -0.0006108379071609644,
        -0.004351761674925685,
        -0.009191505277792202,
        -0.008781362050337695
    ],
    "roe": [
        -0.0008117860673013351,
        -0.005672488903055695,
        -0.01347976738608722,
        -0.012383130800315507
    ],
    "debt_ratio": [
        0.2475383210362228,
        0.23283028855614907,
        0.3181258240940443,
        0.290860914582768
    ],
    "current_ratio": [
        3.095992424429374,
        3.202153189083649,
        1.746564191838311,
        1.525286476652246
    ]
}