{
    "years": [
        "2021",
        "2022",
        "2023",
        "2024"
    ],
    "revenue": [
        6163724691.0,
        5464513886.0,
        2681482517.0,
        1140492454.0
    ],
    "net_income": [
        241000219.0,
        64011275.0,
        60300504.0,
        25612193.0
    ],
    "roa": [
        0.031347357287541185,
        0.006977328232831768,
        0.007911237315210234,
        0.003345205990576547
    ],
    "roe": [
        0.15845487858527268,
        0.04372989515674414,
        0.03967279677089555,
        0.016609923881706276
    ],
    "debt_ratio": [
        0.802168556958178,
        0.8404448899815004,
        0.80058785971414,
        0.7986019674502622
    ],
    "current_ratio": [
        1.1535443744752152,
        1.1136846405839846,
        1.1883095344530519,
        1.309099635031416
    ]
}