{
    "years": [
        "2019",
        "2020",
        "2021",
        "2022"
    ],
    "revenue": [
        8211118.0,
        7965383.0,
        23819834.0,
        83797050.0
    ],
    "net_income": [
        324554.0,
        164558.0,
        55675197.0,
        1166248.0
    ],
    "roa": [
        0.016071634783273545,
        0.007936998680269827,
        0.010236278195596376,
        0.00018875574674532723
    ],
    "roe": [
        0.016545641881680465,
        0.008319313868686205,
        0.023841786796658323,
        0.0004991730241434212
    ],
    "debt_ratio": [
        0.028648456300250785,
        0.0459551345761106,
        0.570658093585876,
        0.621863086313145
    ],
    "current_ratio": [
        29.314951783217207,
        18.80467133856499,
        3.442066368367275,
        1.4875081370575873
    ]
}