{
    "years": [
        "2022",
        "2023",
        "2024"
    ],
    "revenue": [
        351319435.0,
        299744800.0,
        278276937.0
    ],
    "net_income": [
        17707466.0,
        8236450.0,
        9286034.0
    ],
    "roa": [
        0.04083090256505837,
        0.020211769390774924,
        0.023381341595066312
    ],
    "roe": [
        0.05299523587851427,
        0.025328494018384513,
        0.02802852245166526
    ],
    "debt_ratio": [
        0.2295363557082997,
        0.20201456209341342,
        0.1658018493344748
    ],
    "current_ratio": [
        3.7987805058136694,
        4.439267865531688,
        5.574889479221268
    ]
}