{
    "years": [
        "2021",
        "2022",
        "2023",
        "2024"
    ],
    "revenue": [
        450333264.0,
        262277441.0,
        28820510.0,
        155994903.0
    ],
    "net_income": [
        20366625.0,
        19606419.0,
        139772.0,
        13877231.0
    ],
    "roa": [
        0.027912748986695927,
        0.02879422170741759,
        9.725178257454901e-05,
        0.019748990959629693
    ],
    "roe": [
        0.09646760226759452,
        0.09169756014731666,
        0.00015477711283507436,
        0.06814441352710433
    ],
    "debt_ratio": [
        0.7106515728537766,
        0.6859870463166277,
        0.3716656113221503,
        0.7101891418909261
    ],
    "current_ratio": [
        1.8461031158810541,
        2.1042558689637665,
        3.9466061286227196,
        1.4320529118587886
    ]
}