{
    "years": [
        "2022",
        "2023",
        "2024"
    ],
    "revenue": [
        1378581.0,
        2865763.0,
        2338484.0
    ],
    "net_income": [
        31233.0,
        61581.0,
        29854.0
    ],
    "roa": [
        0.00031311834745694275,
        0.0006115432869486905,
        0.0002934631693401036
    ],
    "roe": [
        0.0004037015736321722,
        0.0007953310306303766,
        0.00038542182174593193
    ],
    "debt_ratio": [
        0.22438165241774172,
        0.2310833308440344,
        0.2385922312059616
    ],
    "current_ratio": [
        4.024215276744495,
        4.043937642310529,
        3.9856216337013577
    ]
}