{
    "years": [
        "2021",
        "2022",
        "2023",
        "2024"
    ],
    "revenue": [
        445487535.0,
        426074618.0,
        355314755.0,
        308584765.0
    ],
    "net_income": [
        63142497.0,
        66783347.0,
        67238793.0,
        71202908.0
    ],
    "roa": [
        0.07973814135833399,
        0.0788810455068568,
        0.07197033483677609,
        0.0740885688504421
    ],
    "roe": [
        0.1309461100940446,
        0.12400227087691965,
        0.11335048648284081,
        0.11584885369605195
    ],
    "debt_ratio": [
        0.3910613969283501,
        0.3638741859400995,
        0.3650637322348759,
        0.36047214550067674
    ],
    "current_ratio": [
        1.8656260256577246,
        2.2948431143749044,
        2.5597668181306257,
        3.0681109945379874
    ]
}