{
    "years": [
        "2020",
        "2021",
        "2022",
        "2023"
    ],
    "revenue": [
        676464770.0,
        818835279.0,
        936634840.0,
        716283364.0
    ],
    "net_income": [
        70392474.0,
        83035498.0,
        115546239.0,
        73432386.0
    ],
    "roa": [
        0.10830260667073345,
        0.1155865513329672,
        0.14975897559380122,
        0.11462173913542971
    ],
    "roe": [
        0.20023518088298717,
        0.22311480326658856,
        0.28125438553876897,
        0.2357555441165019
    ],
    "debt_ratio": [
        0.45912298631466264,
        0.4819413609465496,
        0.46753194512176605,
        0.5138110555788763
    ],
    "current_ratio": [
        1.4416198403813059,
        1.2803574553091974,
        1.1995397580871812,
        1.2061975220907681
    ]
}