{
    "years": [
        "2021",
        "2022",
        "2023",
        "2024"
    ],
    "revenue": [
        873627990.0,
        1073192908.0,
        10995242822.0,
        30248751019.0
    ],
    "net_income": [
        44153013.0,
        143845522.0,
        56348665.0,
        304747090.0
    ],
    "roa": [
        0.0040824208926919245,
        0.012365966543789294,
        0.0021065709682045533,
        0.010513119516684901
    ],
    "roe": [
        0.011596227645540129,
        0.03713611592638232,
        0.004980744883465944,
        0.026383050224202308
    ],
    "debt_ratio": [
        0.6479526775880422,
        0.6670096956746024,
        0.5770570431749042,
        0.6015199369540386
    ],
    "current_ratio": [
        1.840529930213154,
        1.421639231604937,
        1.2556284240899924,
        1.3862993757339084
    ]
}