{
    "years": [
        "2021",
        "2022",
        "2023",
        "2024"
    ],
    "revenue": [
        308345519.0,
        443648800.0,
        250811434.0,
        393590488.0
    ],
    "net_income": [
        11482480.0,
        22470536.0,
        11092518.0,
        30562420.0
    ],
    "roa": [
        0.015997621249540295,
        0.03303251310355822,
        0.016777393299854004,
        0.044040883338634776
    ],
    "roe": [
        0.024946867858634324,
        0.04712849164321769,
        0.02273077736995142,
        0.05543076640431418
    ],
    "debt_ratio": [
        0.35873227291724397,
        0.299096746960881,
        0.26190851167137796,
        0.20547944407986624
    ],
    "current_ratio": [
        1.7395945049696042,
        1.8939860256622152,
        2.1114920827776746,
        2.4051737250912946
    ]
}