{
    "years": [
        "2021",
        "2022",
        "2023",
        "2024"
    ],
    "revenue": [
        880045877.0,
        1470522794.0,
        1357690315.0,
        1611696910.0
    ],
    "net_income": [
        68386989.0,
        177008674.0,
        67657102.0,
        84743665.0
    ],
    "roa": [
        0.1325203069958093,
        0.25712913815976024,
        0.0896549561787862,
        0.10032070837970006
    ],
    "roe": [
        0.24104560735046998,
        0.40488588499429584,
        0.16959827519137533,
        0.18579670280496688
    ],
    "debt_ratio": [
        0.4502272476464155,
        0.3649342995412578,
        0.4713687030270844,
        0.46005119108594755
    ],
    "current_ratio": [
        1.453385326560087,
        1.8348824120398488,
        1.27972316652157,
        1.101529039271361
    ]
}