{
    "years": [
        "2022",
        "2023",
        "2024"
    ],
    "revenue": [
        756312648.0,
        521853086.0,
        353924031.0
    ],
    "net_income": [
        1852416.0,
        -64121425.0,
        -43833789.0
    ],
    "roa": [
        0.002400533874951854,
        -0.09347115012853069,
        -0.07278110223822211
    ],
    "roe": [
        0.00417679104344277,
        -0.17350010074525404,
        -0.1312204307500062
    ],
    "debt_ratio": [
        0.4252683818788347,
        0.461261695370586,
        0.445352359977536
    ],
    "current_ratio": [
        0.5924262806997925,
        0.49085302535192565,
        0.44706884762456994
    ]
}