{
    "years": [
        "2021",
        "2022",
        "2023",
        "2024"
    ],
    "revenue": [
        586443219.0,
        595736950.0,
        628006846.0,
        670180414.0
    ],
    "net_income": [
        101295083.0,
        118163410.0,
        127908208.0,
        134985706.0
    ],
    "roa": [
        0.05296928705254415,
        0.05797257491416624,
        0.06292680153159201,
        0.06774236272037831
    ],
    "roe": [
        0.10312531352686059,
        0.11234031482603477,
        0.1178783403356807,
        0.12053387861228863
    ],
    "debt_ratio": [
        0.4863599901808059,
        0.48395573749334775,
        0.46617163634645575,
        0.4379807279057236
    ],
    "current_ratio": [
        1.061740904468387,
        1.6896151266812829,
        1.621427315573733,
        1.7623063224145061
    ]
}