{
    "years": [
        "2021",
        "2022",
        "2023",
        "2024"
    ],
    "revenue": [
        84624990.0,
        95558272.0,
        84348048.0,
        81909647.0
    ],
    "net_income": [
        10179673.0,
        3811546.0,
        10185731.0,
        16770814.0
    ],
    "roa": [
        0.09591358085899909,
        0.03713866953888399,
        0.09326330105446075,
        0.13973031026163502
    ],
    "roe": [
        0.10115131783235977,
        0.03985625028389981,
        0.10067078500053454,
        0.1502740455162561
    ],
    "debt_ratio": [
        0.051781203503856385,
        0.06818455639098608,
        0.07358126735610998,
        0.07016338196259234
    ],
    "current_ratio": [
        18.33189731093342,
        13.89992596232896,
        12.95385384216993,
        13.46106083918434
    ]
}