{
    "years": [
        "2021",
        "2022",
        "2023",
        "2024"
    ],
    "revenue": [
        56084000.0,
        83722720.0,
        85010764.0,
        92339343.0
    ],
    "net_income": [
        10118954.0,
        12042325.0,
        10336292.0,
        6703702.0
    ],
    "roa": [
        0.03388411709866992,
        0.04218975733700001,
        0.035513330640887804,
        0.023781747978424313
    ],
    "roe": [
        0.06544679046646194,
        0.08292192877673679,
        0.07100367474165707,
        0.04639525252486104
    ],
    "debt_ratio": [
        0.48226464801152086,
        0.4912110950699922,
        0.49983813133473604,
        0.48740988173993044
    ],
    "current_ratio": [
        2.0063562951292817,
        1.672657470045202,
        1.668261959850859,
        1.7926126679908856
    ]
}