{
    "years": [
        "2021",
        "2022",
        "2023",
        "2024"
    ],
    "revenue": [
        4299806.0,
        11134605.0,
        6336061.0,
        13209223.0
    ],
    "net_income": [
        13382920.0,
        1725034.0,
        -8138886.0,
        277032.0
    ],
    "roa": [
        0.0445941528795531,
        0.0035522459462202748,
        -0.014996554060898743,
        0.0005213158417408761
    ],
    "roe": [
        0.04710003909963628,
        0.005603244451711736,
        -0.028032131865325924,
        0.0009882161100414838
    ],
    "debt_ratio": [
        0.053203484922426186,
        0.3660376632086615,
        0.46502270562416315,
        0.47246777658887584
    ],
    "current_ratio": [
        11.255921697150468,
        1.5007799711614187,
        1.4847115708280954,
        1.474816301580058
    ]
}