{
    "years": [
        "2021",
        "2022",
        "2023",
        "2024"
    ],
    "revenue": [
        10140738.0,
        27006373.0,
        78413823.0,
        113410102.0
    ],
    "net_income": [
        34779.0,
        75023.0,
        330410.0,
        538890.0
    ],
    "roa": [
        0.00024667076562331696,
        0.0004328158093227567,
        0.001583139818236134,
        0.002933686581375065
    ],
    "roe": [
        0.0006972117823438689,
        0.0015018346593003507,
        0.006571299916725614,
        0.010774044599014567
    ],
    "debt_ratio": [
        0.6462039628847558,
        0.7118086157870471,
        0.7590827023118144,
        0.727707960143084
    ],
    "current_ratio": [
        1.342868990307113,
        1.2441749002575562,
        1.194175264581938,
        1.2443326174492848
    ]
}