{
    "years": [
        "2021",
        "2022",
        "2023",
        "2024"
    ],
    "revenue": [
        137841508.0,
        611125053.0,
        224760240.0,
        622811728.0
    ],
    "net_income": [
        42376546.0,
        342066761.0,
        66038477.0,
        242577413.0
    ],
    "roa": [
        0.03254930278476736,
        0.2545334092933045,
        0.05325044524918281,
        0.18036585403547478
    ],
    "roe": [
        0.33090015997960776,
        1.01348893751995,
        0.24367119039405646,
        0.5910085306088977
    ],
    "debt_ratio": [
        0.9016340675484313,
        0.7488542796370738,
        0.7814659781360773,
        0.6948168347931468
    ],
    "current_ratio": [
        6.644822701773417,
        4.66293149408338,
        3.5865200936920534,
        2.8176599044186896
    ]
}