{
    "years": [
        "2021",
        "2022",
        "2023",
        "2024"
    ],
    "revenue": [
        2094061387.0,
        1293296167.0,
        1495874872.0,
        1572511299.0
    ],
    "net_income": [
        58632585.0,
        18890526.0,
        14924023.0,
        31104257.0
    ],
    "roa": [
        0.027878310456664022,
        0.012994411643697705,
        0.010355049452931175,
        0.02108219848874718
    ],
    "roe": [
        0.0823789289458507,
        0.028523687809377044,
        0.02320714795227558,
        0.047399116791258813
    ],
    "debt_ratio": [
        0.661584451104129,
        0.5444343757182111,
        0.5537991366183448,
        0.5552195923482885
    ],
    "current_ratio": [
        1.3683671974429803,
        1.5474795525379201,
        1.5197244039747626,
        1.529636880128914
    ]
}