{
    "years": [
        "2021",
        "2022",
        "2023",
        "2024"
    ],
    "revenue": [
        5722220127.0,
        7936928513.0,
        7224145254.0,
        7142101148.0
    ],
    "net_income": [
        143297848.0,
        563146439.0,
        73354175.0,
        72676468.0
    ],
    "roa": [
        0.018970152505952822,
        0.06966092183016462,
        0.008861930957243596,
        0.007750189064562628
    ],
    "roe": [
        0.04559838004297723,
        0.16728347805478508,
        0.02143883129722162,
        0.02081088699245387
    ],
    "debt_ratio": [
        0.5839731041306042,
        0.5835756008889845,
        0.5866411356857841,
        0.6275896809505099
    ],
    "current_ratio": [
        1.3399972501483326,
        1.2045136361521742,
        1.22231648807019,
        1.525735971309483
    ]
}