{
    "years": [
        "2021",
        "2022",
        "2023",
        "2024"
    ],
    "revenue": [
        893402744.0,
        816873484.0,
        862043544.0,
        717532138.0
    ],
    "net_income": [
        202885726.0,
        147512945.0,
        109408912.0,
        95594301.0
    ],
    "roa": [
        0.058711661248403386,
        0.031191854465759884,
        0.023357789358472315,
        0.02270410045769146
    ],
    "roe": [
        0.20531801228150404,
        0.07586907843680588,
        0.053273578763767246,
        0.04558045172889086
    ],
    "debt_ratio": [
        0.714045248168943,
        0.5888726328508034,
        0.5615502111835114,
        0.5018895250811957
    ],
    "current_ratio": [
        1.053576417517166,
        1.270401394029349,
        1.2714727356495286,
        1.4129038180310518
    ]
}