{
    "years": [
        "2021",
        "2022",
        "2023",
        "2024"
    ],
    "revenue": [
        4902888220.0,
        6175732154.0,
        6746724642.0,
        7774453293.0
    ],
    "net_income": [
        822810327.0,
        810483236.0,
        924356857.0,
        875301760.0
    ],
    "roa": [
        0.27741697710570246,
        0.21105571062604753,
        0.17625440261654862,
        0.12603011587246893
    ],
    "roe": [
        0.6229662472356011,
        0.4484801411611173,
        0.3015958295305914,
        0.25568852155056193
    ],
    "debt_ratio": [
        0.5546837756672466,
        0.5293978679198075,
        0.41559403228196545,
        0.5070951362689674
    ],
    "current_ratio": [
        1.171827634538254,
        1.3515069427074595,
        1.6312756259109542,
        1.35995429293311
    ]
}