{
    "years": [
        "2021",
        "2022",
        "2023",
        "2024"
    ],
    "revenue": [
        120917840.0,
        111888983.0,
        184344972.0,
        130939550.0
    ],
    "net_income": [
        155620989.0,
        140404902.0,
        157694944.0,
        134159120.0
    ],
    "roa": [
        0.11046603938089844,
        0.08870805536530585,
        0.08684167482036279,
        0.07135979762296732
    ],
    "roe": [
        0.2822797555408278,
        0.21553539930893015,
        0.19849527425311742,
        0.15338636480641837
    ],
    "debt_ratio": [
        0.608664676752134,
        0.5884292990862292,
        0.5625000386174236,
        0.5347709184383689
    ],
    "current_ratio": [
        4.327644705053854,
        2.380834187015462,
        2.5142709099402416,
        3.0004835855440515
    ]
}