{
    "years": [
        "2020",
        "2021",
        "2023",
        "2024"
    ],
    "revenue": [
        134883355.0,
        83320174.0,
        154860200.0,
        93090383.0
    ],
    "net_income": [
        2078639.0,
        -4612676.0,
        4579473.0,
        -2669001.0
    ],
    "roa": [
        0.04225578561638907,
        -0.10450769757901891,
        0.09593511944720767,
        -0.06797855291467424
    ],
    "roe": [
        0.07400614980776778,
        -0.21170447705871936,
        0.1524019243988816,
        -0.11054485255272986
    ],
    "debt_ratio": [
        0.42902332135708743,
        0.5063510274748126,
        0.3705124142913271,
        0.3850590837574414
    ],
    "current_ratio": [
        1.976917777507484,
        1.660374234789337,
        2.5507871026004145,
        2.356418491100513
    ]
}