{
    "years": [
        "2020",
        "2021",
        "2022",
        "2023"
    ],
    "revenue": [
        2162822605.0,
        2613093524.0,
        1978362546.0,
        1515697524.0
    ],
    "net_income": [
        369903450.0,
        621100241.0,
        511049064.0,
        394852893.0
    ],
    "roa": [
        0.0556935622917436,
        0.0912221730135262,
        0.07834075564387903,
        0.06165959313522615
    ],
    "roe": [
        0.17867649957569315,
        0.18574702129742968,
        0.1339143109728167,
        0.10326766720166947
    ],
    "debt_ratio": [
        0.688299455026261,
        0.5088902509642101,
        0.41499340081896513,
        0.40291482507480003
    ],
    "current_ratio": [
        1.4810646371612435,
        2.478466273593315,
        2.191971671474671,
        1.614798681060882
    ]
}