{
    "years": [
        "2021",
        "2022",
        "2023",
        "2024"
    ],
    "revenue": [
        7789740.0,
        111272923.0,
        60178753.0,
        140157852.0
    ],
    "net_income": [
        11244016.0,
        -1887135.0,
        5616478.0,
        -2065120.0
    ],
    "roa": [
        0.055564935515659705,
        -0.008372799919690761,
        0.014229780934901055,
        -0.005753226173701167
    ],
    "roe": [
        0.05674184423821733,
        -0.009614809280897137,
        0.027186197541759837,
        -0.010097160971912763
    ],
    "debt_ratio": [
        0.02074146052808298,
        0.12917670282592308,
        0.47658068352357297,
        0.43021348379956537
    ],
    "current_ratio": [
        48.212612542209655,
        1.325577451082994,
        3.4284397052185485,
        2.433815874986866
    ]
}