{
    "years": [
        "2021",
        "2022",
        "2023",
        "2024"
    ],
    "revenue": [
        529893732.0,
        582987386.0,
        531536474.0,
        7196050482.0
    ],
    "net_income": [
        76916917.0,
        96673096.0,
        103880096.0,
        1387388525.0
    ],
    "roa": [
        0.05423258170731021,
        0.0619392627177357,
        0.0654904444095493,
        0.04576104320000342
    ],
    "roe": [
        0.1628863718166244,
        0.18777899180692517,
        0.18782139398873918,
        0.09522929129159226
    ],
    "debt_ratio": [
        0.6670526754174092,
        0.670148070762773,
        0.6513153106856625,
        0.5194646250187558
    ],
    "current_ratio": [
        1.082171487294118,
        0.7433380240633164,
        0.7754976823629001,
        2.6939041178646748
    ]
}