{
    "years": [
        "2020",
        "2021",
        "2022",
        "2023"
    ],
    "revenue": [
        287904219.0,
        282705850.0,
        247523662.0,
        180807877.0
    ],
    "net_income": [
        -2122278.0,
        -17427230.0,
        -18614143.0,
        5430393.0
    ],
    "roa": [
        -0.0030617640455261434,
        -0.02377195129716767,
        -0.027001080207528644,
        0.008472035175104161
    ],
    "roe": [
        -0.005193629968713091,
        -0.045935830855595786,
        -0.05296038752206863,
        0.016178740683682392
    ],
    "debt_ratio": [
        0.41047705285696234,
        0.4824965423636867,
        0.4901646028122948,
        0.47634767496774866
    ],
    "current_ratio": [
        1.2543365824047092,
        0.7148503968135697,
        0.5882257147017196,
        0.440707861697178
    ]
}