{
    "years": [
        "2021",
        "2022",
        "2023"
    ],
    "revenue": [
        65296417.0,
        180038580.0,
        171477305.0
    ],
    "net_income": [
        608745.0,
        3062716.0,
        6989449.0
    ],
    "roa": [
        0.009254636196540867,
        0.024544106246550994,
        0.09594718442000187
    ],
    "roe": [
        0.022792276988327524,
        0.10287545591606358,
        0.19013448491554288
    ],
    "debt_ratio": [
        0.5939573654145924,
        0.7614192226124703,
        0.4953720022823777
    ],
    "current_ratio": [
        1.6051620888454203,
        1.2803320907393496,
        1.9055852079421645
    ]
}