{
    "years": [
        "2021",
        "2022",
        "2023",
        "2024"
    ],
    "revenue": [
        1301313458.0,
        1676311518.0,
        2113869796.0,
        2512786047.0
    ],
    "net_income": [
        189094875.0,
        223540318.0,
        299556006.0,
        320862393.0
    ],
    "roa": [
        0.08240504379078478,
        0.09817560748611404,
        0.12520024589980477,
        0.12810020040002232
    ],
    "roe": [
        0.10537996799007028,
        0.11799766930705932,
        0.14370096513058753,
        0.1469742914432721
    ],
    "debt_ratio": [
        0.2180198441647883,
        0.16798689276957962,
        0.12874457185426916,
        0.12841763588657704
    ],
    "current_ratio": [
        2.8786829279041055,
        2.8851307060381637,
        3.9188082866126903,
        4.382125977986685
    ]
}