{
    "years": [
        "2021",
        "2022",
        "2023",
        "2024"
    ],
    "revenue": [
        52913108.0,
        59893436.0,
        66612821.0,
        71448611.0
    ],
    "net_income": [
        8019719.0,
        7302519.0,
        8695940.0,
        10126978.0
    ],
    "roa": [
        0.14962478312041963,
        0.12405068559378207,
        0.1313083362373071,
        0.13582984672010445
    ],
    "roe": [
        0.19146775923303255,
        0.15410059833925463,
        0.16530653138862114,
        0.1718128402883951
    ],
    "debt_ratio": [
        0.21853797360048724,
        0.1950019212729937,
        0.20566758533809698,
        0.20943134114942558
    ],
    "current_ratio": [
        1.7621377350430123,
        2.0212024840361553,
        2.6753323700280034,
        2.9974247190684418
    ]
}