{
    "years": [
        "2021",
        "2022",
        "2023",
        "2024"
    ],
    "revenue": [
        24219504.0,
        27095221.0,
        24666621.0,
        21520327.0
    ],
    "net_income": [
        2602376.0,
        2683537.0,
        2016348.0,
        287209.0
    ],
    "roa": [
        0.07195043491652107,
        0.07385035150191133,
        0.05436543688341368,
        0.007871599165296785
    ],
    "roe": [
        0.10032808171277931,
        0.10526944467730545,
        0.082710343973807,
        0.012506033471314858
    ],
    "debt_ratio": [
        0.2828484937796196,
        0.29846355959895754,
        0.34270087305367375,
        0.3705758757681318
    ],
    "current_ratio": [
        2.8133085378310616,
        2.71559144003565,
        2.4250407089209673,
        2.2635144639795
    ]
}