{
    "years": [
        "2010",
        "2011",
        "2012",
        "2024"
    ],
    "revenue": [
        1044522941.0,
        1003684120.0,
        888557951.0,
        0.0
    ],
    "net_income": [
        55571094.0,
        2134882.0,
        -100910962.0,
        -35911290.0
    ],
    "roa": [
        0.04249437492263922,
        0.0015329092271212012,
        -0.07410167656782471,
        -0.013116359111670837
    ],
    "roe": [
        0.1896894407380977,
        0.0073274195215236055,
        -0.5910916190128609,
        0.6240354927377372
    ],
    "debt_ratio": [
        0.7759792281674193,
        0.790798217214338,
        0.8746358869178749,
        1.0210186107430002
    ],
    "current_ratio": [
        1.5218616015480004,
        1.5111723959760464,
        1.255029544980863,
        0.3944531256594961
    ]
}