{
    "years": [
        "2020",
        "2021",
        "2022",
        "2023"
    ],
    "revenue": [
        1210773886.0,
        1538796226.0,
        1710685507.0,
        1533265809.0
    ],
    "net_income": [
        67079985.0,
        70897067.0,
        82551582.0,
        99240928.0
    ],
    "roa": [
        0.0835831577950603,
        0.06316221214243466,
        0.08315453026018117,
        0.09107149195858956
    ],
    "roe": [
        0.12932235163202155,
        0.1288967872092081,
        0.13942855389399034,
        0.15106055014498868
    ],
    "debt_ratio": [
        0.353683591890667,
        0.5099783826270382,
        0.403604728458958,
        0.3971192884497066
    ],
    "current_ratio": [
        1.5720326415646815,
        1.4383273915044792,
        1.4973882306975552,
        1.783510852667827
    ]
}