{
    "years": [
        "2021",
        "2022",
        "2023",
        "2024"
    ],
    "revenue": [
        32953796.0,
        16329264.0,
        19759580.0,
        25147449.0
    ],
    "net_income": [
        13353132.0,
        8939199.0,
        6439159.0,
        13247490.0
    ],
    "roa": [
        0.06568855911270151,
        0.04602135313388476,
        0.03285806591177511,
        0.06525132081751882
    ],
    "roe": [
        0.07089092861293005,
        0.04859825374742285,
        0.0354839306427134,
        0.07036603907336278
    ],
    "debt_ratio": [
        0.07338554596503984,
        0.053024551600781275,
        0.07400151796535837,
        0.07268731227732493
    ],
    "current_ratio": [
        9.151802504543072,
        12.704575425103078,
        9.333646623540648,
        9.529734507253561
    ]
}