{
    "years": [
        "2021",
        "2022",
        "2023",
        "2024"
    ],
    "revenue": [
        489010931.0,
        656759752.0,
        349750069.0,
        383813800.0
    ],
    "net_income": [
        135557118.0,
        154518870.0,
        -120474175.0,
        530812957.0
    ],
    "roa": [
        0.22121517026215462,
        0.30875384331110617,
        -0.29130044316391784,
        0.844717195681715
    ],
    "roe": [
        -0.40544470698747065,
        -0.25564292453713444,
        0.16619268858652905,
        -2.6607571879981826
    ],
    "debt_ratio": [
        1.5456111929683936,
        2.2077543075762183,
        2.7527873556979663,
        1.3174724847092256
    ],
    "current_ratio": [
        0.33917565320356247,
        0.19661785963739647,
        0.19773910234974346,
        0.24781335242011318
    ]
}