{
    "years": [
        "2021",
        "2022",
        "2023",
        "2024"
    ],
    "revenue": [
        238204208.0,
        267223313.0,
        233916993.0,
        198338998.0
    ],
    "net_income": [
        95465423.0,
        112928038.0,
        93078801.0,
        76193498.0
    ],
    "roa": [
        0.13202730471053703,
        0.16314368800941392,
        0.1393641648767943,
        0.12031691862655663
    ],
    "roe": [
        0.1615418890679461,
        0.19606143257079314,
        0.15213858469774358,
        0.12794937519994426
    ],
    "debt_ratio": [
        0.18270545508474853,
        0.16789505273809213,
        0.08396568067415945,
        0.05965215978163641
    ],
    "current_ratio": [
        0.6823333144842766,
        0.6564952256698705,
        1.592546442878947,
        2.403727057961983
    ]
}