{
    "years": [
        "2021",
        "2022",
        "2023",
        "2024"
    ],
    "revenue": [
        339125373.0,
        381883070.0,
        417208400.0,
        455409981.0
    ],
    "net_income": [
        46066900.0,
        50024359.0,
        54920708.0,
        65514125.0
    ],
    "roa": [
        0.09251833599530065,
        0.10177467647099323,
        0.11937374809020496,
        0.12508775520125948
    ],
    "roe": [
        0.2638301926159309,
        0.25032202633725703,
        0.2583688372246737,
        0.27585393829209615
    ],
    "debt_ratio": [
        0.6493262007734512,
        0.5934250055411706,
        0.5379715705172318,
        0.5465435223592618
    ],
    "current_ratio": [
        0.816903366257278,
        1.0389578775369814,
        0.9896466340966715,
        0.9175459131498198
    ]
}