{
    "years": [
        "2020",
        "2021",
        "2022"
    ],
    "revenue": [
        648799150.0,
        932333351.0,
        607828594.0
    ],
    "net_income": [
        179154947.0,
        -404121835.0,
        -257886157.0
    ],
    "roa": [
        0.013273588317849727,
        -0.030447344777975616,
        -0.021101166509652276
    ],
    "roe": [
        0.016630875839453847,
        -0.03664458984874052,
        -0.02554345446959415
    ],
    "debt_ratio": [
        0.2018707585826324,
        0.16911759952411928,
        0.17391100977472654
    ],
    "current_ratio": [
        3.003221126717097,
        2.941875367281544,
        3.6430776059434833
    ]
}