{
    "years": [
        "2020",
        "2021",
        "2022",
        "2023"
    ],
    "revenue": [
        925847655.0,
        723956465.0,
        816645123.0,
        531504743.0
    ],
    "net_income": [
        136165451.0,
        138525801.0,
        155598765.0,
        87961742.0
    ],
    "roa": [
        0.03086118234726326,
        0.03251952260895685,
        0.0372675844901066,
        0.021194660588105704
    ],
    "roe": [
        0.07006634286873266,
        0.06687281596951053,
        0.07001642972412563,
        0.03816170408139911
    ],
    "debt_ratio": [
        0.5595434115195533,
        0.5137108833014666,
        0.4677308649277603,
        0.4446091677956156
    ],
    "current_ratio": [
        1.1923069590797062,
        1.2333312072354832,
        1.36908211826974,
        1.5123325352753116
    ]
}