{
    "years": [
        "2020",
        "2021",
        "2022",
        "2023"
    ],
    "revenue": [
        453254520.0,
        689036601.0,
        669695785.0,
        544672306.0
    ],
    "net_income": [
        1896088.0,
        12574093.0,
        -17742069.0,
        1922680.0
    ],
    "roa": [
        0.0049815047755425125,
        0.024868142514809632,
        -0.03224143187280191,
        0.003721620696865907
    ],
    "roe": [
        0.007438054629128349,
        0.046501609117960974,
        -0.05375996137879032,
        0.005796633086807092
    ],
    "debt_ratio": [
        0.3302677885647251,
        0.465219742144268,
        0.40027055366297243,
        0.35796855844884007
    ],
    "current_ratio": [
        2.5132007169412867,
        1.6967977178751321,
        1.9122865007755783,
        2.1387763717520083
    ]
}