{
    "years": [
        "2021",
        "2022",
        "2023",
        "2024"
    ],
    "revenue": [
        1460350808.0,
        1698149155.0,
        1587069576.0,
        1954930511.0
    ],
    "net_income": [
        11644749.0,
        7094619.0,
        4415276.0,
        3603488.0
    ],
    "roa": [
        0.009778500615495775,
        0.004353576868274986,
        0.0022915017199959154,
        0.0015681298410923556
    ],
    "roe": [
        0.04203953201934431,
        0.024953467461537256,
        0.015449396296853388,
        0.012574873571325505
    ],
    "debt_ratio": [
        0.7673974912233504,
        0.8255321880622203,
        0.851676940900103,
        0.8752965719935218
    ],
    "current_ratio": [
        0.9349327410261118,
        1.0428926004201426,
        1.03850345992243,
        0.985228427733018
    ]
}