{
    "years": [
        "2021",
        "2022",
        "2023",
        "2024"
    ],
    "revenue": [
        84155410.0,
        72407840.0,
        80522643.0,
        74751516.0
    ],
    "net_income": [
        34970260.0,
        17244900.0,
        27013828.0,
        17118416.0
    ],
    "roa": [
        0.04152049461666509,
        0.02125931807971806,
        0.03644052265986732,
        0.018500796454630618
    ],
    "roe": [
        0.04919272898327671,
        0.023683897936516925,
        0.036968912257278004,
        0.02168920165314174
    ],
    "debt_ratio": [
        0.15596277184011942,
        0.10237250064570391,
        0.014292808880430885,
        0.14700426735390112
    ],
    "current_ratio": [
        5.613753017226252,
        9.492098037846183,
        63.09237216414642,
        6.504522401435358
    ]
}