{
    "years": [
        "2021",
        "2022",
        "2023",
        "2024"
    ],
    "revenue": [
        156084019.0,
        181841517.0,
        91411940.0,
        38607393.0
    ],
    "net_income": [
        -39792497.0,
        -42446331.0,
        -33800001.0,
        -39515095.0
    ],
    "roa": [
        -0.15623390116859984,
        -0.15341007820527902,
        -0.15387933665988884,
        -0.1902721524212113
    ],
    "roe": [
        0.12963571681578612,
        0.15171074440131727,
        0.10778590574190428,
        0.1256768872013768
    ],
    "debt_ratio": [
        2.205176358847231,
        2.011201143403967,
        2.427638758525222,
        2.513978875975271
    ],
    "current_ratio": [
        0.10317024256015041,
        0.14732730588554024,
        0.04811423353745599,
        0.026452098790697362
    ]
}