{
    "years": [
        "2021",
        "2022",
        "2023",
        "2024"
    ],
    "revenue": [
        391488367.0,
        396524083.0,
        576765289.0,
        611676440.0
    ],
    "net_income": [
        -29966032.0,
        21729368.0,
        52639842.0,
        40336096.0
    ],
    "roa": [
        -0.04989942261404116,
        0.03675478402334334,
        0.07665882654999516,
        0.04870905186500835
    ],
    "roe": [
        -0.07051223903246073,
        0.04864358902614381,
        0.10541766898196658,
        0.07474053943522421
    ],
    "debt_ratio": [
        0.29232962534249324,
        0.24440641081008144,
        0.27280855960580097,
        0.34829140606854603
    ],
    "current_ratio": [
        1.9507776714403477,
        2.774267690225899,
        2.8548747947373894,
        1.9504748882510032
    ]
}