{
    "years": [
        "2012",
        "2013",
        "2014",
        "2015"
    ],
    "revenue": [
        115106221.0,
        167152799.0,
        201509060.0,
        211193300.0
    ],
    "net_income": [
        247092.0,
        621052.0,
        736340.0,
        5561167.0
    ],
    "roa": [
        0.0024152364105734948,
        0.005401732995263607,
        0.005130353972616239,
        0.03923258652633153
    ],
    "roe": [
        0.05775715916270679,
        0.1267667271122549,
        0.13066073333899977,
        0.8554980830711229
    ],
    "debt_ratio": [
        0.9581829084811881,
        0.9573884005818005,
        0.96073530400824,
        0.9541406494033373
    ],
    "current_ratio": [
        0.6319927277470241,
        0.639860472600204,
        0.6895303325177833,
        0.8010641629776897
    ]
}