{
    "years": [
        "2021",
        "2022",
        "2023",
        "2024"
    ],
    "revenue": [
        123690190.0,
        121186329.0,
        112093528.0,
        122638507.0
    ],
    "net_income": [
        18574189.0,
        11021471.0,
        6145255.0,
        5637629.0
    ],
    "roa": [
        0.16943829805331023,
        0.0930326691431269,
        0.052129162271959115,
        0.04685998605595093
    ],
    "roe": [
        0.21923325818959905,
        0.11601005493995513,
        0.06196108569708512,
        0.05740179604709986
    ],
    "debt_ratio": [
        0.22713232721845855,
        0.19806374377394223,
        0.15867900496760545,
        0.18364947993089034
    ],
    "current_ratio": [
        3.1652109416705727,
        3.6335482536407016,
        4.591073284830956,
        4.2789471899604035
    ]
}