{
    "years": [
        "2021",
        "2022",
        "2023",
        "2024"
    ],
    "revenue": [
        35200983.0,
        49657164.0,
        40550444.0,
        47589661.0
    ],
    "net_income": [
        985474.0,
        577823.0,
        1838117.0,
        2791705.0
    ],
    "roa": [
        0.02956847904372146,
        0.018250639978794978,
        0.052681990360554605,
        0.0808359166448461
    ],
    "roe": [
        0.03456518047902115,
        0.0205609390160776,
        0.06232793092850092,
        0.09208433375403477
    ],
    "debt_ratio": [
        0.14455881225131667,
        0.11236349835365439,
        0.15476112273021855,
        0.12215342882573453
    ],
    "current_ratio": [
        4.147052273246639,
        5.5291102455786065,
        4.441707748891614,
        5.602979312685843
    ]
}