{
    "years": [
        "2021",
        "2022",
        "2023",
        "2024"
    ],
    "revenue": [
        10675274453.0,
        12787155346.0,
        8905535115.0,
        8591293063.0
    ],
    "net_income": [
        653290574.0,
        374655514.0,
        135183911.0,
        66877044.0
    ],
    "roa": [
        0.04642252844042628,
        0.02675195003506128,
        0.010909834282391688,
        0.004961376037893866
    ],
    "roe": [
        0.09475336241186334,
        0.053122073304759994,
        0.0190027325407316,
        0.00920516361711897
    ],
    "debt_ratio": [
        0.510069856532985,
        0.4964061383375228,
        0.4258807643055075,
        0.4610225038621663
    ],
    "current_ratio": [
        1.299476819447856,
        1.2861906293248198,
        1.6525944559389427,
        1.3747945755821098
    ]
}