{
    "years": [
        "2021",
        "2022",
        "2023",
        "2024"
    ],
    "revenue": [
        3746129199.0,
        2973585022.0,
        2166305461.0,
        3295129859.0
    ],
    "net_income": [
        1204548860.0,
        1082246744.0,
        729500026.0,
        803639057.0
    ],
    "roa": [
        0.08380811719141068,
        0.050245329398193775,
        0.027548345676177272,
        0.0261280439301588
    ],
    "roe": [
        0.11784802994982327,
        0.09175833487979553,
        0.0469950732473528,
        0.04131091066931108
    ],
    "debt_ratio": [
        0.2888458362257386,
        0.4524167263495384,
        0.41380353784789453,
        0.3675267984453143
    ],
    "current_ratio": [
        5.954879263538663,
        5.854529652262677,
        4.627587434801888,
        6.8966626716539725
    ]
}