{
    "years": [
        "2021",
        "2022",
        "2023",
        "2024"
    ],
    "revenue": [
        21207000.0,
        43966214.0,
        74681633.0,
        35660063.0
    ],
    "net_income": [
        -252156.0,
        -3257161.0,
        1616554.0,
        1296729.0
    ],
    "roa": [
        -0.003064708960394146,
        -0.040736627396597926,
        0.020573318835471713,
        0.016572735299525267
    ],
    "roe": [
        -0.0032477239586617018,
        -0.04378865448350938,
        0.02127038383714301,
        0.016775938540504253
    ],
    "debt_ratio": [
        0.05635177145503802,
        0.06969903786518106,
        0.03277162307029288,
        0.012112779293293638
    ],
    "current_ratio": [
        14.608875455303084,
        12.360103256906283,
        28.531553891028448,
        60.4740309001953
    ]
}