{
    "years": [
        "2021",
        "2022",
        "2023",
        "2024"
    ],
    "revenue": [
        4629239043.0,
        4258633895.0,
        7282204058.0,
        7403990026.0
    ],
    "net_income": [
        13827319.0,
        5680657.0,
        12503569.0,
        5233869.0
    ],
    "roa": [
        0.015080301763105845,
        0.00563426465638433,
        0.011827171948183562,
        0.0050503827318572735
    ],
    "roe": [
        0.05106403648420738,
        0.02151601251406849,
        0.04612952322409731,
        0.019742876434217814
    ],
    "debt_ratio": [
        0.7046786192123738,
        0.7381362065717195,
        0.743609490808584,
        0.7441921521068688
    ],
    "current_ratio": [
        1.094631986169307,
        1.085737505255155,
        1.1052872162473157,
        1.1098555512825734
    ]
}