{
    "years": [
        "2021",
        "2022",
        "2023",
        "2024"
    ],
    "revenue": [
        64465486.0,
        22202737.0,
        15060264.0,
        32973058.0
    ],
    "net_income": [
        41976.0,
        -2411476.0,
        -3392810.0,
        5620547.0
    ],
    "roa": [
        0.0005505148525696673,
        -0.04491429609545699,
        -0.06762582181784602,
        0.09194483297261859
    ],
    "roe": [
        0.0009845743220736915,
        -0.06032886324905446,
        -0.092878967958055,
        0.13350494888172576
    ],
    "debt_ratio": [
        0.44086003440534216,
        0.25550899392819354,
        0.2718930528127051,
        0.31130018967256395
    ],
    "current_ratio": [
        0.5513368187199047,
        0.8759895069020538,
        2.0554464763516287,
        2.0523621280244178
    ]
}