{
    "years": [
        "2021",
        "2022",
        "2023",
        "2024"
    ],
    "revenue": [
        1018981375.0,
        953050196.0,
        704730853.0,
        663286490.0
    ],
    "net_income": [
        56855436.0,
        34989778.0,
        -10212166.0,
        17084834.0
    ],
    "roa": [
        0.10044646738755059,
        0.05977457309169788,
        -0.020793750443376963,
        0.0345905223764862
    ],
    "roe": [
        0.23590571561287196,
        0.14547958447590517,
        -0.048968103189019375,
        0.07615479901271754
    ],
    "debt_ratio": [
        0.5742092677721038,
        0.5891205401291344,
        0.5753613252465176,
        0.5457867025463526
    ],
    "current_ratio": [
        1.255773859555833,
        1.1849050226028524,
        0.9506423308031691,
        0.9583290615003109
    ]
}