{
    "years": [
        "2022",
        "2023",
        "2024"
    ],
    "revenue": [
        335021482.0,
        385984407.0,
        436069641.0
    ],
    "net_income": [
        38583746.0,
        61465701.0,
        87242802.0
    ],
    "roa": [
        0.0755874233861254,
        0.11337848128008983,
        0.1420957205840791
    ],
    "roe": [
        0.11752098391125798,
        0.17431965910253044,
        0.21985740689032304
    ],
    "debt_ratio": [
        0.356817643364842,
        0.3495944068281854,
        0.35369145577631483
    ],
    "current_ratio": [
        1.4206239912596086,
        1.6840556269811306,
        1.8306345503823427
    ]
}