{
    "years": [
        "2021",
        "2022",
        "2023",
        "2024"
    ],
    "revenue": [
        321658749.0,
        356633588.0,
        388615366.0,
        376303457.0
    ],
    "net_income": [
        8600255.0,
        12542068.0,
        6500839.0,
        10809872.0
    ],
    "roa": [
        0.026759715986645644,
        0.0399404681982784,
        0.023221179817889577,
        0.041286288833756846
    ],
    "roe": [
        0.04628434883027312,
        0.06606120476865135,
        0.03536638928071453,
        0.05851933734581163
    ],
    "debt_ratio": [
        0.4218409319147001,
        0.39540206179782345,
        0.34341106654752,
        0.29448468307524667
    ],
    "current_ratio": [
        1.9500110472976953,
        2.1224216605784734,
        2.4690430175087146,
        2.9570676257891586
    ]
}