{
    "years": [
        "2021",
        "2022",
        "2023",
        "2024"
    ],
    "revenue": [
        349643464.0,
        226338408.0,
        103196794.0,
        88587514.0
    ],
    "net_income": [
        5742049.0,
        -32301034.0,
        330372.0,
        6892040.0
    ],
    "roa": [
        0.020941200153717747,
        -0.46852231342240097,
        0.004728811792927076,
        0.08799241104331033
    ],
    "roe": [
        0.07809753790568075,
        -0.7835675094211273,
        0.007950538645311213,
        0.14619143300690254
    ],
    "debt_ratio": [
        0.7318583822833357,
        0.40206515993940445,
        0.4052212052681653,
        0.3981014534609856
    ],
    "current_ratio": [
        1.313153314226081,
        2.255250263886334,
        1.744002026405439,
        2.4374665066918264
    ]
}