{
    "years": [
        "2021",
        "2022",
        "2023",
        "2024"
    ],
    "revenue": [
        494512891.0,
        598974737.0,
        493678641.0,
        411624058.0
    ],
    "net_income": [
        18072463.0,
        16847017.0,
        9814902.0,
        6854360.0
    ],
    "roa": [
        0.016811855362342365,
        0.01817856664881974,
        0.011160850553863792,
        0.007964873901647369
    ],
    "roe": [
        0.029246075412598077,
        0.026616719340711907,
        0.015310835679261992,
        0.010596034499989346
    ],
    "debt_ratio": [
        0.4251585853772206,
        0.3170245207111415,
        0.27104889715583685,
        0.24831559375770468
    ],
    "current_ratio": [
        1.7523290294399028,
        2.3397382391737285,
        2.830192830370266,
        3.1022261466680323
    ]
}