{
    "years": [
        "2020",
        "2021",
        "2022",
        "2023"
    ],
    "revenue": [
        40000000.0,
        53861559.0,
        2000000.0,
        1000000.0
    ],
    "net_income": [
        25975823.0,
        75956101.0,
        71546200.0,
        1015479.0
    ],
    "roa": [
        0.01953386277405646,
        0.07091393254504032,
        0.08900325743846196,
        0.0012593988629859849
    ],
    "roe": [
        0.0998416287118745,
        0.10051448710361714,
        0.09037408226102958,
        0.0012810661561087956
    ],
    "debt_ratio": [
        0.8043515212434307,
        0.2944904303004856,
        0.01516834017310661,
        0.0169134849277608
    ],
    "current_ratio": [
        0.8992274370377681,
        62.70258271827696,
        42.289383804732935,
        23.672902327725932
    ]
}