{
    "years": [
        "2021",
        "2022",
        "2023",
        "2024"
    ],
    "revenue": [
        884273310.0,
        859149586.0,
        528626774.0,
        401275177.0
    ],
    "net_income": [
        252812783.0,
        152083435.0,
        73765687.0,
        52962991.0
    ],
    "roa": [
        0.06344341403872884,
        0.03584529788120991,
        0.0172485128384335,
        0.010748859406102023
    ],
    "roe": [
        0.14140552963970043,
        0.07835874185070617,
        0.036924632324914976,
        0.01998008965977634
    ],
    "debt_ratio": [
        0.5513371068275627,
        0.5425488332941263,
        0.5328724552581385,
        0.462021462909574
    ],
    "current_ratio": [
        1.7058799125897222,
        1.534280099724625,
        1.5655080321686112,
        1.8852207979677318
    ]
}