{
    "years": [
        "2020",
        "2021",
        "2022",
        "2023"
    ],
    "revenue": [
        12162171.0,
        68826576.0,
        102955130.0,
        52357797.0
    ],
    "net_income": [
        -7021103.0,
        19173838.0,
        155189.0,
        154364.0
    ],
    "roa": [
        -0.06753598371388017,
        0.14492992895440693,
        0.0011712809008651995,
        0.0011696275360951562
    ],
    "roe": [
        -0.06920986091496242,
        0.1589601487668654,
        0.0012849367350669088,
        0.001276474404883005
    ],
    "debt_ratio": [
        0.024185530485878733,
        0.08826249799901431,
        0.08845247481837387,
        0.08370466997153907
    ],
    "current_ratio": [
        16.309182890210195,
        4.597100169651337,
        5.127076012748303,
        7.354405356846723
    ]
}