{
    "years": [
        "2021",
        "2022",
        "2023",
        "2024"
    ],
    "revenue": [
        1241489753.0,
        1212591655.0,
        554618871.0,
        2469680760.0
    ],
    "net_income": [
        415495657.0,
        619768174.0,
        204156563.0,
        773848688.0
    ],
    "roa": [
        0.04042312173499112,
        0.049183802366356465,
        0.01118924522801553,
        0.037641599878838444
    ],
    "roe": [
        0.06652716155607534,
        0.09164968224436436,
        0.028046893999391077,
        0.112490375440677
    ],
    "debt_ratio": [
        0.39238168607390955,
        0.46334999574555724,
        0.6010522509815718,
        0.6653793737341631
    ],
    "current_ratio": [
        2.241015932278659,
        2.9091483926745263,
        1.8012691809564545,
        1.56641224305027
    ]
}