{
    "years": [
        "2020",
        "2021",
        "2022",
        "2023"
    ],
    "revenue": [
        38377653.0,
        34791328.0,
        56805702.0,
        3337438.0
    ],
    "net_income": [
        6702400.0,
        3753727.0,
        -60925417.0,
        7936400.0
    ],
    "roa": [
        0.020769667207514494,
        0.010331024426393103,
        -0.18825694610383742,
        0.02516146259938681
    ],
    "roe": [
        0.021045646463547334,
        0.011649455222360423,
        -0.2331645185297397,
        0.02947709817705519
    ],
    "debt_ratio": [
        0.0131133655842245,
        0.11317531771242595,
        0.19260036951194356,
        0.14640639155680688
    ],
    "current_ratio": [
        57.45482986628781,
        8.835848842421285,
        5.19209803456783,
        0.33389101420206585
    ]
}