{
    "years": [
        "2021",
        "2022",
        "2023",
        "2024"
    ],
    "revenue": [
        88354630.0,
        286632849.0,
        182080407.0,
        450864542.0
    ],
    "net_income": [
        3935287.0,
        10082684.0,
        5559653.0,
        10338424.0
    ],
    "roa": [
        0.03855257521090713,
        0.04043700606943071,
        0.02226134697939773,
        0.047554409191815784
    ],
    "roe": [
        0.059037016119860494,
        0.13848738086731446,
        0.07796722003007535,
        0.1330446895874125
    ],
    "debt_ratio": [
        0.34697622365203257,
        0.7080094531632912,
        0.7144781233599126,
        0.6425681525561997
    ],
    "current_ratio": [
        2.5569657529609184,
        1.3644984467125947,
        1.347823984888435,
        1.4961414462814242
    ]
}