{
    "years": [
        "2020",
        "2022",
        "2023",
        "2024"
    ],
    "revenue": [
        5718108270.0,
        6856112624.0,
        6096281949.0,
        5509882600.0
    ],
    "net_income": [
        39457680.0,
        17443677.0,
        25488524.0,
        25564416.0
    ],
    "roa": [
        0.032031275845304255,
        0.012839591304619861,
        0.019643314172517412,
        0.019350264172109614
    ],
    "roe": [
        0.09501334804128195,
        0.04300386684499977,
        0.06279529540854023,
        0.06229008307649915
    ],
    "debt_ratio": [
        0.6628760431493571,
        0.7014317026211151,
        0.6871849388601506,
        0.689352410264964
    ],
    "current_ratio": [
        0.8964026134773899,
        0.9243543551006975,
        0.9489727996765293,
        1.0028984003501853
    ]
}