{
    "years": [
        "2021",
        "2022",
        "2023",
        "2024"
    ],
    "revenue": [
        948963754.0,
        1102638274.0,
        862901413.0,
        963665809.0
    ],
    "net_income": [
        22626283.0,
        29939195.0,
        30558110.0,
        41505309.0
    ],
    "roa": [
        0.021500648988202625,
        0.02951118583168394,
        0.03262438059313795,
        0.04783433297662897
    ],
    "roe": [
        0.06269257895008583,
        0.07958196463537047,
        0.07920584367092275,
        0.09636990337176313
    ],
    "debt_ratio": [
        0.6570463466605694,
        0.6291724391713799,
        0.5881063936559685,
        0.5036382594252483
    ],
    "current_ratio": [
        0.7866598139378943,
        0.7858695584437171,
        0.801229415350285,
        0.8616141731466092
    ]
}