{
    "years": [
        "2020",
        "2021",
        "2022",
        "2023"
    ],
    "revenue": [
        153196297.0,
        248218462.0,
        176395520.0,
        547677776.0
    ],
    "net_income": [
        1982138.0,
        5671643.0,
        8009977.0,
        38196713.0
    ],
    "roa": [
        0.004968792789244451,
        0.012902457460454368,
        0.01996577422756323,
        0.07932662077391506
    ],
    "roe": [
        0.012483275103203267,
        0.03476180450226065,
        0.047238060237852514,
        0.18735891015617318
    ],
    "debt_ratio": [
        0.601964007989423,
        0.6288323450062758,
        0.5773371275824662,
        0.5766060941121386
    ],
    "current_ratio": [
        1.329278016056882,
        0.9845718062279563,
        1.05150313951608,
        1.1807444551023027
    ]
}