{
    "years": [
        "2019",
        "2020",
        "2021",
        "2022"
    ],
    "revenue": [
        21276631.0,
        94733944.0,
        453773143.0,
        901045924.0
    ],
    "net_income": [
        2231933.0,
        1056089.0,
        2349460.0,
        -7639452.0
    ],
    "roa": [
        0.06072234058567204,
        0.009713086364833173,
        0.007468580130717795,
        -0.018934433245713825
    ],
    "roe": [
        0.06616867316147106,
        0.03035868145304987,
        0.06326550340890945,
        -0.25899030337194984
    ],
    "debt_ratio": [
        0.08230983508628559,
        0.6800557237686822,
        0.8819486176780185,
        0.9268913430379628
    ],
    "current_ratio": [
        12.11016982486016,
        1.3862856320429997,
        1.0761392582349303,
        1.0365928879439286
    ]
}