{
    "years": [
        "2021",
        "2022",
        "2023",
        "2024"
    ],
    "revenue": [
        1071871565.0,
        1035895432.0,
        1048112000.0,
        1073199178.0
    ],
    "net_income": [
        14656662.0,
        16844528.0,
        25908912.0,
        27564332.0
    ],
    "roa": [
        0.011612710398540607,
        0.01612682960609822,
        0.0204447040539022,
        0.01998058654677137
    ],
    "roe": [
        0.05837395183243354,
        0.06600377014538435,
        0.0964799091199291,
        0.09748848130560106
    ],
    "debt_ratio": [
        0.8010634874973739,
        0.7556680539524306,
        0.7880936638477918,
        0.7950466939356925
    ],
    "current_ratio": [
        1.4305790184342102,
        1.5555224360938853,
        1.8586169847523546,
        1.4593879530545508
    ]
}