{
    "years": [
        "2021",
        "2022",
        "2023",
        "2024"
    ],
    "revenue": [
        304350641.0,
        325561118.0,
        209960401.0,
        350280302.0
    ],
    "net_income": [
        1544917.0,
        3020111.0,
        1542568.0,
        2009684.0
    ],
    "roa": [
        0.004305076062979619,
        0.008167497932346784,
        0.004521145801811272,
        0.006098583764781654
    ],
    "roe": [
        0.017464182287747435,
        0.03438481222648926,
        0.017259449764353722,
        0.021991409614510293
    ],
    "debt_ratio": [
        0.7534911173024125,
        0.7624678628881756,
        0.7380480917098017,
        0.7226833626545837
    ],
    "current_ratio": [
        1.0165596506761108,
        1.0992066846104818,
        1.182505788202166,
        1.2109863106448668
    ]
}