{
    "years": [
        "2021",
        "2022",
        "2023",
        "2024"
    ],
    "revenue": [
        166677481.0,
        173462586.0,
        134602078.0,
        136087301.0
    ],
    "net_income": [
        371947876.0,
        18988701.0,
        24220354.0,
        17166937.0
    ],
    "roa": [
        0.3198887714030214,
        0.033499681834456715,
        0.03636689811631771,
        0.027554918267594247
    ],
    "roe": [
        0.4938551776710477,
        0.04698093794321345,
        0.05653688041252477,
        0.040305026990450646
    ],
    "debt_ratio": [
        0.3522619871850442,
        0.28695161695264004,
        0.35675796310365143,
        0.31634040899854127
    ],
    "current_ratio": [
        2.7324859809428266,
        2.9687354203033576,
        2.4026615566790266,
        2.64198754059238
    ]
}