{
    "years": [
        "2021",
        "2022",
        "2023",
        "2024"
    ],
    "revenue": [
        2860008085.0,
        2212196756.0,
        3081915782.0,
        4924717468.0
    ],
    "net_income": [
        48086209.0,
        44002958.0,
        57300869.0,
        224842931.0
    ],
    "roa": [
        0.015271208862705707,
        0.012406318975685985,
        0.010386245319288848,
        0.04440051455260116
    ],
    "roe": [
        0.08145955460231422,
        0.071127486503315,
        0.09520428054815873,
        0.2867084126984959
    ],
    "debt_ratio": [
        0.8125301698829586,
        0.8255763055101382,
        0.8909056897495801,
        0.8451370361451759
    ],
    "current_ratio": [
        1.3483562470955133,
        1.460556756436141,
        1.2187144531579264,
        1.361189392173571
    ]
}