{
    "years": [
        "2021",
        "2022",
        "2023",
        "2024"
    ],
    "revenue": [
        170594833.0,
        167795747.0,
        110689738.0,
        254801145.0
    ],
    "net_income": [
        306412.0,
        -768653.0,
        1110677.0,
        42586241.0
    ],
    "roa": [
        0.0015836213001085783,
        -0.004954683531935771,
        0.005977896985359527,
        0.23121700910128543
    ],
    "roe": [
        0.0047458804459168625,
        -0.012048772186077963,
        0.01711213578914232,
        0.3942731213500363
    ],
    "debt_ratio": [
        0.6663166470046558,
        0.5887810429629687,
        0.6506633035747348,
        0.4135613193474312
    ],
    "current_ratio": [
        0.9795051010206725,
        1.016604252154369,
        1.06337939452443,
        2.434670255266447
    ]
}