{
    "years": [
        "2021",
        "2022",
        "2023",
        "2024"
    ],
    "revenue": [
        38044820.0,
        37001906.0,
        3681027.0,
        11717588.0
    ],
    "net_income": [
        -8533077.0,
        -8905414.0,
        -13164807.0,
        -6965786.0
    ],
    "roa": [
        -0.020648769081067237,
        -0.023433298919605418,
        -0.036875935941921595,
        -0.01958693803981742
    ],
    "roe": [
        -0.21531927424458513,
        -0.2898476224226242,
        -0.7497187872658126,
        -0.6575295630730021
    ],
    "debt_ratio": [
        0.9041016223303264,
        0.9191530407469152,
        0.9508136429708447,
        0.9702113195515092
    ],
    "current_ratio": [
        0.9994979455277495,
        1.042837475153946,
        1.0167060982263196,
        1.0028448902620306
    ]
}