{
    "years": [
        "2021",
        "2022",
        "2023",
        "2024"
    ],
    "revenue": [
        52329156.0,
        80528335.0,
        45823060.0,
        34820859.0
    ],
    "net_income": [
        11126.0,
        -25562564.0,
        -8561037.0,
        -26281416.0
    ],
    "roa": [
        1.9925393031735463e-05,
        -0.04840250811862585,
        -0.016428781081249386,
        -0.052825623629871525
    ],
    "roe": [
        0.00027309813511234454,
        -2.3356321225751286,
        -3.5916943737636693,
        1.099739721366578
    ],
    "debt_ratio": [
        0.9270394394178535,
        0.9792764846609233,
        0.9954258967017747,
        1.0480346600232175
    ],
    "current_ratio": [
        1.0391445291756174,
        0.8385807293969123,
        0.8263241137409693,
        0.78201987945177
    ]
}