{
    "years": [
        "2021",
        "2022",
        "2023",
        "2024"
    ],
    "revenue": [
        664731190.0,
        411885467.0,
        171166753.0,
        123940599.0
    ],
    "net_income": [
        371967.0,
        -73984017.0,
        -48855197.0,
        -56124140.0
    ],
    "roa": [
        0.0004561710162325602,
        -0.10137384715330466,
        -0.06918844235884118,
        -0.08562303503851565
    ],
    "roe": [
        0.0025203593310502994,
        -1.0052054532872434,
        -1.9742908402568948,
        1.7886207621626642
    ],
    "debt_ratio": [
        0.8190055637652025,
        0.8991511169962421,
        0.964955293846251,
        1.0478709835253097
    ],
    "current_ratio": [
        1.0828609886376077,
        1.0055695561194573,
        0.9586402187760532,
        0.9043605245176354
    ]
}