{
    "years": [
        "2021",
        "2022",
        "2023",
        "2024"
    ],
    "revenue": [
        201487657.0,
        119653344.0,
        80235908.0,
        40961385.0
    ],
    "net_income": [
        -3077331.0,
        -34559684.0,
        -102600754.0,
        -180394236.0
    ],
    "roa": [
        -0.005210680799515706,
        -0.05875365610335917,
        -0.2108958182560718,
        -0.512808089750378
    ],
    "roe": [
        -0.029012079492655274,
        -0.48327790036653945,
        3.300146434076457,
        0.8529923869935632
    ],
    "debt_ratio": [
        0.8203961628867436,
        0.8784267684104782,
        1.0639049879964162,
        1.6011871824059405
    ],
    "current_ratio": [
        1.0313968084758662,
        0.9797963706750011,
        0.807440606077341,
        0.7929900246188467
    ]
}