{
    "years": [
        "2021",
        "2022",
        "2023",
        "2024"
    ],
    "revenue": [
        771088271.0,
        893778517.0,
        600169397.0,
        561642471.0
    ],
    "net_income": [
        252164.0,
        -45473377.0,
        3841734.0,
        20773429.0
    ],
    "roa": [
        0.00030917468496600455,
        -0.06550361664245016,
        0.008607378904383994,
        0.033764173142602
    ],
    "roe": [
        0.0023436680583678966,
        -0.7326346973805397,
        0.06148340603692022,
        0.24962877604093908
    ],
    "debt_ratio": [
        0.8680808556219731,
        0.9105917084235137,
        0.8600048458731232,
        0.8647424640776804
    ],
    "current_ratio": [
        1.013682108349203,
        1.007184671313553,
        1.0025321754871956,
        1.0114587637725905
    ]
}