{
    "years": [
        "2021",
        "2022",
        "2023",
        "2024"
    ],
    "revenue": [
        262905278.0,
        250570119.0,
        214571401.0,
        392266100.0
    ],
    "net_income": [
        26546920.0,
        35246953.0,
        37877680.0,
        142965206.0
    ],
    "roa": [
        0.0362405596432968,
        0.039100103598162794,
        0.03253827426950115,
        0.10784533607209074
    ],
    "roe": [
        0.17834228469146785,
        0.2108743400124516,
        0.18720091333546052,
        0.4174139128439137
    ],
    "debt_ratio": [
        0.796792108467193,
        0.8145810268055657,
        0.8261852803506723,
        0.7416345436659701
    ],
    "current_ratio": [
        1.043966499405932,
        2.478161688926064,
        1.3186562792790963,
        3.028688466208615
    ]
}