{
    "years": [
        "2021",
        "2022",
        "2023",
        "2024"
    ],
    "revenue": [
        2905509653.0,
        3267001736.0,
        3567874263.0,
        3599953348.0
    ],
    "net_income": [
        67024387.0,
        88528279.0,
        148538242.0,
        168674268.0
    ],
    "roa": [
        0.02920323173285845,
        0.03882866782037787,
        0.0629268759907187,
        0.06382530338784398
    ],
    "roe": [
        0.05030072151444463,
        0.06581343527877266,
        0.1044786360911855,
        0.11541202464557147
    ],
    "debt_ratio": [
        0.4194271800957708,
        0.4100191297429267,
        0.39770580527297283,
        0.44697873914047953
    ],
    "current_ratio": [
        2.0365767956538336,
        2.0843925918240727,
        2.182628575671888,
        1.9227978887277797
    ]
}