{
    "years": [
        "2022",
        "2023",
        "2024"
    ],
    "revenue": [
        247196058.0,
        277784766.0,
        325379262.0
    ],
    "net_income": [
        13794685.0,
        14828073.0,
        20254691.0
    ],
    "roa": [
        0.04216506083909213,
        0.047205274327446894,
        0.059176028761081405
    ],
    "roe": [
        0.0819207924303483,
        0.08579127332432251,
        0.10829158576886456
    ],
    "debt_ratio": [
        0.48529476353708095,
        0.4497660135082315,
        0.4535491530488291
    ],
    "current_ratio": [
        0.4125473920166763,
        0.4674880351307375,
        0.44900189586651806
    ]
}