{
    "years": [
        "2021",
        "2022",
        "2023",
        "2024"
    ],
    "revenue": [
        73707662.0,
        100172599.0,
        90913713.0,
        106990160.0
    ],
    "net_income": [
        1453730.0,
        2144844.0,
        1564530.0,
        2895924.0
    ],
    "roa": [
        0.04830450274934903,
        0.085710932383382,
        0.05930401280896628,
        0.06945283448389195
    ],
    "roe": [
        0.07162723349473969,
        0.09555669162682064,
        0.06568090247565865,
        0.10863857252972342
    ],
    "debt_ratio": [
        0.3256126141895943,
        0.10303579033365318,
        0.09708894711146288,
        0.3606982044532139
    ],
    "current_ratio": [
        2.5719242774725988,
        7.8959858482866006,
        8.544576143834485,
        2.425488760020224
    ]
}