{
    "years": [
        "2021",
        "2022",
        "2023",
        "2024"
    ],
    "revenue": [
        788120043.0,
        1113267981.0,
        901723777.0,
        873041190.0
    ],
    "net_income": [
        82155914.0,
        121439056.0,
        125240867.0,
        82616221.0
    ],
    "roa": [
        0.15100037207930428,
        0.1703195424782092,
        0.16267673412714415,
        0.10150003694318227
    ],
    "roe": [
        0.18904639084460415,
        0.22762579008403142,
        0.2085376306804779,
        0.13477212303905645
    ],
    "debt_ratio": [
        0.20125228836859216,
        0.2517563918599327,
        0.21991664719545023,
        0.2468766191820846
    ],
    "current_ratio": [
        2.0059472942093617,
        1.7643909300737124,
        3.1170348945924786,
        1.5798527042515667
    ]
}