{
    "years": [
        "2019",
        "2020",
        "2021",
        "2022"
    ],
    "revenue": [
        125535247.0,
        56032398.0,
        72416670.0,
        56210759.0
    ],
    "net_income": [
        -28008514.0,
        -62906722.0,
        -44892190.0,
        -40668003.0
    ],
    "roa": [
        -0.07840919970059702,
        -0.19946966398533886,
        -0.1621460173679711,
        -0.18479649603185588
    ],
    "roe": [
        0.05261782989550908,
        0.1056879488692592,
        0.06902794259186874,
        0.058852469488973574
    ],
    "debt_ratio": [
        2.4901640728305523,
        2.8873453985949893,
        3.348991021312453,
        4.139995613378277
    ],
    "current_ratio": [
        0.09252039501165707,
        0.05919435148030893,
        0.1952392853768587,
        0.13908542292191547
    ]
}