{
    "years": [
        "2021",
        "2022",
        "2023",
        "2024"
    ],
    "revenue": [
        107054741.0,
        38118264.0,
        35537530.0,
        37677604.0
    ],
    "net_income": [
        1778115.0,
        126756.0,
        113614.0,
        86534.0
    ],
    "roa": [
        0.012602790800370614,
        0.0009630795862465555,
        0.0009346072698220912,
        0.0007067074032978345
    ],
    "roe": [
        0.05630734475156387,
        0.004089527736267855,
        0.0037158706144147942,
        0.0028328717621212696
    ],
    "debt_ratio": [
        0.7761785632766747,
        0.7645010259484212,
        0.7484822894003588,
        0.7505332176530828
    ],
    "current_ratio": [
        1.1404246775457247,
        1.099722825857539,
        1.1113298957086901,
        1.1071059953899838
    ]
}