{
    "years": [
        "2020",
        "2021",
        "2022",
        "2023"
    ],
    "revenue": [
        3536254794.0,
        0.0,
        1005840232.0,
        2007948933.0
    ],
    "net_income": [
        311718852.0,
        180810348.0,
        194287025.0,
        101569790.0
    ],
    "roa": [
        0.05083069293705457,
        0.031149850101838142,
        0.03848911172712656,
        0.016987370921953227
    ],
    "roe": [
        0.16882673695157802,
        0.07569667191784506,
        0.07521735970182383,
        0.04001639864927304
    ],
    "debt_ratio": [
        0.6989179921683047,
        0.5884911540675708,
        0.4882948314098654,
        0.5754897618138901
    ],
    "current_ratio": [
        1.1548001692205259,
        1.430150186324614,
        1.6968573398435955,
        1.465972311615601
    ]
}