{
    "years": [
        "2017",
        "2018",
        "2019",
        "2020"
    ],
    "revenue": [
        213171032.0,
        286617254.0,
        275527700.0,
        79028526.0
    ],
    "net_income": [
        17838729.0,
        1112387.0,
        1211196.0,
        256299.0
    ],
    "roa": [
        0.056746041446998005,
        0.003523998505951631,
        0.0038731105073355025,
        0.0007800910420018635
    ],
    "roe": [
        0.21703231329191947,
        0.013352980193376076,
        0.014330717830653447,
        0.003023329103408498
    ],
    "debt_ratio": [
        0.7385364391768164,
        0.7360889887562511,
        0.7297336704899103,
        0.7419761410947985
    ],
    "current_ratio": [
        1.0451695977588247,
        1.0762684976929453,
        1.1234508747229883,
        1.1628798442212178
    ]
}