{
    "years": [
        "2021",
        "2022",
        "2023",
        "2024"
    ],
    "revenue": [
        478286238.0,
        277050177.0,
        48804563.0,
        185104843.0
    ],
    "net_income": [
        140652310.0,
        4242577.0,
        -527174206.0,
        -1505751847.0
    ],
    "roa": [
        0.020559989644905075,
        0.0005397141890171774,
        -0.07255898508777053,
        -0.24455102258990635
    ],
    "roe": [
        0.043358702626380974,
        0.001308655470484589,
        -0.19424847654256266,
        -1.2432954529630242
    ],
    "debt_ratio": [
        0.5258163090794223,
        0.5875811463063507,
        0.6264630416708993,
        0.8033041768092275
    ],
    "current_ratio": [
        1.9088233989177112,
        1.948137785001152,
        1.4926023653911573,
        0.863181016020972
    ]
}