{
    "years": [
        "2021",
        "2022",
        "2023",
        "2024"
    ],
    "revenue": [
        162250418.0,
        188030359.0,
        186308477.0,
        218430917.0
    ],
    "net_income": [
        37870254.0,
        -38909321.0,
        -20104870.0,
        6918953.0
    ],
    "roa": [
        0.17538940598313024,
        -0.17036268861533327,
        -0.10322227472333478,
        0.03339954249894738
    ],
    "roe": [
        0.2469052006570829,
        -0.3459516117723191,
        -0.21766634338954732,
        0.0696881515115915
    ],
    "debt_ratio": [
        0.2896487983389146,
        0.5075534184027621,
        0.5257775128853859,
        0.5207285345573859
    ],
    "current_ratio": [
        2.467095461143035,
        1.3994689396307025,
        1.390370290820833,
        1.4771777523540286
    ]
}