{
    "years": [
        "2021",
        "2022",
        "2023",
        "2024"
    ],
    "revenue": [
        233902461.0,
        277558293.0,
        297054247.0,
        319686230.0
    ],
    "net_income": [
        34458391.0,
        56674027.0,
        79056153.0,
        99701981.0
    ],
    "roa": [
        0.02358730499075644,
        0.04830483520447758,
        0.06719622035251734,
        0.08323574928744037
    ],
    "roe": [
        0.029425383685809645,
        0.06287544224286139,
        0.08480117243186412,
        0.10292241046094404
    ],
    "debt_ratio": [
        0.1984028061414408,
        0.2317376469831208,
        0.20760269669021347,
        0.19127672083597533
    ],
    "current_ratio": [
        6.273283936301354,
        9.964551536782462,
        10.899090567353761,
        1.3390242682008526
    ]
}