{
    "years": [
        "2020",
        "2021",
        "2022",
        "2023"
    ],
    "revenue": [
        553131707.0,
        534874220.0,
        181032884.0,
        104337486.0
    ],
    "net_income": [
        558001.0,
        3017417.0,
        -8886180.0,
        -30811482.0
    ],
    "roa": [
        0.0005953035814358376,
        0.0030623106051508677,
        -0.007021938036359736,
        -0.03148109795520057
    ],
    "roe": [
        0.0016212563786409246,
        0.007543626347406851,
        -0.020854223167467274,
        -0.07634938803779495
    ],
    "debt_ratio": [
        0.6328134221838054,
        0.5940532491772279,
        0.6632846028369924,
        0.5876705922041365
    ],
    "current_ratio": [
        1.2781283855723213,
        1.2511425158361,
        1.112159786048545,
        1.3984423901361194
    ]
}