{
    "years": [
        "2021",
        "2022",
        "2023",
        "2024"
    ],
    "revenue": [
        172914968.0,
        120335253.0,
        290599181.0,
        299595685.0
    ],
    "net_income": [
        1765065.0,
        847354.0,
        739430.0,
        624220.0
    ],
    "roa": [
        0.004325843194777488,
        0.002265063786592292,
        0.0018501479217571612,
        0.0014504126540411106
    ],
    "roe": [
        0.023040997314445477,
        0.011375411286937627,
        0.009939706177591308,
        0.008403449698086596
    ],
    "debt_ratio": [
        0.8122545159073729,
        0.8008807128412787,
        0.8138629161968339,
        0.8274027088695064
    ],
    "current_ratio": [
        1.0816893976414301,
        1.0914288228921354,
        1.0784390613569312,
        1.044572103555294
    ]
}