{
    "years": [
        "2021",
        "2022",
        "2023",
        "2024"
    ],
    "revenue": [
        948895984.0,
        1447394346.0,
        1702630820.0,
        2606007502.0
    ],
    "net_income": [
        307873734.0,
        462591201.0,
        927228913.0,
        791644172.0
    ],
    "roa": [
        0.02528079483199001,
        0.03628142583610145,
        0.04046613065037902,
        0.03373937288399372
    ],
    "roe": [
        0.06566938812963898,
        0.0955082242597861,
        0.17886850081271988,
        0.1392554178384964
    ],
    "debt_ratio": [
        0.6150292312442017,
        0.6201224960751593,
        0.7737660322163256,
        0.7577159050061272
    ],
    "current_ratio": [
        0.8499095204138664,
        0.5598823923649136,
        0.557181089696542,
        1.1028218650158357
    ]
}