{
    "years": [
        "2020",
        "2021",
        "2022",
        "2023"
    ],
    "revenue": [
        170879316.0,
        124819075.0,
        207614279.0,
        91321603.0
    ],
    "net_income": [
        4032475.0,
        4599153.0,
        7029332.0,
        16627330.0
    ],
    "roa": [
        0.002230407962685772,
        0.0027111513729404786,
        0.004300518305383964,
        0.012344000014491496
    ],
    "roe": [
        0.0053533134718707145,
        0.006172024088961581,
        0.010680027091376743,
        0.02467213615717102
    ],
    "debt_ratio": [
        0.5833593578247238,
        0.5607354517962325,
        0.5973307681160954,
        0.49967850631759425
    ],
    "current_ratio": [
        1.233355401227506,
        1.2296955018498974,
        1.184199755308227,
        1.6548996008033898
    ]
}