{
    "years": [
        "2021",
        "2022",
        "2023",
        "2024"
    ],
    "revenue": [
        94466080.0,
        128778857.0,
        31046721.0,
        38600051.0
    ],
    "net_income": [
        -19083538.0,
        -12744274.0,
        -62744063.0,
        -33128519.0
    ],
    "roa": [
        -0.14617568748394988,
        -0.11459926978886492,
        -0.9548355071351755,
        -0.4197150771182699
    ],
    "roe": [
        -0.6408320864105956,
        -0.7481212984744324,
        1.3726843140346066,
        0.4202124634905869
    ],
    "debt_ratio": [
        0.7718970529351868,
        0.8468172607536297,
        1.6955973033076441,
        1.998816345502498
    ],
    "current_ratio": [
        1.028679687343703,
        0.8645690165482406,
        0.13549957545887725,
        0.10673157488975568
    ]
}