{
    "years": [
        "2021",
        "2022",
        "2023",
        "2024"
    ],
    "revenue": [
        1055441387.0,
        1417274934.0,
        1119808512.0,
        1206792016.0
    ],
    "net_income": [
        89264823.0,
        116800487.0,
        126274753.0,
        116936294.0
    ],
    "roa": [
        0.0979952807732891,
        0.11330066910003478,
        0.1149509181650519,
        0.09772277638668322
    ],
    "roe": [
        0.17205974765911974,
        0.19065016603324011,
        0.18311741223729736,
        0.1567103706931909
    ],
    "debt_ratio": [
        0.4304578374284566,
        0.4057142909580228,
        0.3722556650369773,
        0.37641155493144857
    ],
    "current_ratio": [
        1.3013831961637314,
        1.3516643697693111,
        1.8127769998213354,
        1.4527958866368267
    ]
}