{
    "years": [
        "2021",
        "2022",
        "2023",
        "2024"
    ],
    "revenue": [
        781650039.0,
        628857871.0,
        394859343.0,
        423469588.0
    ],
    "net_income": [
        296311011.0,
        203909716.0,
        166186590.0,
        187446883.0
    ],
    "roa": [
        0.10413842448129393,
        0.06788584683754614,
        0.05439597275913062,
        0.061053917341605035
    ],
    "roe": [
        0.20238395726757133,
        0.1328654074447587,
        0.1042163129405009,
        0.11271893404973696
    ],
    "debt_ratio": [
        0.4854413072691687,
        0.48906304399983896,
        0.4780474263162013,
        0.4583526019269741
    ],
    "current_ratio": [
        2.4676894981324327,
        2.3819819949491765,
        2.4967358697557023,
        2.731874575487661
    ]
}