{
    "years": [
        "2021",
        "2022",
        "2023",
        "2024"
    ],
    "revenue": [
        1991489295.0,
        1989195011.0,
        2035962622.0,
        2250355273.0
    ],
    "net_income": [
        103487224.0,
        44290844.0,
        6795352.0,
        73351698.0
    ],
    "roa": [
        0.02278371025136759,
        0.010651453747878289,
        0.0015750712974604475,
        0.01588853833765157
    ],
    "roe": [
        0.21768301474691903,
        0.09949999073537723,
        0.01617559689710755,
        0.14971810692529045
    ],
    "debt_ratio": [
        0.895335378932269,
        0.8929502036215652,
        0.9026266970251902,
        0.8938769754443932
    ],
    "current_ratio": [
        0.6325194130709877,
        0.6042180960122546,
        0.5900159087286085,
        0.6298793788963933
    ]
}