{
    "years": [
        "2021",
        "2022",
        "2023",
        "2024"
    ],
    "revenue": [
        2439778223.0,
        0.0,
        3325201928.0,
        3695151811.0
    ],
    "net_income": [
        46294027.0,
        0.0,
        2606727.0,
        6055367.0
    ],
    "roa": [
        0.008915119453697544,
        0.0,
        0.0003959162471488896,
        0.0009953385566245027
    ],
    "roe": [
        0.05232173411888041,
        0.0,
        0.0018613338230574928,
        0.005298040636810841
    ],
    "debt_ratio": [
        0.8296096334758044,
        0.7980686857400869,
        0.7872943357905873,
        0.812130818757999
    ],
    "current_ratio": [
        1.0622559797973465,
        0.9891444327632797,
        1.1319443759459686,
        1.0858604227067437
    ]
}