{
    "years": [
        "2021",
        "2022",
        "2023",
        "2024"
    ],
    "revenue": [
        2652839725.0,
        2858219048.0,
        2891076118.0,
        3009025906.0
    ],
    "net_income": [
        167366172.0,
        213199805.0,
        190041104.0,
        201513867.0
    ],
    "roa": [
        0.14333667046410906,
        0.1730225711477863,
        0.14550977798473844,
        0.14430248842298735
    ],
    "roe": [
        0.22342282494957663,
        0.2513732049102612,
        0.21538419897223596,
        0.21507111404817675
    ],
    "debt_ratio": [
        0.3584510870970407,
        0.31169047548423334,
        0.3244175817953324,
        0.32904756149325093
    ],
    "current_ratio": [
        1.7021843425468481,
        2.019957668048443,
        1.9835387256602137,
        2.0362604205177246
    ]
}