{
    "years": [
        "2021",
        "2022",
        "2023",
        "2024"
    ],
    "revenue": [
        52208895.0,
        52834138.0,
        40165945.0,
        45045559.0
    ],
    "net_income": [
        16048395.0,
        16642253.0,
        13352892.0,
        14056327.0
    ],
    "roa": [
        0.2150814285912253,
        0.19196572113239968,
        0.1441936277887568,
        0.13965133560638346
    ],
    "roe": [
        0.25215694705536784,
        0.22747209938288368,
        0.16450982273759987,
        0.15794407399665036
    ],
    "debt_ratio": [
        0.14703349995747528,
        0.15609113533840147,
        0.12349533061772411,
        0.11581782036757411
    ],
    "current_ratio": [
        3.8355183575853693,
        3.822686808138192,
        4.763354255003148,
        4.525954903198068
    ]
}