{
    "years": [
        "2021",
        "2022",
        "2023",
        "2024"
    ],
    "revenue": [
        3826141768.0,
        2892079411.0,
        5079029833.0,
        6101321679.0
    ],
    "net_income": [
        -19407264.0,
        -54264073.0,
        -19497740.0,
        79224944.0
    ],
    "roa": [
        -0.002625038406591392,
        -0.00874720371932072,
        -0.0030608090362034446,
        0.01295257403693896
    ],
    "roe": [
        -0.01846249145447139,
        -0.05535212383081725,
        -0.020665731890019568,
        0.08098726188612651
    ],
    "debt_ratio": [
        0.8578177591542966,
        0.8419716694872199,
        0.8518896377591325,
        0.8400665273120217
    ],
    "current_ratio": [
        1.0209254637509528,
        1.0353941100050374,
        1.0424774937300931,
        1.1222161830190673
    ]
}