{
    "years": [
        "2021",
        "2022",
        "2023"
    ],
    "revenue": [
        28906431.0,
        63318587.0,
        90304566.0
    ],
    "net_income": [
        -10555516.0,
        40540117.0,
        456188.0
    ],
    "roa": [
        -0.05381026298081478,
        0.19835324615917618,
        0.0021936729585846685
    ],
    "roe": [
        0.025297343392324388,
        -0.28179482180640486,
        -0.003138529005961745
    ],
    "debt_ratio": [
        3.127111220585386,
        1.703892445175754,
        1.6989493977649115
    ],
    "current_ratio": [
        0.30621586405543755,
        0.5780339572056987,
        0.5818333942020475
    ]
}