{
    "years": [
        "2021",
        "2022",
        "2023",
        "2024"
    ],
    "revenue": [
        1426627837.0,
        1359895073.0,
        1329005021.0,
        1545729304.0
    ],
    "net_income": [
        14206069.0,
        14506915.0,
        11831140.0,
        16387901.0
    ],
    "roa": [
        0.010583626881531338,
        0.010689064024223585,
        0.009700561787478041,
        0.013821372381371771
    ],
    "roe": [
        0.04810266338440102,
        0.048638505635033726,
        0.039728347683824446,
        0.054059822522918806
    ],
    "debt_ratio": [
        0.7799783600971365,
        0.7802345305501248,
        0.7558277060833399,
        0.7443318949944357
    ],
    "current_ratio": [
        1.1047261664891594,
        1.1233384729087499,
        1.1609636414039113,
        1.1981439666360407
    ]
}