{
    "years": [
        "2020",
        "2021",
        "2022",
        "2023"
    ],
    "revenue": [
        29104351.0,
        29280000.0,
        6959578.0,
        12220038.0
    ],
    "net_income": [
        1054553.0,
        2261538.0,
        1282744.0,
        1608057.0
    ],
    "roa": [
        0.028893816710675122,
        0.08650596552174576,
        0.042448269455958726,
        0.05389553003369424
    ],
    "roe": [
        0.054596835447920315,
        0.10582975262131891,
        0.0566274639297591,
        0.06628323777357716
    ],
    "debt_ratio": [
        0.47077854469721403,
        0.18259314248534367,
        0.250394304985798,
        0.1868905043866323
    ],
    "current_ratio": [
        1.4424844558024656,
        5.452923489580835,
        3.9860768232869863,
        5.344365638846312
    ]
}