{
    "years": [
        "2021",
        "2022",
        "2023",
        "2024"
    ],
    "revenue": [
        328184898.0,
        322483035.0,
        251204508.0,
        261507511.0
    ],
    "net_income": [
        3777633.0,
        3811909.0,
        5450836.0,
        7946228.0
    ],
    "roa": [
        0.010655393793270412,
        0.010704105128772855,
        0.01822198805377188,
        0.03999790301431122
    ],
    "roe": [
        0.03852823823591737,
        0.03937174335517543,
        0.06200785190227464,
        0.08789981098432485
    ],
    "debt_ratio": [
        0.723439371195097,
        0.7281272248421837,
        0.7061341830952309,
        0.5449603068948119
    ],
    "current_ratio": [
        1.1532868664206726,
        1.1569197673448308,
        1.1227264025621875,
        1.305167091307787
    ]
}