{
    "years": [
        "2021",
        "2022",
        "2023",
        "2024"
    ],
    "revenue": [
        97097358.0,
        138828598.0,
        99093241.0,
        131736869.0
    ],
    "net_income": [
        840744.0,
        898968.0,
        858742.0,
        1150633.0
    ],
    "roa": [
        0.0033154671461479586,
        0.00347935351666559,
        0.003335096870019227,
        0.004683635023070047
    ],
    "roe": [
        0.009981986230091583,
        0.01066012651542235,
        0.01017855732365608,
        0.013539397380894816
    ],
    "debt_ratio": [
        0.6678549669650726,
        0.6736104856136654,
        0.6723409060861605,
        0.6540735978634444
    ],
    "current_ratio": [
        0.13229576393359366,
        0.14846034408426553,
        0.11414844117602982,
        0.12700337631503764
    ]
}