{
    "years": [
        "2022",
        "2023",
        "2024"
    ],
    "revenue": [
        235417546.0,
        346752453.0,
        372057657.0
    ],
    "net_income": [
        9579476.0,
        3110024.0,
        14163706.0
    ],
    "roa": [
        0.05753798366338818,
        0.010982833585713487,
        0.07744861257997286
    ],
    "roe": [
        0.06574550889172574,
        0.021794839693148126,
        0.09040809499889685
    ],
    "debt_ratio": [
        0.12483780818936668,
        0.49608101090249,
        0.1433442704337716
    ],
    "current_ratio": [
        7.433574041233287,
        1.8271807652619576,
        5.899661379820773
    ]
}