{
    "years": [
        "2021",
        "2022",
        "2023"
    ],
    "revenue": [
        17583729.0,
        15670987.0,
        11529410.0
    ],
    "net_income": [
        -6695682.0,
        -12446436.0,
        -7495028.0
    ],
    "roa": [
        -0.04764939651016353,
        -0.09723785721707595,
        -0.06425632091011095
    ],
    "roe": [
        -1.3321368202914605,
        1.677379950445846,
        0.5025096559266552
    ],
    "debt_ratio": [
        0.9642308539300504,
        1.0579700843516284,
        1.1278708183062052
    ],
    "current_ratio": [
        0.7771215811853251,
        0.7281311178751741,
        0.6890475343310251
    ]
}