{
    "years": [
        "2021",
        "2022",
        "2023",
        "2024"
    ],
    "revenue": [
        0.0,
        0.0,
        950000.0,
        3425000.0
    ],
    "net_income": [
        11710947.0,
        2600024.0,
        5980777.0,
        2731913.0
    ],
    "roa": [
        0.004038153378177806,
        0.0011290550335278351,
        0.0025684120753780926,
        0.0011598420728780256
    ],
    "roe": [
        0.011304932028038022,
        0.002509397420803562,
        0.005744143261665977,
        0.0026192145721295346
    ],
    "debt_ratio": [
        0.6427971996503344,
        0.5500692619799187,
        0.5528642030015848,
        0.5571794364541032
    ],
    "current_ratio": [
        2.2643574045307417,
        2.823181336552924,
        1.24920203189288,
        1.3212410149930955
    ]
}