{
    "years": [
        "2020",
        "2021",
        "2022",
        "2023"
    ],
    "revenue": [
        1846470514.0,
        2041008108.0,
        1807631440.0,
        2692398124.0
    ],
    "net_income": [
        22853087.0,
        44672656.0,
        30129246.0,
        121358999.0
    ],
    "roa": [
        0.00907518155209232,
        0.017460562626732252,
        0.011852284761372789,
        0.04085805400686163
    ],
    "roe": [
        0.014710755927123845,
        0.027315325618786315,
        0.01823166044194589,
        0.06863839417672761
    ],
    "debt_ratio": [
        0.3830920996140379,
        0.36077779666944104,
        0.34990645536025694,
        0.4047347042871981
    ],
    "current_ratio": [
        0.9926970451090347,
        1.1694559604261208,
        1.345785495941811,
        1.3616537269198588
    ]
}