{
    "years": [
        "2020",
        "2021",
        "2022",
        "2023"
    ],
    "revenue": [
        7709807999.0,
        10449389230.0,
        11893040369.0,
        16517174891.0
    ],
    "net_income": [
        368742918.0,
        418320815.0,
        411644254.0,
        16493206.0
    ],
    "roa": [
        0.053275061593543525,
        0.053315924059464184,
        0.04714587150826909,
        0.0014381923770390524
    ],
    "roe": [
        0.12995628233220655,
        0.1379140759778967,
        0.130581440000162,
        0.005375563178054349
    ],
    "debt_ratio": [
        0.5900539732480438,
        0.6134120199013692,
        0.6389542686295189,
        0.7324573576010697
    ],
    "current_ratio": [
        1.3187737005189024,
        1.2678457757117056,
        1.1462348814501755,
        1.1244876359696736
    ]
}