{
    "years": [
        "2020",
        "2021",
        "2022",
        "2023"
    ],
    "revenue": [
        253339302.0,
        79166243.0,
        53699930.0,
        0.0
    ],
    "net_income": [
        48122.0,
        236587.0,
        -74820665.0,
        -2401412.0
    ],
    "roa": [
        8.54747731461119e-05,
        0.0004833498898279653,
        -0.15599670535051038,
        -0.005014449619608266
    ],
    "roe": [
        0.0002624927114525605,
        0.0012888558620039576,
        -0.6880509220839558,
        -0.02258472910710214
    ],
    "debt_ratio": [
        0.6743727752549065,
        0.624977544753192,
        0.7732773834848874,
        0.7779716729906939
    ],
    "current_ratio": [
        1.3475448678354303,
        1.3500511710969103,
        1.1207284348675184,
        1.1276531200944961
    ]
}