{
    "years": [
        "2021",
        "2022",
        "2023",
        "2024"
    ],
    "revenue": [
        3467719879.0,
        4548703933.0,
        4139737619.0,
        4660199353.0
    ],
    "net_income": [
        75953901.0,
        123839937.0,
        103214087.0,
        97791438.0
    ],
    "roa": [
        0.03936826312576386,
        0.05391944336234328,
        0.04507783429624993,
        0.0373844318228055
    ],
    "roe": [
        0.18275789677306867,
        0.2526331928862202,
        0.1931135790194358,
        0.171811252532312
    ],
    "debt_ratio": [
        0.7845878956757332,
        0.7865702335218189,
        0.7665734614565188,
        0.7824098755360931
    ],
    "current_ratio": [
        1.0728506218142748,
        1.0771373441541923,
        1.1137744088927897,
        1.0808564365934008
    ]
}