{
    "years": [
        "2021",
        "2022",
        "2023",
        "2024"
    ],
    "revenue": [
        84615823.0,
        102618304.0,
        122775302.0,
        134136292.0
    ],
    "net_income": [
        12008335.0,
        31299616.0,
        41522458.0,
        56917410.0
    ],
    "roa": [
        0.04918102102791634,
        0.12628352233192122,
        0.16921660560857243,
        0.21238582268630676
    ],
    "roe": [
        0.09541974785002055,
        0.2067991792601479,
        0.22941628944875722,
        0.2571051534253347
    ],
    "debt_ratio": [
        0.48458236228816703,
        0.3893422460199424,
        0.2624037028270003,
        0.17393401160282365
    ],
    "current_ratio": [
        0.688840805441028,
        1.078846476446586,
        0.9516814799250817,
        2.3581309486215365
    ]
}