{
    "years": [
        "2021",
        "2022",
        "2023",
        "2024"
    ],
    "revenue": [
        89629642.0,
        82027462.0,
        76243119.0,
        124491375.0
    ],
    "net_income": [
        -14703177.0,
        8982942.0,
        42053960.0,
        42493944.0
    ],
    "roa": [
        -0.08166023098153866,
        0.053734884199619776,
        0.2004069464828881,
        0.13696052404374434
    ],
    "roe": [
        -0.10521052671349197,
        0.06039642931153717,
        0.22340010189378964,
        0.16022381683685621
    ],
    "debt_ratio": [
        0.22383972847208716,
        0.11029700245284013,
        0.10292365677538101,
        0.14519247670150767
    ],
    "current_ratio": [
        1.9158983436359074,
        4.577971590665345,
        6.40292722528892,
        6.737790664913934
    ]
}