{
    "years": [
        "2022",
        "2023",
        "2024"
    ],
    "revenue": [
        1218963709.0,
        508437482.0,
        311186580.0
    ],
    "net_income": [
        100427879.0,
        -56068476.0,
        27389260.0
    ],
    "roa": [
        0.06900413852523979,
        -0.042837978341136076,
        0.019859921355095445
    ],
    "roe": [
        0.07616120540652173,
        -0.04444412617628814,
        0.021237784930310078
    ],
    "debt_ratio": [
        0.09397260512199138,
        0.03613858508054035,
        0.0648779324084866
    ],
    "current_ratio": [
        8.210292151449416,
        20.538348451642097,
        10.988726962574576
    ]
}