{
    "years": [
        "2021",
        "2022",
        "2023",
        "2024"
    ],
    "revenue": [
        182447994.0,
        149380072.0,
        144413967.0,
        76522949.0
    ],
    "net_income": [
        4684402.0,
        267269.0,
        1332473.0,
        -4480788.0
    ],
    "roa": [
        0.025719335928391478,
        0.0015575142871744945,
        0.00770626693959993,
        -0.02904709745867944
    ],
    "roe": [
        0.032674571955722057,
        0.0019139813722159863,
        0.0094670643146341,
        -0.03317632191685613
    ],
    "debt_ratio": [
        0.21286387582232907,
        0.1862437588035551,
        0.1859919101122348,
        0.12446299708946111
    ],
    "current_ratio": [
        1.8298629785140081,
        2.081027241615332,
        2.2468518104608552,
        3.0625879055321397
    ]
}