{
    "years": [
        "2021",
        "2022",
        "2023",
        "2024"
    ],
    "revenue": [
        2217763060.0,
        1958363550.0,
        1815958754.0,
        3120367476.0
    ],
    "net_income": [
        586810650.0,
        514205650.0,
        584016390.0,
        743553183.0
    ],
    "roa": [
        0.053118300295351945,
        0.04832137826047091,
        0.038167084750729656,
        0.03361194862036414
    ],
    "roe": [
        0.17200725579565776,
        0.11464925967258052,
        0.11646220866239908,
        0.10778709906269858
    ],
    "debt_ratio": [
        0.6911856999889833,
        0.5785286499148025,
        0.6722792295536101,
        0.6881635287279377
    ],
    "current_ratio": [
        1.588676040149001,
        1.6838176538942482,
        1.483733614456199,
        1.5445258596783562
    ]
}