{
    "years": [
        "2021",
        "2022",
        "2023",
        "2024"
    ],
    "revenue": [
        40953605.0,
        52220965.0,
        17286549.0,
        22439004.0
    ],
    "net_income": [
        2139709.0,
        3491008.0,
        152677.0,
        1289490.0
    ],
    "roa": [
        0.023018230852703478,
        0.04012789585153223,
        0.0017140618919854165,
        0.015762718384561017
    ],
    "roe": [
        0.030122419238060995,
        0.04948226867701896,
        0.002159861006789733,
        0.018572584354178055
    ],
    "debt_ratio": [
        0.23584388522091426,
        0.18904494631288357,
        0.2064017607628008,
        0.15129105977030796
    ],
    "current_ratio": [
        1.2364898328344638,
        1.490285328194249,
        1.1984238741497126,
        1.135856161902874
    ]
}