{
    "years": [
        "2021",
        "2022",
        "2023",
        "2024"
    ],
    "revenue": [
        443595204.0,
        423631889.0,
        443846690.0,
        480125601.0
    ],
    "net_income": [
        10905825.0,
        10925824.0,
        10863545.0,
        9654233.0
    ],
    "roa": [
        0.0476691917610859,
        0.05639824234312486,
        0.06415408571783017,
        0.04947716724070463
    ],
    "roe": [
        0.0897188702197445,
        0.08902262033919843,
        0.0877823399374022,
        0.08160945411972528
    ],
    "debt_ratio": [
        0.46868265678856813,
        0.3664729017385304,
        0.2691686532441651,
        0.3937324079129475
    ],
    "current_ratio": [
        1.7043125165255057,
        2.1813098614986486,
        2.997741941862904,
        2.2320381056519922
    ]
}