{
    "years": [
        "2021",
        "2022",
        "2023",
        "2024"
    ],
    "revenue": [
        28098885085.0,
        27178348373.0,
        28395714292.0,
        31155474119.0
    ],
    "net_income": [
        5526176999.0,
        5532807109.0,
        7194170245.0,
        7920537531.0
    ],
    "roa": [
        0.18296085040993457,
        0.16507640979448415,
        0.17740303871171645,
        0.28389063655950675
    ],
    "roe": [
        0.3249603938229457,
        0.2464980203388413,
        0.27275896584595244,
        0.6992106859439134
    ],
    "debt_ratio": [
        0.4369749240591438,
        0.3303134460570244,
        0.3495977733985496,
        0.5939841277221573
    ],
    "current_ratio": [
        1.8997671589833334,
        2.5933661542702144,
        1.7424529221797183,
        0.7118919351660801
    ]
}