{
    "years": [
        "2022",
        "2023",
        "2024"
    ],
    "revenue": [
        3134478948.0,
        3137467591.0,
        2919366679.0
    ],
    "net_income": [
        346549194.0,
        374417494.0,
        219920772.0
    ],
    "roa": [
        0.1411464192577128,
        0.14367170604656004,
        0.08185616818215877
    ],
    "roe": [
        0.1567897832388896,
        0.16088374741213568,
        0.09540271317466323
    ],
    "debt_ratio": [
        0.09977285291186433,
        0.10698433895552906,
        0.1419932886783151
    ],
    "current_ratio": [
        8.921213884413863,
        7.570125481720041,
        5.600792350998284
    ]
}