{
    "years": [
        "2021",
        "2022",
        "2023",
        "2024"
    ],
    "revenue": [
        72168075.0,
        72279870.0,
        80800968.0,
        54937896.0
    ],
    "net_income": [
        102242.0,
        213853.0,
        314584.0,
        204866.0
    ],
    "roa": [
        0.0006862537583723217,
        0.0015724770768081077,
        0.002113626818512789,
        0.0016054349410510504
    ],
    "roe": [
        0.00194914311537857,
        0.0040603433940971925,
        0.005937420145800332,
        0.003851722755979396
    ],
    "debt_ratio": [
        0.6479202820163182,
        0.6127231309809588,
        0.6440159586806732,
        0.5831904208165604
    ],
    "current_ratio": [
        0.9888062280346144,
        1.1225053596387353,
        1.1059163350662373,
        1.1448335127616012
    ]
}