{
    "years": [
        "2020",
        "2021",
        "2022",
        "2023"
    ],
    "revenue": [
        690359171.0,
        431744239.0,
        515772531.0,
        494021421.0
    ],
    "net_income": [
        19297163.0,
        22591406.0,
        11279300.0,
        17441963.0
    ],
    "roa": [
        0.05171507606591772,
        0.06768028994001545,
        0.03621992948755905,
        0.05466248890843034
    ],
    "roe": [
        0.08999974530525078,
        0.10131007297176325,
        0.04861151425687927,
        0.07023323879113465
    ],
    "debt_ratio": [
        0.42538641758911117,
        0.33194905546184894,
        0.2549104869237153,
        0.22170058152963557
    ],
    "current_ratio": [
        2.0134780732420707,
        2.207131881252541,
        2.798553070676353,
        3.3618137844872993
    ]
}