{
    "years": [
        "2020",
        "2021",
        "2022",
        "2023"
    ],
    "revenue": [
        58923923.0,
        72925334.0,
        85014434.0,
        72503216.0
    ],
    "net_income": [
        1891338.0,
        3517969.0,
        731014.0,
        2191914.0
    ],
    "roa": [
        0.0382234428903157,
        0.0721062283728088,
        0.016858233023963394,
        0.045100871686730555
    ],
    "roe": [
        0.11971042217377556,
        0.18211546211688054,
        0.038954018832068976,
        0.09855652195495611
    ],
    "debt_ratio": [
        0.6807007928279687,
        0.6040631172408003,
        0.5672273739806066,
        0.5423857214914374
    ],
    "current_ratio": [
        0.9455308956947108,
        1.1393024957666213,
        1.2734750819953689,
        1.4977494003623508
    ]
}