{
    "years": [
        "2021",
        "2022",
        "2023",
        "2024"
    ],
    "revenue": [
        2318093786.0,
        2801523067.0,
        2697441781.0,
        2612354731.0
    ],
    "net_income": [
        30309334.0,
        89635903.0,
        52957500.0,
        53326745.0
    ],
    "roa": [
        0.02548905945289432,
        0.06201803628920589,
        0.048205665388131265,
        0.04495521555387926
    ],
    "roe": [
        0.11600773425364025,
        0.28481644331538636,
        0.15669338205859637,
        0.15761372372814092
    ],
    "debt_ratio": [
        0.7802813785056362,
        0.7822526130609273,
        0.692356723973802,
        0.7147760075041435
    ],
    "current_ratio": [
        0.5092449909784365,
        0.874507817958336,
        0.6832339241155013,
        0.6917603238880259
    ]
}