{
    "years": [
        "2021",
        "2022",
        "2023"
    ],
    "revenue": [
        1122055795.0,
        1292204298.0,
        785252162.0
    ],
    "net_income": [
        85872722.0,
        3294118.0,
        -26281638.0
    ],
    "roa": [
        0.06578383009529659,
        0.002659900172548423,
        -0.021528236774967194
    ],
    "roe": [
        0.11843784978366048,
        0.004936730726066472,
        -0.041028580735653616
    ],
    "debt_ratio": [
        0.44457088493705466,
        0.4612020950415905,
        0.4752868271590182
    ],
    "current_ratio": [
        0.9502939522684414,
        0.7420005993576759,
        0.7909641051982507
    ]
}