{
    "years": [
        "2021",
        "2022",
        "2023",
        "2024"
    ],
    "revenue": [
        210845236.0,
        360824685.0,
        277002950.0,
        228714557.0
    ],
    "net_income": [
        15715471.0,
        21629555.0,
        -36489905.0,
        3976580.0
    ],
    "roa": [
        0.042666992817520934,
        0.054822281124592004,
        -0.10279540709826812,
        0.0121990966518281
    ],
    "roe": [
        0.0991538640140622,
        0.12690545821161653,
        -0.2890138485199312,
        0.030534308473485216
    ],
    "debt_ratio": [
        0.5696890560768281,
        0.5680069092601586,
        0.6443235934032446,
        0.6004790263247222
    ],
    "current_ratio": [
        1.333572936874826,
        1.373487012503523,
        1.1844017990461222,
        1.148622454239585
    ]
}