{
    "years": [
        "2020",
        "2021",
        "2022",
        "2023"
    ],
    "revenue": [
        522972825.0,
        344669376.0,
        402045623.0,
        404292691.0
    ],
    "net_income": [
        24422000.0,
        3619506.0,
        6021864.0,
        11743892.0
    ],
    "roa": [
        0.046709226814089774,
        0.0072313860550590045,
        0.008628711457826356,
        0.019610608713498724
    ],
    "roe": [
        0.1343392188161774,
        0.02184996089258889,
        0.018721342594938656,
        0.03589246430781895
    ],
    "debt_ratio": [
        0.6523038675846092,
        0.6690435241231136,
        0.5390976147106489,
        0.4536288022656981
    ],
    "current_ratio": [
        1.209032566743263,
        1.028638021016922,
        1.2133929851043959,
        1.2680651276855353
    ]
}