{
    "years": [
        "2020",
        "2022",
        "2023",
        "2024"
    ],
    "revenue": [
        311249216.0,
        369970087.0,
        325068406.0,
        380351488.0
    ],
    "net_income": [
        27273143.0,
        35678380.0,
        34787080.0,
        43966359.0
    ],
    "roa": [
        0.14159997948153175,
        0.16062030850241601,
        0.14438525282045755,
        0.1597218873972722
    ],
    "roe": [
        0.19979572197794163,
        0.20476879273731086,
        0.18220747066929752,
        0.20475260893284478
    ],
    "debt_ratio": [
        0.2912762191316337,
        0.21560162388382612,
        0.20757775578525228,
        0.21992746158532156
    ],
    "current_ratio": [
        2.3858717849196176,
        3.1982706548754107,
        3.4595288041623604,
        3.2410800204297923
    ]
}