{
    "years": [
        "2021",
        "2022",
        "2023",
        "2024"
    ],
    "revenue": [
        694879558.0,
        774292792.0,
        670846723.0,
        880916670.0
    ],
    "net_income": [
        63015680.0,
        5675952.0,
        4446379.0,
        8105259.0
    ],
    "roa": [
        0.08913210889622188,
        0.008821096417940183,
        0.0068564364766024585,
        0.011116291050348713
    ],
    "roe": [
        0.2460855116036609,
        0.023003008965725515,
        0.017700932448314378,
        0.031258244435972145
    ],
    "debt_ratio": [
        0.6378002576609395,
        0.6165242368472917,
        0.6126511133454225,
        0.6443725087274565
    ],
    "current_ratio": [
        1.3799083481578276,
        1.4220867844516158,
        1.449573900740992,
        1.4048879843807103
    ]
}