{
    "years": [
        "2021",
        "2022",
        "2023",
        "2024"
    ],
    "revenue": [
        2288421.0,
        2223703.0,
        5956918.0,
        3369279.0
    ],
    "net_income": [
        -1251792.0,
        -73363.0,
        -8031064.0,
        -756335.0
    ],
    "roa": [
        -0.006705358227187516,
        -0.0004093999062235761,
        -0.04702870379419827,
        -0.004493921119570696
    ],
    "roe": [
        -0.007285097362241321,
        -0.00042713556501957505,
        -0.04905224111221671,
        -0.004640992434016769
    ],
    "debt_ratio": [
        0.07957877653888258,
        0.04152231808462519,
        0.04125269859514066,
        0.03168962598777243
    ],
    "current_ratio": [
        4.4271983544341715,
        6.463894067966763,
        5.574720866867423,
        7.097529650015808
    ]
}