{
    "years": [
        "2021",
        "2022",
        "2023",
        "2024"
    ],
    "revenue": [
        459100384.0,
        413248441.0,
        396918609.0,
        372177473.0
    ],
    "net_income": [
        27462903.0,
        21518158.0,
        20300999.0,
        13527542.0
    ],
    "roa": [
        0.09352058252165073,
        0.07652726746489376,
        0.07912536228814267,
        0.05548171368998166
    ],
    "roe": [
        0.14421996523805003,
        0.1141933677320771,
        0.1117137191877289,
        0.0787866032962838
    ],
    "debt_ratio": [
        0.3515420533676784,
        0.3298449026878368,
        0.2917131139893682,
        0.29579761826591383
    ],
    "current_ratio": [
        2.7769450147777563,
        2.9425228112055946,
        3.3357278703305915,
        3.2765598663086126
    ]
}