{
    "years": [
        "2021",
        "2022",
        "2023",
        "2024"
    ],
    "revenue": [
        282645388.0,
        331947548.0,
        347049721.0,
        327049706.0
    ],
    "net_income": [
        2685290.0,
        5380870.0,
        5686463.0,
        3072700.0
    ],
    "roa": [
        0.009755884538187865,
        0.02076147426743118,
        0.026352219058735617,
        0.012605972869699816
    ],
    "roe": [
        0.024173320536030187,
        0.04729169493565779,
        0.04984363686855035,
        0.02756470212103776
    ],
    "debt_ratio": [
        0.596419344886989,
        0.5609911149160972,
        0.47130224208492755,
        0.5426769781749695
    ],
    "current_ratio": [
        1.1862857643867268,
        1.304501772839592,
        1.492183909045076,
        1.3545828890014806
    ]
}