{
    "years": [
        "2021",
        "2022",
        "2023",
        "2024"
    ],
    "revenue": [
        1917994979.0,
        1988743988.0,
        1765089963.0,
        1534124295.0
    ],
    "net_income": [
        27931021.0,
        36073310.0,
        23166200.0,
        26481681.0
    ],
    "roa": [
        0.02793061164895567,
        0.03560261558077675,
        0.025128105617789876,
        0.02741015720586273
    ],
    "roe": [
        0.12692734836912545,
        0.15911582346752837,
        0.09959254293623117,
        0.10449559661489535
    ],
    "debt_ratio": [
        0.77994804108151,
        0.7762471713692111,
        0.7476908925412283,
        0.737690791824662
    ],
    "current_ratio": [
        1.0950398426689079,
        1.099017846928553,
        1.1040805143554475,
        1.119680183872579
    ]
}