{
    "years": [
        "2021",
        "2022",
        "2023",
        "2024"
    ],
    "revenue": [
        68554808.0,
        32220851.0,
        8628903.0,
        1875818.0
    ],
    "net_income": [
        -13749943.0,
        -22797174.0,
        -16946968.0,
        -17631725.0
    ],
    "roa": [
        -0.055198384398012015,
        -0.1030059027484853,
        -0.0832839445717396,
        -0.09595462707726272
    ],
    "roe": [
        -0.06161352860173916,
        -0.11377698966909126,
        -0.09239422568092512,
        -0.10635072408920859
    ],
    "debt_ratio": [
        0.1041190847093615,
        0.09466841188128257,
        0.09860227781600787,
        0.09775294997733586
    ],
    "current_ratio": [
        5.258762395450889,
        5.738364330155939,
        5.548068770874414,
        6.05883122185466
    ]
}