{
    "years": [
        "2021",
        "2022",
        "2023"
    ],
    "revenue": [
        72608093.0,
        82320751.0,
        154475719.0
    ],
    "net_income": [
        41467523.0,
        48851378.0,
        45191627.0
    ],
    "roa": [
        0.04383140562617063,
        0.04921796189490063,
        0.0350024643124849
    ],
    "roe": [
        0.1915195455523473,
        0.1886232186168931,
        0.07673251007209951
    ],
    "debt_ratio": [
        0.7711387341706575,
        0.7390673202599425,
        0.5438378820190316
    ],
    "current_ratio": [
        7.070565098463571,
        11.698469868417796,
        9.446465730483304
    ]
}