{
    "years": [
        "2021",
        "2022",
        "2023",
        "2024"
    ],
    "revenue": [
        23898659.0,
        50745416.0,
        131567449.0,
        14288898.0
    ],
    "net_income": [
        48838619.0,
        -30792769.0,
        25682578.0,
        11816355.0
    ],
    "roa": [
        0.03311735294696982,
        -0.026632222574476675,
        0.035636560328210526,
        0.012541942281083365
    ],
    "roe": [
        0.08583703091691046,
        -0.05950604935812313,
        0.04735279757597778,
        0.02132211738483115
    ],
    "debt_ratio": [
        0.6141833822394539,
        0.5524451234496022,
        0.24742439407024477,
        0.4117872041167039
    ],
    "current_ratio": [
        4.308120913408092,
        3.553633823904691,
        22.31753412024629,
        3.4148134031896045
    ]
}