{
    "years": [
        "2021",
        "2022",
        "2023",
        "2024"
    ],
    "revenue": [
        1220904273.0,
        1330732697.0,
        1351801275.0,
        1617723507.0
    ],
    "net_income": [
        84810.0,
        -1295134.0,
        6551912.0,
        7560955.0
    ],
    "roa": [
        3.409564438844813e-05,
        -0.0005353134972535439,
        0.002623370591910248,
        0.00295693709755061
    ],
    "roe": [
        5.76509362707483e-05,
        -0.0008932179214715641,
        0.004519451812517142,
        0.005228466137224696
    ],
    "debt_ratio": [
        0.4085847239614037,
        0.40069104707211606,
        0.4195378774380289,
        0.4344541936499619
    ],
    "current_ratio": [
        1.6021332648549653,
        1.6727948173137726,
        1.6422649209104105,
        1.6327205244549508
    ]
}