{
    "years": [
        "2021",
        "2022",
        "2023",
        "2024"
    ],
    "revenue": [
        1130312364.0,
        1193242313.0,
        904838743.0,
        919583349.0
    ],
    "net_income": [
        15860794.0,
        41690925.0,
        25114128.0,
        40785250.0
    ],
    "roa": [
        0.009740628630494007,
        0.025728246974434696,
        0.016213811916103632,
        0.0249971652279044
    ],
    "roe": [
        0.012698260694937543,
        0.03288839843742789,
        0.01991771794251606,
        0.031747301108886614
    ],
    "debt_ratio": [
        0.23291631314693859,
        0.21771055457795563,
        0.1859603613778528,
        0.2126207786240052
    ],
    "current_ratio": [
        3.6810780390381317,
        4.398859784933234,
        6.8046625920128605,
        6.0049411223256035
    ]
}