{
    "years": [
        "2021",
        "2022",
        "2023",
        "2024"
    ],
    "revenue": [
        131162018.0,
        125005867.0,
        121146539.0,
        119087670.0
    ],
    "net_income": [
        7528493.0,
        5904051.0,
        6201468.0,
        7324302.0
    ],
    "roa": [
        0.06934514395636036,
        0.05567563654341815,
        0.06307049073691946,
        0.06689550183472347
    ],
    "roe": [
        0.11117728771940903,
        0.08019612183380867,
        0.07769157891350344,
        0.08404640643733126
    ],
    "debt_ratio": [
        0.376265194278037,
        0.30575649706858143,
        0.18819398937511767,
        0.20406469865426394
    ],
    "current_ratio": [
        1.5223990261206806,
        2.099109277643484,
        3.347473965458625,
        3.4457215709056794
    ]
}