{
    "years": [
        "2022",
        "2023",
        "2024"
    ],
    "revenue": [
        143973627.0,
        157407909.0,
        181176496.0
    ],
    "net_income": [
        10979228.0,
        12608367.0,
        22114600.0
    ],
    "roa": [
        0.11593074574749745,
        0.1300704341641839,
        0.18892801492875264
    ],
    "roe": [
        0.19413986685029558,
        0.20852237634828374,
        0.30031101322395903
    ],
    "debt_ratio": [
        0.40284935995709964,
        0.37622793082439154,
        0.3708921531030956
    ],
    "current_ratio": [
        1.8567998183680214,
        2.048436500896692,
        2.211213445676682
    ]
}