{
    "years": [
        "2016",
        "2019",
        "2022",
        "2023"
    ],
    "revenue": [
        3747214654.0,
        2237110013.0,
        1671436795.0,
        1608187178.0
    ],
    "net_income": [
        42987952.0,
        -6315297.0,
        1041280.0,
        3936872.0
    ],
    "roa": [
        0.007583941886630792,
        -0.0013073308768691862,
        0.00025179723918787773,
        0.0009217880257396563
    ],
    "roe": [
        0.0769124652580274,
        -0.018568692030714824,
        0.01116120332795253,
        0.02025397353617338
    ],
    "debt_ratio": [
        0.9013951527728563,
        0.929594886128398,
        0.9774399559089415,
        0.95448853410945
    ],
    "current_ratio": [
        0.45303717591272313,
        0.5908670911268812,
        0.6575958668020895,
        0.6961225112014519
    ]
}