{
    "years": [
        "2020",
        "2021",
        "2022",
        "2023"
    ],
    "revenue": [
        17038062202.0,
        19794990050.0,
        4821896840.0,
        7036588918.0
    ],
    "net_income": [
        492202282.0,
        1253652359.0,
        -233758957.0,
        -539854180.0
    ],
    "roa": [
        0.02740935757256897,
        0.10560606606733319,
        -0.017514771966218888,
        -0.04239871207455656
    ],
    "roe": [
        0.05815784325176767,
        0.21798254693180877,
        -0.04156822026612809,
        -0.10619446853727617
    ],
    "debt_ratio": [
        0.5287074616245182,
        0.5155297176137233,
        0.578649943295965,
        0.6007446276764044
    ],
    "current_ratio": [
        0.8428407996069155,
        1.7209831691228166,
        1.2833286263862074,
        1.3729250320164863
    ]
}