{
    "years": [
        "2021",
        "2022",
        "2023",
        "2024"
    ],
    "revenue": [
        3088039225.0,
        4578404942.0,
        3751918454.0,
        4637372809.0
    ],
    "net_income": [
        9500762.0,
        144817461.0,
        33490996.0,
        134225040.0
    ],
    "roa": [
        0.0034166199929076945,
        0.04872465124381297,
        0.01237088818445513,
        0.04334890820413034
    ],
    "roe": [
        0.02620782378720954,
        0.3131381428617473,
        0.07480666419595354,
        0.2585764056294466
    ],
    "debt_ratio": [
        0.8696335864950702,
        0.8443988624364894,
        0.834628527853481,
        0.8323555155830746
    ],
    "current_ratio": [
        0.8796081635520491,
        0.9221437568359838,
        0.9297509010154504,
        0.9690165778775088
    ]
}