{
    "years": [
        "2021",
        "2022",
        "2023",
        "2024"
    ],
    "revenue": [
        74973088.0,
        77386613.0,
        79687759.0,
        83506008.0
    ],
    "net_income": [
        2160967.0,
        2350002.0,
        2351093.0,
        2915627.0
    ],
    "roa": [
        0.047049555892002874,
        0.05388591403227447,
        0.0525038347386691,
        0.06923884849518512
    ],
    "roe": [
        0.0834003872137265,
        0.09183613056179162,
        0.09333064030900866,
        0.1145464018635265
    ],
    "debt_ratio": [
        0.4358592632018476,
        0.4132384095166387,
        0.4374426815798755,
        0.3955388613805779
    ],
    "current_ratio": [
        1.634399926988773,
        1.7089403151649079,
        1.7021994702590977,
        1.7586771319106087
    ]
}