{
    "years": [
        "2021",
        "2022",
        "2023",
        "2024"
    ],
    "revenue": [
        138122719.0,
        156500888.0,
        184876865.0,
        196216632.0
    ],
    "net_income": [
        6592845.0,
        7029805.0,
        8137284.0,
        8542218.0
    ],
    "roa": [
        0.0698719028097877,
        0.06783359511748221,
        0.07214305135324364,
        0.08353931086345562
    ],
    "roe": [
        0.09550218876520197,
        0.10058705406415094,
        0.11296883623863806,
        0.1159156576752499
    ],
    "debt_ratio": [
        0.2683738067870666,
        0.3256230063739584,
        0.36138979779479236,
        0.2793095209147679
    ],
    "current_ratio": [
        2.9806223058783092,
        2.4955273498978436,
        2.2460146216728982,
        2.915907126337915
    ]
}