{
    "years": [
        "2020",
        "2021",
        "2022",
        "2023"
    ],
    "revenue": [
        55235720.0,
        47839274.0,
        59685938.0,
        61754685.0
    ],
    "net_income": [
        3293957.0,
        2709197.0,
        3059539.0,
        3057442.0
    ],
    "roa": [
        0.026641545211029554,
        0.02433373483022315,
        0.0321826085780248,
        0.037162390597225106
    ],
    "roe": [
        0.03665429962939838,
        0.032712917412253226,
        0.04357470439971009,
        0.050012053010739355
    ],
    "debt_ratio": [
        0.2731672551270944,
        0.25614293205446415,
        0.26143828119143997,
        0.2569313123529437
    ],
    "current_ratio": [
        2.4676480034768344,
        2.7092279300022057,
        2.4939842119900613,
        2.8064460717394017
    ]
}