{
    "years": [
        "2020",
        "2022",
        "2023",
        "2024"
    ],
    "revenue": [
        152206837.0,
        375378273.0,
        574147860.0,
        596586795.0
    ],
    "net_income": [
        21253244.0,
        17583851.0,
        38053689.0,
        38351599.0
    ],
    "roa": [
        0.12390961172491778,
        0.052162960034320104,
        0.0828172997242486,
        0.0727354441710437
    ],
    "roe": [
        0.15411046943505582,
        0.08836867244112052,
        0.16144347598968345,
        0.1426239850755559
    ],
    "debt_ratio": [
        0.19596889050334826,
        0.40971207789642944,
        0.4870198426008816,
        0.49001954942913944
    ],
    "current_ratio": [
        7.02316139370429,
        1.7805793493120052,
        2.182811542972304,
        1.8227937194811978
    ]
}