{
    "years": [
        "2021",
        "2022",
        "2023",
        "2024"
    ],
    "revenue": [
        284974232.0,
        202308643.0,
        139476627.0,
        139763836.0
    ],
    "net_income": [
        23723684.0,
        12665989.0,
        5407724.0,
        -7118654.0
    ],
    "roa": [
        0.14414679681457584,
        0.08876986004822984,
        0.04691602609965547,
        -0.08192658714870858
    ],
    "roe": [
        0.25095926235019733,
        0.13583140290496715,
        0.0624670148548783,
        -0.0959798389126815
    ],
    "debt_ratio": [
        0.42561674964828206,
        0.3464702701308575,
        0.24894720503853865,
        0.14641878881207523
    ],
    "current_ratio": [
        1.9487169288709913,
        2.2742276845809593,
        2.68111314776803,
        4.332295785907362
    ]
}