{
    "years": [
        "2021",
        "2022",
        "2023",
        "2024"
    ],
    "revenue": [
        4749097549.0,
        5522914527.0,
        4541917426.0,
        5280403155.0
    ],
    "net_income": [
        442365883.0,
        337685216.0,
        245245383.0,
        442490050.0
    ],
    "roa": [
        0.13812552861327226,
        0.10250914495750586,
        0.07102202478990909,
        0.09788304509486309
    ],
    "roe": [
        0.29581757501503686,
        0.1964370062946559,
        0.1355130548985357,
        0.21553930032604607
    ],
    "debt_ratio": [
        0.5330719325711086,
        0.47815767053718006,
        0.4759027103101894,
        0.545869152647357
    ],
    "current_ratio": [
        1.6282914080873616,
        1.8450478478777024,
        1.9114522923253214,
        1.746980797873589
    ]
}