{
    "years": [
        "2021",
        "2022",
        "2023",
        "2024"
    ],
    "revenue": [
        89791619000.0,
        76380750000.0,
        78516999000.0,
        83456446000.0
    ],
    "net_income": [
        10101381000.0,
        4754384000.0,
        1869927000.0,
        4272384000.0
    ],
    "roa": [
        0.08011026201348681,
        0.03363725280269818,
        0.012687494565197922,
        0.028948688305248514
    ],
    "roe": [
        0.23859659474254127,
        0.12977093840147727,
        0.04890329299647953,
        0.10483765610744697
    ],
    "debt_ratio": [
        0.6642439004633317,
        0.740795179436606,
        0.7405595045284318,
        0.7238712750733447
    ],
    "current_ratio": [
        1.2628917191803273,
        0.7298527850445119,
        0.8679354851504785,
        0.9124114887585071
    ]
}