{
    "years": [
        "2021",
        "2022",
        "2023",
        "2024"
    ],
    "revenue": [
        13583641781.0,
        15562992329.0,
        14107033218.0,
        14345267406.0
    ],
    "net_income": [
        261123629.0,
        105151058.0,
        -1529610701.0,
        -1586598650.0
    ],
    "roa": [
        0.006635722613273962,
        0.002532478926840911,
        -0.03788757576393867,
        -0.0588358541683918
    ],
    "roe": [
        0.018207960663528484,
        0.006896309574254795,
        -0.11226919259674999,
        -0.13043724325288236
    ],
    "debt_ratio": [
        0.6355592624622883,
        0.6327776617953571,
        0.6625291864347526,
        0.5489336273818278
    ],
    "current_ratio": [
        1.3427059593306845,
        0.7128471852547408,
        0.9621610032394889,
        1.3484030151169606
    ]
}