{
    "years": [
        "2021",
        "2022",
        "2023",
        "2024"
    ],
    "revenue": [
        465276910.0,
        374831981.0,
        1207223329.0,
        1273890611.0
    ],
    "net_income": [
        76900698.0,
        72364863.0,
        68295218.0,
        17139549.0
    ],
    "roa": [
        0.04334867279747338,
        0.05559960933465402,
        0.05602735803837724,
        0.00979081630454074
    ],
    "roe": [
        0.09180958279407284,
        0.08676316659413429,
        0.08210088530834934,
        0.02019599860431844
    ],
    "debt_ratio": [
        0.527841522875628,
        0.35917957449915283,
        0.31757912441561126,
        0.5152100920403507
    ],
    "current_ratio": [
        1.1122187000506274,
        0.6243463186184536,
        0.7620969232424986,
        1.1441725475364564
    ]
}