{
    "years": [
        "2021",
        "2022",
        "2023",
        "2024"
    ],
    "revenue": [
        1577929283.0,
        1347781523.0,
        1316762853.0,
        1463311871.0
    ],
    "net_income": [
        741019.0,
        -30713429.0,
        -43870592.0,
        88544838.0
    ],
    "roa": [
        0.0003678713917972394,
        -0.014982456658084689,
        -0.021432249575621048,
        0.04202780389162104
    ],
    "roe": [
        0.0005802826730942609,
        -0.025026203445262768,
        -0.03758136039500395,
        0.07138135938183973
    ],
    "debt_ratio": [
        0.3660479472260884,
        0.4013292231538727,
        0.4297106504300402,
        0.4112215814383409
    ],
    "current_ratio": [
        1.2716569078056226,
        1.0874871312848289,
        1.1162129173137572,
        1.2887767839613078
    ]
}