{
    "years": [
        "2020",
        "2022",
        "2023",
        "2024"
    ],
    "revenue": [
        88153283.0,
        82736460.0,
        83054565.0,
        83066315.0
    ],
    "net_income": [
        1724319.0,
        656229.0,
        642678.0,
        -15066851.0
    ],
    "roa": [
        0.021789638903929678,
        0.008981270813093177,
        0.007568776976026294,
        -0.23990539924008134
    ],
    "roe": [
        0.026712100438869568,
        0.010336937286972533,
        0.01012111373606246,
        -0.3152772297112901
    ],
    "debt_ratio": [
        0.18427834030517012,
        0.13114778935419086,
        0.25217943663076875,
        0.23906525231850473
    ],
    "current_ratio": [
        2.138967588737222,
        2.518220985244448,
        1.8015072530258964,
        1.5821958404796774
    ]
}