{
    "years": [
        "2021",
        "2022",
        "2023",
        "2024"
    ],
    "revenue": [
        9498887.0,
        20136175.0,
        20209682.0,
        20992985.0
    ],
    "net_income": [
        -3328059.0,
        168680.0,
        -2460215.0,
        -235215.0
    ],
    "roa": [
        -0.18446027343201155,
        0.00865875842294996,
        -0.14274568330680584,
        -0.014998615968541134
    ],
    "roe": [
        -0.19446219127191094,
        0.009759964922449996,
        -0.16597691071640844,
        -0.01612451112839084
    ],
    "debt_ratio": [
        0.05143374027866421,
        0.11282894029332288,
        0.13996662131696103,
        0.06982507257955343
    ],
    "current_ratio": [
        3.5216034914733694,
        2.6680975102866054,
        2.0418274041813724,
        4.137351738950968
    ]
}