{
    "years": [
        "2021",
        "2022",
        "2023",
        "2024"
    ],
    "revenue": [
        104139926.0,
        128518052.0,
        156298740.0,
        170499505.0
    ],
    "net_income": [
        8514228.0,
        7052036.0,
        10713819.0,
        15193860.0
    ],
    "roa": [
        0.061943818301252646,
        0.05042721724650079,
        0.06543139742554675,
        0.08897865153268399
    ],
    "roe": [
        0.06974561814859194,
        0.05679371860813094,
        0.08167704047658969,
        0.1075629849944926
    ],
    "debt_ratio": [
        0.11186078859775363,
        0.11209868833485194,
        0.1989009757974675,
        0.17277628975023485
    ],
    "current_ratio": [
        4.972335144630147,
        5.320212171899732,
        3.009074408101499,
        3.7100445452733006
    ]
}