{
    "years": [
        "2021",
        "2022",
        "2023",
        "2024"
    ],
    "revenue": [
        22553803.0,
        26905205.0,
        24645429.0,
        25944207.0
    ],
    "net_income": [
        155783.0,
        241180.0,
        834549.0,
        816494.0
    ],
    "roa": [
        0.0025137036000034596,
        0.0036771252863272777,
        0.01284349305817256,
        0.012414160919937288
    ],
    "roe": [
        0.002652700293192832,
        0.004090058135026084,
        0.013955219435574701,
        0.013469404184404675
    ],
    "debt_ratio": [
        0.05239818970354682,
        0.10096014165729522,
        0.07966384065363555,
        0.07834372255969442
    ],
    "current_ratio": [
        15.0891020506581,
        6.283089015348005,
        11.419896836150134,
        12.851964547794418
    ]
}