{
    "years": [
        "2020",
        "2021",
        "2022",
        "2023"
    ],
    "revenue": [
        1013064078.0,
        1294537981.0,
        1331150806.0,
        1248310416.0
    ],
    "net_income": [
        7853649.0,
        13010503.0,
        4556913.0,
        16020505.0
    ],
    "roa": [
        0.016877292542264593,
        0.02953088143009175,
        0.008820453893080074,
        0.028176942603567363
    ],
    "roe": [
        0.0951318940803526,
        0.14707087127802573,
        0.050948876940985786,
        0.1575648492675157
    ],
    "debt_ratio": [
        0.8225905969242104,
        0.7992064562243194,
        0.8268763823136508,
        0.8211724078399735
    ],
    "current_ratio": [
        1.1527609733363886,
        1.1932526219700998,
        1.1490880867612694,
        1.1346098086708736
    ]
}