{
    "years": [
        "2022",
        "2023",
        "2024"
    ],
    "revenue": [
        5401941231.0,
        4340774011.0,
        4081023565.0
    ],
    "net_income": [
        16710019.0,
        15330628.0,
        14996333.0
    ],
    "roa": [
        0.018433902316685045,
        0.024504806950063716,
        0.025955860588339034
    ],
    "roe": [
        0.09280568586411837,
        0.08606171572456937,
        0.08504123282551586
    ],
    "debt_ratio": [
        0.8013709812599727,
        0.7152647173745812,
        0.6947849916334796
    ],
    "current_ratio": [
        1.1343447017016126,
        1.2217442300793626,
        1.272459311883859
    ]
}