{
    "years": [
        "2021",
        "2022",
        "2023",
        "2024"
    ],
    "revenue": [
        107326517.0,
        106677724.0,
        117079833.0,
        110003321.0
    ],
    "net_income": [
        11347237.0,
        8547859.0,
        9870312.0,
        8669685.0
    ],
    "roa": [
        0.09917693255834127,
        0.07514756568597242,
        0.08343498075214993,
        0.07690646340433976
    ],
    "roe": [
        0.11391324501478337,
        0.08778449106517731,
        0.1000075403504498,
        0.08892435986314834
    ],
    "debt_ratio": [
        0.12936434612612127,
        0.14395396300495,
        0.1657131006344696,
        0.13514740479778223
    ],
    "current_ratio": [
        4.890419713342966,
        4.645938345926651,
        4.216773887550597,
        4.87707021390791
    ]
}