{
    "years": [
        "2021",
        "2022",
        "2023",
        "2024"
    ],
    "revenue": [
        4926878152.0,
        4926878152.0,
        4887887393.0,
        5273038460.0
    ],
    "net_income": [
        338664967.0,
        338664967.0,
        293547097.0,
        267025507.0
    ],
    "roa": [
        0.09207922526514654,
        0.09207922526514654,
        0.09437735488477754,
        0.08438673903151497
    ],
    "roe": [
        0.16986592279999457,
        0.16986592279999457,
        0.14326508890720122,
        0.12883040346783337
    ],
    "debt_ratio": [
        0.45792997355000103,
        0.45792997355000103,
        0.341239686481403,
        0.3449780738086035
    ],
    "current_ratio": [
        0.9235721229754519,
        0.9235721229754519,
        1.29107476807027,
        1.366421358901853
    ]
}