{
    "years": [
        "2021",
        "2022",
        "2023",
        "2024"
    ],
    "revenue": [
        304526086.0,
        525677306.0,
        557761423.0,
        600920592.0
    ],
    "net_income": [
        -26764433.0,
        86404890.0,
        71627133.0,
        86330814.0
    ],
    "roa": [
        -0.01846976618957867,
        0.05885807383602279,
        0.048627037226763266,
        0.05635262056183857
    ],
    "roe": [
        -0.024016901638135364,
        0.0756384513419289,
        0.06040168573609651,
        0.07063645917085919
    ],
    "debt_ratio": [
        0.2309679879668011,
        0.2218498291305469,
        0.1949390710845115,
        0.2022162319103527
    ],
    "current_ratio": [
        1.6606376722972978,
        2.1550767157549346,
        2.312027969507047,
        2.254378649681609
    ]
}