{
    "years": [
        "2021",
        "2022",
        "2023",
        "2024"
    ],
    "revenue": [
        13269462329.0,
        14343686248.0,
        12820166123.0,
        16969719071.0
    ],
    "net_income": [
        3188966838.0,
        2540477798.0,
        1701819140.0,
        2629828754.0
    ],
    "roa": [
        0.12146875355746527,
        0.09427863159515004,
        0.06180014120876397,
        0.0864365256329153
    ],
    "roe": [
        0.2786779059674812,
        0.18036289420910018,
        0.11073421079126744,
        0.1509946840919526
    ],
    "debt_ratio": [
        0.5641249235896031,
        0.4772836618719926,
        0.4419056155531154,
        0.4275525250923584
    ],
    "current_ratio": [
        1.2625513350741302,
        1.5407052998192106,
        1.613205679423573,
        1.635838321313249
    ]
}