{
    "years": [
        "2022",
        "2023",
        "2024"
    ],
    "revenue": [
        134722248888.0,
        119234184825.0,
        135225101299.0
    ],
    "net_income": [
        4101714425.0,
        167829155.0,
        3733288229.0
    ],
    "roa": [
        0.0734625389718236,
        0.002791976388795809,
        0.05300122257883809
    ],
    "roe": [
        0.17138620929443188,
        0.007184603203104584,
        0.13275529506630912
    ],
    "debt_ratio": [
        0.571362601026906,
        0.6113944904306823,
        0.6007600107222477
    ],
    "current_ratio": [
        1.7145059397630513,
        1.6886038681458715,
        1.5558208046685318
    ]
}