{
    "years": [
        "2021",
        "2022",
        "2023",
        "2024"
    ],
    "revenue": [
        242087657.0,
        254497185.0,
        191921089.0,
        223620676.0
    ],
    "net_income": [
        7056989.0,
        7525669.0,
        5586462.0,
        9533676.0
    ],
    "roa": [
        0.04888012968652134,
        0.04855628354686876,
        0.03839672443230196,
        0.05720087422993841
    ],
    "roe": [
        0.19396811810035405,
        0.2043275746949776,
        0.15977670178145728,
        0.24455733067298724
    ],
    "debt_ratio": [
        0.7479991548856909,
        0.7623605936724199,
        0.7596850854712157,
        0.7661044382823051
    ],
    "current_ratio": [
        1.102334689919937,
        1.0667695139784725,
        1.1046648912089305,
        1.0081135581743133
    ]
}