{
    "years": [
        "2021",
        "2022",
        "2023",
        "2024"
    ],
    "revenue": [
        1629278864.0,
        1817811173.0,
        1754554175.0,
        1458300976.0
    ],
    "net_income": [
        77605196.0,
        79842100.0,
        109929281.0,
        116383542.0
    ],
    "roa": [
        0.04691810498377725,
        0.045787640238013835,
        0.05380157178671405,
        0.05736045569556192
    ],
    "roe": [
        0.0927850271329671,
        0.08949023620064292,
        0.11126870834175251,
        0.11815512425015937
    ],
    "debt_ratio": [
        0.49433538542225686,
        0.48835043707611886,
        0.5164716784393054,
        0.5145326446094906
    ],
    "current_ratio": [
        1.4686925631913283,
        1.51079688741544,
        1.0540451716398263,
        1.1571120826076546
    ]
}