{
    "years": [
        "2021",
        "2022",
        "2023",
        "2024"
    ],
    "revenue": [
        1474911392.0,
        1909964897.0,
        2140625746.0,
        2744023280.0
    ],
    "net_income": [
        15440627.0,
        23581500.0,
        25150149.0,
        26944178.0
    ],
    "roa": [
        0.012856372618268944,
        0.015957495692563953,
        0.01580784793830891,
        0.01492683198279451
    ],
    "roe": [
        0.06745336374692484,
        0.059883779225120275,
        0.06261844183204232,
        0.06280951545098394
    ],
    "debt_ratio": [
        0.8094035359525705,
        0.7335255740527805,
        0.7475528378571069,
        0.7623476017030685
    ],
    "current_ratio": [
        1.1279127445165908,
        1.2131138536717627,
        1.1895381721858072,
        1.1874223273110325
    ]
}