{
    "years": [
        "2021",
        "2022",
        "2023",
        "2024"
    ],
    "revenue": [
        251473762.0,
        406490883.0,
        481836551.0,
        525202942.0
    ],
    "net_income": [
        -137067114.0,
        2214358.0,
        12987860.0,
        37340631.0
    ],
    "roa": [
        -0.514359947205827,
        0.007488902827735369,
        0.0441710479078847,
        0.12548488047336964
    ],
    "roe": [
        -2.4921525451291475,
        0.03870318451766351,
        0.18500775729022537,
        0.3472179612388375
    ],
    "debt_ratio": [
        0.7936081608603248,
        0.806504221265887,
        0.7612475900748708,
        0.6385991092579063
    ],
    "current_ratio": [
        0.746326347484882,
        0.8355871108468083,
        0.8516569280329637,
        1.0666647231018938
    ]
}