{
    "years": [
        "2020",
        "2021",
        "2022",
        "2023"
    ],
    "revenue": [
        94516180.0,
        121461235.0,
        141483452.0,
        162602802.0
    ],
    "net_income": [
        600520.0,
        645236.0,
        1509330.0,
        1798685.0
    ],
    "roa": [
        0.0035308621559046152,
        0.003714468310465135,
        0.008323291181303339,
        0.008492882490082352
    ],
    "roe": [
        0.004995004371793317,
        0.005503458430403994,
        0.013253543663086707,
        0.012417104933537041
    ],
    "debt_ratio": [
        0.2931213081927779,
        0.32506652726866037,
        0.37199503824135205,
        0.31603360561573884
    ],
    "current_ratio": [
        1.242551855205797,
        1.0042872334780766,
        0.9770695881964805,
        0.9949815671418916
    ]
}