{
    "years": [
        "2020",
        "2021",
        "2022",
        "2023"
    ],
    "revenue": [
        70804899.0,
        61294547.0,
        100569745.0,
        129325094.0
    ],
    "net_income": [
        24714098.0,
        18470010.0,
        23198486.0,
        21106729.0
    ],
    "roa": [
        0.13690097916217375,
        0.10214601810177992,
        0.20425684967660596,
        0.17490977947079928
    ],
    "roe": [
        0.22217822945707727,
        0.18101676897473443,
        0.21393461860483945,
        0.18307210824754644
    ],
    "debt_ratio": [
        0.3838236109059383,
        0.4357096379505202,
        0.045237040135656534,
        0.0445853213516842
    ],
    "current_ratio": [
        2.143227647353248,
        2.1588654285710405,
        21.991428391133503,
        38.37866576936743
    ]
}