{
    "years": [
        "2021",
        "2022",
        "2023",
        "2024"
    ],
    "revenue": [
        271943547.0,
        281942387.0,
        306120718.0,
        329743487.0
    ],
    "net_income": [
        1145100.0,
        4834948.0,
        2765198.0,
        2939043.0
    ],
    "roa": [
        0.0013500688262753223,
        0.005597285390884829,
        0.0032260963147014666,
        0.003957234055367541
    ],
    "roe": [
        0.0030489770353211753,
        0.012727290498049399,
        0.007284957460870658,
        0.007708538339466231
    ],
    "debt_ratio": [
        0.5572059708435595,
        0.5602139047786584,
        0.5571564649444225,
        0.4866427484563105
    ],
    "current_ratio": [
        1.1764212104063962,
        0.9384512745536261,
        0.8347399231872575,
        1.0144977344364132
    ]
}