{
    "years": [
        "2021",
        "2022",
        "2023",
        "2024"
    ],
    "revenue": [
        565231602.0,
        466361957.0,
        293035707.0,
        64726492.0
    ],
    "net_income": [
        313092617.0,
        7176524.0,
        1085765.0,
        438932.0
    ],
    "roa": [
        0.07158605101366843,
        0.0011235691253156555,
        0.00015712651790391648,
        5.661039152463585e-05
    ],
    "roe": [
        0.1710699380481755,
        0.00394355927817783,
        0.0005963597307630567,
        0.00024144712032255503
    ],
    "debt_ratio": [
        0.5815392708360666,
        0.7150875526245888,
        0.7365239304423368,
        0.7655371020826065
    ],
    "current_ratio": [
        0.8130166152508629,
        1.4890524143066115,
        1.1942726343226324,
        1.3178347791266707
    ]
}