{
    "years": [
        "2021",
        "2022",
        "2023",
        "2024"
    ],
    "revenue": [
        2666962268.0,
        3610990495.0,
        3251793344.0,
        2804842054.0
    ],
    "net_income": [
        44985967.0,
        47204007.0,
        104108495.0,
        37092704.0
    ],
    "roa": [
        0.012960500473322515,
        0.013993652257465095,
        0.039618570121456656,
        0.014431718183030073
    ],
    "roe": [
        0.09376558941869992,
        0.09656636436793495,
        0.18099440364376504,
        0.070593056941119
    ],
    "debt_ratio": [
        0.8617776462167925,
        0.8550877176638151,
        0.7811061042559397,
        0.7955646233727004
    ],
    "current_ratio": [
        0.5169440539531276,
        0.5989495103145146,
        0.5138321620641004,
        0.5555560736106158
    ]
}