{
    "years": [
        "2021",
        "2022",
        "2023",
        "2024"
    ],
    "revenue": [
        603344937.0,
        700761666.0,
        739766870.0,
        777939729.0
    ],
    "net_income": [
        15773012.0,
        21100633.0,
        14981277.0,
        14427469.0
    ],
    "roa": [
        0.15031685354367447,
        0.1544301293716797,
        0.1057048011953192,
        0.0836492812077629
    ],
    "roe": [
        0.19372996806878598,
        0.22670596519957245,
        0.1542378381528206,
        0.14101283744925872
    ],
    "debt_ratio": [
        0.22409085676252832,
        0.3188087078532201,
        0.3146636230041964,
        0.4067966951032896
    ],
    "current_ratio": [
        3.1217358513867848,
        2.4617269876842998,
        2.5124631338682994,
        2.0417250168995285
    ]
}