{
    "years": [
        "2021",
        "2022",
        "2023",
        "2024"
    ],
    "revenue": [
        843757767.0,
        931889143.0,
        942380788.0,
        1160602794.0
    ],
    "net_income": [
        26229792.0,
        24263507.0,
        8639227.0,
        -13109769.0
    ],
    "roa": [
        0.07791431300874191,
        0.05179537642328855,
        0.01942914502259659,
        -0.02755963396553788
    ],
    "roe": [
        0.09819419297399368,
        0.09148165981295601,
        0.034611757529050345,
        -0.05753562113476753
    ],
    "debt_ratio": [
        0.20652830224515215,
        0.4338168270100291,
        0.4386547690827513,
        0.5209987582999397
    ],
    "current_ratio": [
        3.6502835493075483,
        1.9264961070839555,
        1.6500856489270948,
        1.4924659441577548
    ]
}