{
    "years": [
        "2021",
        "2022",
        "2023",
        "2024"
    ],
    "revenue": [
        206496869.0,
        215477843.0,
        225759834.0,
        242337437.0
    ],
    "net_income": [
        46836572.0,
        54566014.0,
        55392364.0,
        57777537.0
    ],
    "roa": [
        0.09033052437042885,
        0.10689409263522438,
        0.10030569676876644,
        0.10543197235602553
    ],
    "roe": [
        0.11555362359967174,
        0.13267274580459143,
        0.12514792196485502,
        0.12614850440675618
    ],
    "debt_ratio": [
        0.21828046965127396,
        0.19430255259309565,
        0.19850289805902618,
        0.16422336632649867
    ],
    "current_ratio": [
        1.805207061247244,
        0.9819835329620831,
        1.9113058908996199,
        2.099524536717155
    ]
}