{
    "years": [
        "2021",
        "2022",
        "2023",
        "2024"
    ],
    "revenue": [
        3701953081.0,
        5211375178.0,
        4421981471.0,
        4563962481.0
    ],
    "net_income": [
        317748526.0,
        273554286.0,
        -950929983.0,
        99187003.0
    ],
    "roa": [
        0.08595569054192993,
        0.0531463577437419,
        -0.24533793626143832,
        0.02627119736165874
    ],
    "roe": [
        0.13977756730714797,
        0.09157239601068408,
        -0.490998880192285,
        0.04947961888755089
    ],
    "debt_ratio": [
        0.38505375220152144,
        0.41962468976413886,
        0.5003289291304308,
        0.46905012705607974
    ],
    "current_ratio": [
        1.8269227634096417,
        1.5306820085619075,
        1.251930081449214,
        1.2487021571520955
    ]
}