{
    "years": [
        "2021",
        "2022",
        "2023",
        "2024"
    ],
    "revenue": [
        141343177.0,
        413427193.0,
        633855856.0,
        758843118.0
    ],
    "net_income": [
        -76823330.0,
        5303895.0,
        46183513.0,
        54769102.0
    ],
    "roa": [
        -0.15108707720548342,
        0.010326620756127764,
        0.09970138145595973,
        0.11603528510156917
    ],
    "roe": [
        -1.0076838399269819,
        0.06504540244254736,
        0.36158570344075786,
        0.3001144645581664
    ],
    "debt_ratio": [
        0.8500649993390472,
        0.8412398052998602,
        0.7242662513832082,
        0.6133632370155891
    ],
    "current_ratio": [
        0.6095931779379559,
        0.6276642352841174,
        0.6093454014823417,
        0.6958362899678917
    ]
}