{
    "years": [
        "2020",
        "2021",
        "2022",
        "2023"
    ],
    "revenue": [
        669318885.0,
        742156297.0,
        735914902.0,
        701788880.0
    ],
    "net_income": [
        206750184.0,
        223612260.0,
        237185893.0,
        216796101.0
    ],
    "roa": [
        0.41156066120259777,
        0.4036295301607155,
        0.4738045348919095,
        0.390871414360746
    ],
    "roe": [
        0.5051813503406554,
        0.4889298317719674,
        0.5486132974193842,
        0.5002189420159724
    ],
    "debt_ratio": [
        0.18532095271317328,
        0.17446327891695354,
        0.13635973258279882,
        0.21859933415263355
    ],
    "current_ratio": [
        3.7968200474625737,
        4.415240306249199,
        5.353847071752651,
        3.526106918279975
    ]
}