{
    "years": [
        "2022",
        "2023",
        "2024"
    ],
    "revenue": [
        462139888.0,
        331457153.0,
        364973807.0
    ],
    "net_income": [
        224590182.0,
        107054977.0,
        161805894.0
    ],
    "roa": [
        0.1329109157719194,
        0.06882330401869037,
        0.10916068109001927
    ],
    "roe": [
        0.2903404204348235,
        0.13771468182089103,
        0.1928267183915388
    ],
    "debt_ratio": [
        0.5422238640666442,
        0.5002471551421032,
        0.43389234645187424
    ],
    "current_ratio": [
        0.8673287549305484,
        0.5509203273333815,
        0.5330907146696177
    ]
}