{
    "years": [
        "2020",
        "2021",
        "2022",
        "2023"
    ],
    "revenue": [
        586547170.0,
        690393083.0,
        972918136.0,
        890838185.0
    ],
    "net_income": [
        71609131.0,
        68155307.0,
        130753708.0,
        96490284.0
    ],
    "roa": [
        0.20182041461123917,
        0.16006351793424672,
        0.22003789047674946,
        0.14850361318662217
    ],
    "roe": [
        0.24959880452677272,
        0.2046820703833766,
        0.29348502352034506,
        0.1877148656740576
    ],
    "debt_ratio": [
        0.19142074821279315,
        0.21798955016215052,
        0.25025853845146573,
        0.20888730547063153
    ],
    "current_ratio": [
        2.3633854610868137,
        2.283670514940987,
        1.9897822772038845,
        2.205680092821484
    ]
}