{
    "years": [
        "2021",
        "2022",
        "2023",
        "2024"
    ],
    "revenue": [
        509428883.0,
        3423990.0,
        435756929.0,
        55616946.0
    ],
    "net_income": [
        251788064.0,
        -142960624.0,
        218145971.0,
        36176028.0
    ],
    "roa": [
        0.153356257124217,
        -0.09548416199175908,
        0.16461321663910367,
        0.0283111508771936
    ],
    "roe": [
        0.2366634240454698,
        -0.15943790114409478,
        0.20721637205197777,
        0.0332264834891021
    ],
    "debt_ratio": [
        0.35200693667495964,
        0.4011200517155353,
        0.20559743900056124,
        0.1479341806821259
    ],
    "current_ratio": [
        2.653615732504955,
        2.1729623293546507,
        3.9927596899426585,
        5.389052585948371
    ]
}