{
    "years": [
        "2021",
        "2022",
        "2023",
        "2024"
    ],
    "revenue": [
        95130424.0,
        109395144.0,
        88950963.0,
        105782426.0
    ],
    "net_income": [
        21381878.0,
        20685793.0,
        16038941.0,
        18300496.0
    ],
    "roa": [
        0.07838341951953894,
        0.0736364240681156,
        0.05505723900555173,
        0.05602736152770509
    ],
    "roe": [
        0.09510934563498323,
        0.08742205677859496,
        0.06537314372848209,
        0.07146343917469103
    ],
    "debt_ratio": [
        0.17585996416835975,
        0.157690555661403,
        0.1578003463589878,
        0.2159996471657729
    ],
    "current_ratio": [
        4.618412859727062,
        5.1185700724461665,
        4.757650218309443,
        3.40501561552481
    ]
}