{
    "years": [
        "2021",
        "2022",
        "2023",
        "2024"
    ],
    "revenue": [
        1450869482.0,
        1316681030.0,
        1488051769.0,
        1409844347.0
    ],
    "net_income": [
        83891712.0,
        15133241.0,
        -132936511.0,
        -96224095.0
    ],
    "roa": [
        0.07085895305425954,
        0.011771198407433634,
        -0.1196645105605667,
        -0.10306111461832802
    ],
    "roe": [
        0.29210099946572615,
        0.05191757723734178,
        -0.8228538610821826,
        -1.6010690566339183
    ],
    "debt_ratio": [
        0.7574162594997426,
        0.7732714230168817,
        0.8545737995284011,
        0.9356298129732122
    ],
    "current_ratio": [
        0.968261449073982,
        0.9237806956908424,
        0.7319439821033256,
        0.6078970399438424
    ]
}