{
    "years": [
        "2022",
        "2023",
        "2024"
    ],
    "revenue": [
        266100026.0,
        270142295.0,
        277709915.0
    ],
    "net_income": [
        30496570.0,
        33041579.0,
        33361405.0
    ],
    "roa": [
        0.06120157297304283,
        0.06859396405201172,
        0.07074081035473943
    ],
    "roe": [
        0.08233560447760273,
        0.08976975562865265,
        0.09064846088208003
    ],
    "debt_ratio": [
        0.25668156125955044,
        0.23589004368284203,
        0.21961377318074327
    ],
    "current_ratio": [
        1.193983022134347,
        1.6502001133088167,
        1.8758818415363943
    ]
}