{
    "years": [
        "2021",
        "2022",
        "2023",
        "2024"
    ],
    "revenue": [
        121292797.0,
        178467523.0,
        114224089.0,
        48574096.0
    ],
    "net_income": [
        4576734.0,
        9145281.0,
        3791511.0,
        66072.0
    ],
    "roa": [
        0.02257838806652034,
        0.03959931384833009,
        0.01636229435063725,
        0.00030940257482488855
    ],
    "roe": [
        0.037217563508384614,
        0.07095004434803982,
        0.030674932146017204,
        0.000551132435267401
    ],
    "debt_ratio": [
        0.3933405108200128,
        0.4418704848995049,
        0.46659069129312775,
        0.4386057596578013
    ],
    "current_ratio": [
        1.7897597082904118,
        1.648048186702438,
        1.5547370625219312,
        1.6061729513688145
    ]
}