{
    "years": [
        "2021",
        "2022",
        "2023",
        "2024"
    ],
    "revenue": [
        64960071.0,
        95575818.0,
        72655758.0,
        86951418.0
    ],
    "net_income": [
        39129400.0,
        25391115.0,
        3441333.0,
        27945069.0
    ],
    "roa": [
        0.049651152291170675,
        0.033365774024185425,
        0.004714203247488995,
        0.038407577526266605
    ],
    "roe": [
        0.09241178086280623,
        0.05578568318106115,
        0.007504062120975639,
        0.057448003066089694
    ],
    "debt_ratio": [
        0.4627183695888041,
        0.40189360205751,
        0.37177982118355934,
        0.3314375526320468
    ],
    "current_ratio": [
        0.12682206566542187,
        0.4113923303016146,
        0.2520242245698165,
        0.4382876375501589
    ]
}