{
    "years": [
        "2021",
        "2022",
        "2023",
        "2024"
    ],
    "revenue": [
        1479644750.0,
        1540164944.0,
        1831351013.0,
        1703790590.0
    ],
    "net_income": [
        113363537.0,
        88155063.0,
        178434758.0,
        206624388.0
    ],
    "roa": [
        0.1609112126175516,
        0.11615444525419068,
        0.1996329418347045,
        0.20949333235827353
    ],
    "roe": [
        0.31657761467650924,
        0.26373674021143384,
        0.4108612355102601,
        0.39064823120186587
    ],
    "debt_ratio": [
        0.4917163906804445,
        0.5595818574193667,
        0.5141110317044763,
        0.4637289622078982
    ],
    "current_ratio": [
        1.1720651612207447,
        1.1333373390522319,
        1.360995152120419,
        1.5667715314030017
    ]
}