{
    "years": [
        "2021",
        "2022",
        "2023",
        "2024"
    ],
    "revenue": [
        556302662.0,
        698301527.0,
        727048526.0,
        914853215.0
    ],
    "net_income": [
        13588642.0,
        25613903.0,
        28141147.0,
        44732601.0
    ],
    "roa": [
        0.056878759765084407,
        0.08008406075562415,
        0.09700409279573798,
        0.12820992818239604
    ],
    "roe": [
        0.07299208335443905,
        0.12961501134343117,
        0.13719135281779676,
        0.20178495002398136
    ],
    "debt_ratio": [
        0.22075440032463062,
        0.38213899821038927,
        0.2929285206147891,
        0.3646209582669135
    ],
    "current_ratio": [
        4.286662505676671,
        2.5208477469411843,
        3.3223139579748246,
        2.682911509911132
    ]
}