{
    "years": [
        "2019",
        "2020",
        "2021",
        "2022"
    ],
    "revenue": [
        134529145.0,
        17981902.0,
        175705208.0,
        84121778.0
    ],
    "net_income": [
        -15585074.0,
        -16907455.0,
        8114405.0,
        -6411644.0
    ],
    "roa": [
        -0.19712938229912028,
        -0.3536441159611921,
        0.05269460314901492,
        -0.050476585810343096
    ],
    "roe": [
        -1.7542617890953984,
        2.1072854501632365,
        89.09976831263519,
        1.0144086619994739
    ],
    "debt_ratio": [
        0.887628298396232,
        1.1678197493053435,
        0.9994085887747304,
        1.0497596163175993
    ],
    "current_ratio": [
        0.5530232439280419,
        0.18888181217522318,
        0.7619310860421343,
        0.6443762799068271
    ]
}