{
    "years": [
        "2018",
        "2019",
        "2020",
        "2021"
    ],
    "revenue": [
        0.0,
        0.0,
        0.0,
        0.0
    ],
    "net_income": [
        5741394.0,
        5824053.0,
        2373800.0,
        5269730.0
    ],
    "roa": [
        0.0999181479227649,
        0.10782494860356946,
        0.041899789182529255,
        0.08697327433459479
    ],
    "roe": [
        0.1304406204885092,
        0.1168563136687055,
        0.045463566155387644,
        0.09167463308435987
    ],
    "debt_ratio": [
        0.23399515006472307,
        0.07728606851950232,
        0.07838753697142753,
        0.0512830931697197
    ],
    "current_ratio": [
        0.19186321997496725,
        12.931645189982003,
        12.756158149599695,
        28.75316501949931
    ]
}