{
    "years": [
        "2021",
        "2022",
        "2023",
        "2024"
    ],
    "revenue": [
        342753307.0,
        562474812.0,
        524132187.0,
        804895415.0
    ],
    "net_income": [
        11957917.0,
        20916146.0,
        6298539.0,
        11897446.0
    ],
    "roa": [
        0.04205717142723704,
        0.07239612961141323,
        0.015188882660404406,
        0.032413197729974474
    ],
    "roe": [
        0.2009388706205991,
        0.28384355471049044,
        0.08947307143576137,
        0.12878802787553878
    ],
    "debt_ratio": [
        0.7906966865229033,
        0.7449435493250691,
        0.8302407370545057,
        0.7483213442689044
    ],
    "current_ratio": [
        1.1706057861477674,
        1.1519852014847394,
        1.1565207100066341,
        1.2000120291481153
    ]
}