{
    "years": [
        "2022",
        "2023",
        "2024"
    ],
    "revenue": [
        23128328991.0,
        18621212568.0,
        20707517192.0
    ],
    "net_income": [
        -124684838.0,
        117408565.0,
        453008144.0
    ],
    "roa": [
        -0.009262838025095348,
        0.00959580831309373,
        0.03350878594739521
    ],
    "roe": [
        -0.023438541038563996,
        0.021649818153125364,
        0.07715496077700938
    ],
    "debt_ratio": [
        0.6048031313103073,
        0.5567718747000893,
        0.5656949908348583
    ],
    "current_ratio": [
        1.2843846341724063,
        1.3742068161547756,
        1.3387379790725826
    ]
}