{
    "years": [
        "2021",
        "2022",
        "2023",
        "2024"
    ],
    "revenue": [
        145425010.0,
        146022879.0,
        141298911.0,
        155397641.0
    ],
    "net_income": [
        9378752.0,
        8557467.0,
        9361919.0,
        14959966.0
    ],
    "roa": [
        0.062310801674741255,
        0.052710441729618494,
        0.06152596059830775,
        0.10276793278742095
    ],
    "roe": [
        0.1444854103620485,
        0.12970294342015226,
        0.1349969342799043,
        0.19239692192519023
    ],
    "debt_ratio": [
        0.5687398366478377,
        0.5936064337501477,
        0.5442417938859333,
        0.465854589776752
    ],
    "current_ratio": [
        0.6372716604502507,
        0.6300533831794941,
        0.9779002811466305,
        1.123491565195847
    ]
}