{
    "years": [
        "2020",
        "2021",
        "2022",
        "2023"
    ],
    "revenue": [
        401540601.0,
        159041507.0,
        80579833.0,
        175941033.0
    ],
    "net_income": [
        110751000.0,
        38622174.0,
        41678143.0,
        37271845.0
    ],
    "roa": [
        0.2917502709143528,
        0.10895002572678159,
        0.10623353660476549,
        0.08639052677855666
    ],
    "roe": [
        0.38885349427511706,
        0.12807547721612456,
        0.12246797025309696,
        0.09956016406040391
    ],
    "debt_ratio": [
        0.24971673082629658,
        0.1493295352479475,
        0.13256064924388608,
        0.13227817979344758
    ],
    "current_ratio": [
        2.289206973134867,
        3.848826298995994,
        4.389273224755722,
        4.314379181163247
    ]
}