{
    "years": [
        "2019",
        "2020",
        "2021",
        "2022"
    ],
    "revenue": [
        1804265845.0,
        1674448594.0,
        1858174618.0,
        2302265651.0
    ],
    "net_income": [
        -357246585.0,
        83817799.0,
        -53420198.0,
        16592689.0
    ],
    "roa": [
        -0.1295904120045922,
        0.035722215932999915,
        -0.02672433399710907,
        0.008563738039970913
    ],
    "roe": [
        -0.3073730983814751,
        0.06726545482683846,
        -0.04468130705798282,
        0.013688356543485195
    ],
    "debt_ratio": [
        0.5783937739282572,
        0.4689366774526441,
        0.4018900574589511,
        0.37437792383873
    ],
    "current_ratio": [
        0.9053181085589161,
        0.8771804980384041,
        1.0658344022883826,
        1.3632416397452813
    ]
}