{
    "years": [
        "2021",
        "2022",
        "2023",
        "2024"
    ],
    "revenue": [
        183496713.0,
        193704335.0,
        200538155.0,
        213748261.0
    ],
    "net_income": [
        50369207.0,
        59428917.0,
        72031789.0,
        78424174.0
    ],
    "roa": [
        0.13517752680879994,
        0.16221973276952445,
        0.18940269964584575,
        0.2035223129733254
    ],
    "roe": [
        0.2371471071194481,
        0.2487052184189495,
        0.2711149641961177,
        0.27579380411870813
    ],
    "debt_ratio": [
        0.42998450012416695,
        0.34774294724985744,
        0.3013934136485486,
        0.26204900206632403
    ],
    "current_ratio": [
        3.6464741114358548,
        4.867323330339207,
        5.190889754992879,
        5.560399972774435
    ]
}