{
    "years": [
        "2020",
        "2021",
        "2022",
        "2023"
    ],
    "revenue": [
        372830821.0,
        539524918.0,
        1325467400.0,
        611497371.0
    ],
    "net_income": [
        6828412.0,
        13972677.0,
        38939604.0,
        16909915.0
    ],
    "roa": [
        0.0301715316872548,
        0.0357913538431608,
        0.03422891895807619,
        0.03856595688923777
    ],
    "roe": [
        0.060039360161125085,
        0.0666301776189968,
        0.12824075234970964,
        0.054803665400349935
    ],
    "debt_ratio": [
        0.4974707990510769,
        0.4628356831371195,
        0.7330885983518352,
        0.2962887316476552
    ],
    "current_ratio": [
        1.5855003537709287,
        1.451160000199151,
        1.1516279382538137,
        2.6055125266604438
    ]
}