{
    "years": [
        "2021",
        "2022",
        "2023",
        "2024"
    ],
    "revenue": [
        246212373.0,
        371281197.0,
        168220546.0,
        166279225.0
    ],
    "net_income": [
        -113115307.0,
        -247236311.0,
        -299150766.0,
        -289186166.0
    ],
    "roa": [
        -0.14742322586374637,
        -0.38058622877534726,
        -0.5829760659618454,
        -0.7999349255554961
    ],
    "roe": [
        0.026528137467607394,
        0.054804865111018224,
        0.06218882900457572,
        0.056708196340610424
    ],
    "debt_ratio": [
        6.557239969966224,
        7.944387656176029,
        10.374289165646635,
        15.106160611259627
    ],
    "current_ratio": [
        0.03565645044542644,
        0.04126800422831184,
        0.040863456820437245,
        0.021932925770050564
    ]
}