{
    "years": [
        "2021",
        "2022",
        "2023",
        "2024"
    ],
    "revenue": [
        106872719.0,
        117841743.0,
        129078381.0,
        133591382.0
    ],
    "net_income": [
        7262386.0,
        11312505.0,
        13250952.0,
        14688021.0
    ],
    "roa": [
        0.029100740467091907,
        0.04527589698616347,
        0.05337142095416218,
        0.057659302526704516
    ],
    "roe": [
        0.039856663474406515,
        0.06053912457398135,
        0.06948542981849418,
        0.0756185899944547
    ],
    "debt_ratio": [
        0.2698651133761208,
        0.25212170964192876,
        0.2319048598594566,
        0.2374983118445766
    ],
    "current_ratio": [
        0.8493818625230767,
        1.0090053106621575,
        1.0725021643105876,
        0.9905821015958252
    ]
}