{
    "years": [
        "2021",
        "2022",
        "2023",
        "2024"
    ],
    "revenue": [
        612338178.0,
        653998151.0,
        780739085.0,
        810799562.0
    ],
    "net_income": [
        42033877.0,
        44493860.0,
        52762593.0,
        56813617.0
    ],
    "roa": [
        0.033938434114855545,
        0.0382535399455706,
        0.04986388711448633,
        0.0502481540042452
    ],
    "roe": [
        0.06961114962896639,
        0.07191966428931724,
        0.08240582683394003,
        0.08640602950308704
    ],
    "debt_ratio": [
        0.5124569225511945,
        0.46810736224122396,
        0.3948985280498493,
        0.41846472644076327
    ],
    "current_ratio": [
        0.14402242478647145,
        0.2829270171993983,
        0.5364166232018799,
        0.6660728122191493
    ]
}