{
    "years": [
        "2021",
        "2022",
        "2023",
        "2024"
    ],
    "revenue": [
        124390633.0,
        124495591.0,
        138827736.0,
        186446647.0
    ],
    "net_income": [
        14055567.0,
        14934400.0,
        16706092.0,
        19839765.0
    ],
    "roa": [
        0.05347154601642381,
        0.05017708417766627,
        0.05604370985416699,
        0.06441677819278173
    ],
    "roe": [
        0.06922317357111774,
        0.0717915185914118,
        0.07795550154063459,
        0.08920258606755462
    ],
    "debt_ratio": [
        0.22754847462333097,
        0.30107225530024095,
        0.2810807608626057,
        0.2778597456356499
    ],
    "current_ratio": [
        2.9877172513912904,
        2.2476085302786517,
        1.9139775569913586,
        2.191011137859083
    ]
}