{
    "years": [
        "2021",
        "2022",
        "2023",
        "2024"
    ],
    "revenue": [
        444036596.0,
        194244571.0,
        4628774.0,
        5149234.0
    ],
    "net_income": [
        194792460.0,
        -72801570.0,
        11899525.0,
        -137296581.0
    ],
    "roa": [
        0.09629574008612764,
        -0.031975261470480625,
        0.005712123447306008,
        -0.07116141725595501
    ],
    "roe": [
        0.1685467589888144,
        -0.05678729490803942,
        0.009196605299796155,
        -0.11877134237598845
    ],
    "debt_ratio": [
        0.42867047302571804,
        0.4369293074751855,
        0.37888783294498696,
        0.4008536416917567
    ],
    "current_ratio": [
        3.15238951247973,
        1.320883327531602,
        1.2667434496581669,
        0.7057253855210323
    ]
}