{
    "years": [
        "2020",
        "2021",
        "2022",
        "2023"
    ],
    "revenue": [
        447289652.0,
        464069981.0,
        473808846.0,
        552277060.0
    ],
    "net_income": [
        13367613.0,
        16593272.0,
        14161067.0,
        15013374.0
    ],
    "roa": [
        0.010210103135460537,
        0.01260838952103188,
        0.010938012959513639,
        0.010445260388066133
    ],
    "roe": [
        0.022981188903616036,
        0.028369876373908594,
        0.024313061360301775,
        0.02573922320188008
    ],
    "debt_ratio": [
        0.5557191066884273,
        0.5555712208662407,
        0.5501178236084592,
        0.5941889813013792
    ],
    "current_ratio": [
        1.0727218193124544,
        1.3151285243483304,
        1.1495312354005487,
        1.1450491450440163
    ]
}