{
    "years": [
        "2017",
        "2018",
        "2019",
        "2023"
    ],
    "revenue": [
        59642531.0,
        58158346.0,
        58078664.0,
        16323542.0
    ],
    "net_income": [
        9970641.0,
        2802871.0,
        -2526139.0,
        -3680065.0
    ],
    "roa": [
        0.06119587026241612,
        0.018293132981566453,
        -0.016804974216860277,
        -0.051805454359173206
    ],
    "roe": [
        0.10224658006921003,
        0.02971493069169047,
        -0.030219116855787535,
        0.29564411440004024
    ],
    "debt_ratio": [
        0.4014873629905954,
        0.3843790796159597,
        0.4438959186975113,
        1.1752291076867998
    ],
    "current_ratio": [
        1.6062114735222182,
        1.4432289623161363,
        0.9728416413510371,
        0.09945067947501807
    ]
}