{
    "years": [
        "2021",
        "2022",
        "2023",
        "2024"
    ],
    "revenue": [
        1040002454.0,
        1101895479.0,
        1068598981.0,
        1013058487.0
    ],
    "net_income": [
        4259218.0,
        3414509.0,
        902525.0,
        1874396.0
    ],
    "roa": [
        0.005199651210745973,
        0.004125646043263888,
        0.000999689183365916,
        0.002054715094766345
    ],
    "roe": [
        0.01828595132300501,
        0.004125646043263888,
        0.0038203733653080483,
        0.007871829840442868
    ],
    "debt_ratio": [
        0.7156477604638242,
        0.0,
        0.7383268367317528,
        0.7389787207785037
    ],
    "current_ratio": [
        1.1196744101555416,
        672045389.0,
        1.1443813644788141,
        1.166077698790638
    ]
}