{
    "years": [
        "2022",
        "2023",
        "2024"
    ],
    "revenue": [
        125847368.0,
        134513548.0,
        139923833.0
    ],
    "net_income": [
        19679842.0,
        16985373.0,
        17294105.0
    ],
    "roa": [
        0.13399054224794182,
        0.10891377645657756,
        0.09729672092068942
    ],
    "roe": [
        0.1714141554022724,
        0.14518118872618677,
        0.1332483843442559
    ],
    "debt_ratio": [
        0.2183227695898588,
        0.24980793026850007,
        0.2698093759297149
    ],
    "current_ratio": [
        3.6556562736325167,
        2.5195313600498284,
        2.7736546151425223
    ]
}