{
    "years": [
        "2021",
        "2022",
        "2023",
        "2024"
    ],
    "revenue": [
        312809536.0,
        304919206.0,
        279991051.0,
        101797736.0
    ],
    "net_income": [
        60244770.0,
        22667862.0,
        9651654.0,
        964968.0
    ],
    "roa": [
        0.23389264734914508,
        0.10585660510103427,
        0.047930448261204045,
        0.005252176114037375
    ],
    "roe": [
        0.26773107652128236,
        0.12968690605218056,
        0.05646902390699955,
        0.00584236894229781
    ],
    "debt_ratio": [
        0.12638962055436787,
        0.18375255973458093,
        0.15120813244191952,
        0.10101943819184951
    ],
    "current_ratio": [
        5.903167363938465,
        4.007872715829008,
        5.285301015995388,
        8.354994438046585
    ]
}