{
    "years": [
        "2021",
        "2022",
        "2023",
        "2024"
    ],
    "revenue": [
        655909688.0,
        569573407.0,
        706481577.0,
        869476126.0
    ],
    "net_income": [
        6361437.0,
        7104542.0,
        11247533.0,
        18311183.0
    ],
    "roa": [
        0.02038951588691234,
        0.02447596382404686,
        0.030292870885774602,
        0.06195428286529784
    ],
    "roe": [
        0.036448600444107235,
        0.04049014782415627,
        0.0625247110163309,
        0.09749476575848093
    ],
    "debt_ratio": [
        0.44059536886254347,
        0.39550816336006084,
        0.5155056234028436,
        0.36453734327877474
    ],
    "current_ratio": [
        1.6320850218049567,
        1.8461151224125816,
        1.5562391921805676,
        2.1142817063173887
    ]
}