{
    "years": [
        "2022",
        "2023",
        "2024"
    ],
    "revenue": [
        268399461.0,
        235260333.0,
        367858654.0
    ],
    "net_income": [
        256431674.0,
        299669834.0,
        292659903.0
    ],
    "roa": [
        0.06314862318689274,
        0.06567793898062456,
        0.0397813803932798
    ],
    "roe": [
        0.3590438313123765,
        0.3119838951215151,
        0.2634752435028456
    ],
    "debt_ratio": [
        0.8241200163331814,
        0.7894829188056532,
        0.8490128337509245
    ],
    "current_ratio": [
        3.701861471935945,
        2.0347450993161713,
        0.6644310682808278
    ]
}