{
    "years": [
        "2021",
        "2022",
        "2023",
        "2024"
    ],
    "revenue": [
        179950322.0,
        213311869.0,
        196249578.0,
        172557725.0
    ],
    "net_income": [
        1977837.0,
        6120185.0,
        2418571.0,
        2345911.0
    ],
    "roa": [
        0.01568722688155042,
        0.04532002505114547,
        0.017753251059957623,
        0.01875000769291009
    ],
    "roe": [
        0.0233203193340696,
        0.0676350602038826,
        0.026204816816426113,
        0.026537768461176944
    ],
    "debt_ratio": [
        0.32731509132328573,
        0.32993295319719596,
        0.3225195511067548,
        0.2934595190119263
    ],
    "current_ratio": [
        2.395168952157032,
        2.1842590125492736,
        2.186591562788785,
        2.2398268269161146
    ]
}