{
    "years": [
        "2021",
        "2022",
        "2023",
        "2024"
    ],
    "revenue": [
        105001355.0,
        134307128.0,
        115836998.0,
        107631651.0
    ],
    "net_income": [
        42377203.0,
        69054095.0,
        55184437.0,
        51283996.0
    ],
    "roa": [
        0.16295479491754516,
        0.2854381832390164,
        0.23522612479494495,
        0.25152654613650705
    ],
    "roe": [
        0.25437996415827063,
        0.3892535974735969,
        0.3103861990645764,
        0.27485616476823366
    ],
    "debt_ratio": [
        0.3594039709190398,
        0.266703801604871,
        0.24215018095567528,
        0.08487937191221026
    ],
    "current_ratio": [
        0.8365921250250513,
        0.9516397868400426,
        0.8579370193705091,
        2.1881080465145923
    ]
}