{
    "years": [
        "2022",
        "2023",
        "2024"
    ],
    "revenue": [
        391277327.0,
        914023641.0,
        1441314356.0
    ],
    "net_income": [
        106500409.0,
        364190289.0,
        620095407.0
    ],
    "roa": [
        0.06319449268033196,
        0.17893385363392286,
        0.28469230190914013
    ],
    "roe": [
        0.0846638942599179,
        0.249073422333698,
        0.3527415869380633
    ],
    "debt_ratio": [
        0.25358391280319487,
        0.28160197921801994,
        0.19291540195081022
    ],
    "current_ratio": [
        3.8575212193280137,
        3.4904378635805577,
        5.173891388026673
    ]
}