{
    "years": [
        "2021",
        "2022",
        "2023",
        "2024"
    ],
    "revenue": [
        4995476207.0,
        5833535613.0,
        5304817251.0,
        5828549178.0
    ],
    "net_income": [
        467759649.0,
        479539724.0,
        559414721.0,
        735659512.0
    ],
    "roa": [
        0.09549627088966824,
        0.09469888455673048,
        0.10257528087671064,
        0.11468031881682292
    ],
    "roe": [
        0.17273393652256824,
        0.16939974062508792,
        0.17955860986207312,
        0.20065041642325976
    ],
    "debt_ratio": [
        0.4471481816939235,
        0.44097385151069307,
        0.4287364946994008,
        0.42845711032609163
    ],
    "current_ratio": [
        1.2522375751263022,
        1.3774158306871578,
        1.4973872002451911,
        1.6273919547626787
    ]
}