{
    "years": [
        "2021",
        "2022",
        "2023",
        "2024"
    ],
    "revenue": [
        637245156.0,
        755136882.0,
        801781568.0,
        1233648207.0
    ],
    "net_income": [
        2080452.0,
        1503153.0,
        -16483654.0,
        29511756.0
    ],
    "roa": [
        0.0027281303566610046,
        0.001580503259412536,
        -0.015834639260594665,
        0.023899766408058805
    ],
    "roe": [
        0.01680095804737498,
        0.008603086768666111,
        -0.10416943897860441,
        0.15718592932278008
    ],
    "debt_ratio": [
        0.8376205482468154,
        0.8162864908942922,
        0.8479915086818604,
        0.847952253035443
    ],
    "current_ratio": [
        0.8938584685659104,
        0.9697206514168402,
        0.9198724341146951,
        1.016141518805076
    ]
}