{
    "years": [
        "2022",
        "2023",
        "2024"
    ],
    "revenue": [
        153525115.0,
        147531945.0,
        167047216.0
    ],
    "net_income": [
        9085516.0,
        9012210.0,
        10487306.0
    ],
    "roa": [
        0.04885160223482984,
        0.04854881848116718,
        0.05408079101299292
    ],
    "roe": [
        0.053697357533191416,
        0.053959543391954974,
        0.06305084006375049
    ],
    "debt_ratio": [
        0.09024196945569098,
        0.10027373418423875,
        0.1422669236712466
    ],
    "current_ratio": [
        4.397642679420239,
        4.332318434426122,
        3.3978058592532037
    ]
}