{
    "years": [
        "2021",
        "2022",
        "2023",
        "2024"
    ],
    "revenue": [
        183772765.0,
        223928586.0,
        233919468.0,
        227046018.0
    ],
    "net_income": [
        6075469.0,
        6120183.0,
        6418956.0,
        6443822.0
    ],
    "roa": [
        0.05558316608361301,
        0.04837697761364596,
        0.04657445746080906,
        0.05218447543475914
    ],
    "roe": [
        0.08624470863903125,
        0.08608564010397371,
        0.08952938505248481,
        0.08943754127353278
    ],
    "debt_ratio": [
        0.3555179562812267,
        0.4380366161508872,
        0.47978579956172257,
        0.41652605056348885
    ],
    "current_ratio": [
        2.5635886423287997,
        2.107151947596693,
        1.9410948491510223,
        2.2124642348772197
    ]
}