{
    "years": [
        "2021",
        "2022",
        "2023",
        "2024"
    ],
    "revenue": [
        14967335270.0,
        11150728887.0,
        4769950330.0,
        9079619602.0
    ],
    "net_income": [
        3454752839.0,
        2181530211.0,
        485864525.0,
        -4394642204.0
    ],
    "roa": [
        0.0171168415290231,
        0.008464241407429888,
        0.002011974861354386,
        -0.018482124340692786
    ],
    "roe": [
        0.08390798167587062,
        0.04867560656247582,
        0.010724811453353552,
        -0.09292761710211615
    ],
    "debt_ratio": [
        0.796004609011524,
        0.8261091744883361,
        0.8123999783021585,
        0.8011126840755728
    ],
    "current_ratio": [
        3.1707661093098887,
        2.534274432621478,
        2.1900664198514526,
        1.9383186042693785
    ]
}