{
    "years": [
        "2021",
        "2022",
        "2023",
        "2024"
    ],
    "revenue": [
        87738858.0,
        95388915.0,
        101634733.0,
        104721245.0
    ],
    "net_income": [
        2743216.0,
        4247456.0,
        5207100.0,
        9246059.0
    ],
    "roa": [
        0.014254672709229725,
        0.02154508537029875,
        0.026679685269583742,
        0.048115471690870965
    ],
    "roe": [
        0.021240385272263535,
        0.03244086686651975,
        0.039228394779449574,
        0.06708891051693083
    ],
    "debt_ratio": [
        0.32888822276477286,
        0.3358659169328757,
        0.3198884272583,
        0.2828103583716962
    ],
    "current_ratio": [
        1.7187349261614806,
        1.6441023376611792,
        1.783435606323259,
        1.8852796108528551
    ]
}