{
    "years": [
        "2021",
        "2022",
        "2023",
        "2024"
    ],
    "revenue": [
        126669848.0,
        337305178.0,
        377060270.0,
        410702452.0
    ],
    "net_income": [
        -62148792.0,
        16320576.0,
        35833221.0,
        22912307.0
    ],
    "roa": [
        -0.057235538917811093,
        0.014847148906688947,
        0.03322090823569151,
        0.021068744319856617
    ],
    "roe": [
        -0.11455346869198654,
        0.030629290342137367,
        0.06656423841006458,
        0.0419992466009492
    ],
    "debt_ratio": [
        0.5003596174664334,
        0.5152630459001066,
        0.5009195774007612,
        0.49835423192137795
    ],
    "current_ratio": [
        1.1853449616356087,
        1.0214810194484136,
        1.0453213137895554,
        1.2881909836987175
    ]
}