{
    "years": [
        "2021",
        "2022",
        "2023",
        "2024"
    ],
    "revenue": [
        87911924.0,
        123727052.0,
        151491526.0,
        157287697.0
    ],
    "net_income": [
        26837.0,
        3331571.0,
        5328304.0,
        11347224.0
    ],
    "roa": [
        0.00020297209473660693,
        0.02490855543804793,
        0.03528793801327965,
        0.07369747959140668
    ],
    "roe": [
        0.00030734799224182524,
        0.036752214415759085,
        0.058955871204482826,
        0.11694544968847799
    ],
    "debt_ratio": [
        0.33960168974552485,
        0.3222570167808087,
        0.40145167406844345,
        0.3698131924951013
    ],
    "current_ratio": [
        1.6586952947365035,
        2.139184959918206,
        1.8345634577033514,
        2.4698805704066413
    ]
}