{
    "years": [
        "2020",
        "2021",
        "2022",
        "2023"
    ],
    "revenue": [
        34324988.0,
        70691318.0,
        108127624.0,
        116793772.0
    ],
    "net_income": [
        2477950.0,
        6841950.0,
        2135584.0,
        4104318.0
    ],
    "roa": [
        0.021124940439978302,
        0.07379046280310123,
        0.016854177504451204,
        0.02661543842476619
    ],
    "roe": [
        0.06017829551908421,
        0.14248495197345287,
        0.025682171558119173,
        0.044885265843722336
    ],
    "debt_ratio": [
        0.6489608045930946,
        0.4821175023672007,
        0.343740171413857,
        0.40703395814935045
    ],
    "current_ratio": [
        0.9860156528502365,
        1.2305363954499344,
        1.6144384351062617,
        1.6288027117414334
    ]
}