{
    "years": [
        "2021",
        "2022",
        "2023",
        "2024"
    ],
    "revenue": [
        406346976.0,
        1002023940.0,
        989181986.0,
        1018575979.0
    ],
    "net_income": [
        -467538709.0,
        72336968.0,
        119611561.0,
        176735590.0
    ],
    "roa": [
        -0.21091421145509462,
        0.0314713473579648,
        0.028936387777598757,
        0.04586654794264923
    ],
    "roe": [
        -0.36694747479375706,
        0.054065547802541955,
        0.06740937897038829,
        0.09231495612131765
    ],
    "debt_ratio": [
        0.4252196133148511,
        0.4179038475129418,
        0.5707364728829503,
        0.5031514949498245
    ],
    "current_ratio": [
        1.8312367309290158,
        1.8948947788932533,
        0.9614246679836794,
        1.0655048843323767
    ]
}