{
    "years": [
        "2021",
        "2022",
        "2023",
        "2024"
    ],
    "revenue": [
        125080246.0,
        133545354.0,
        86799553.0,
        54300931.0
    ],
    "net_income": [
        12800802.0,
        7738731.0,
        3359911.0,
        719601.0
    ],
    "roa": [
        0.0912770876042065,
        0.0440688648950948,
        0.020252887384766757,
        0.0047595326523758525
    ],
    "roe": [
        0.1084989773001643,
        0.06155549272613332,
        0.026029780903389955,
        0.0055439599861006736
    ],
    "debt_ratio": [
        0.1587285901166898,
        0.28407908143694527,
        0.221934004748801,
        0.14149224303412508
    ],
    "current_ratio": [
        5.304294551231326,
        3.0142200921492264,
        4.0064279308323725,
        6.473887536281529
    ]
}