{
    "years": [
        "2019",
        "2020",
        "2022",
        "2023"
    ],
    "revenue": [
        1209742282.0,
        907778453.0,
        1017555452.0,
        999175492.0
    ],
    "net_income": [
        82671526.0,
        204955988.0,
        59063699.0,
        141260936.0
    ],
    "roa": [
        0.01938887616487898,
        0.05450459380402152,
        0.019774157732928482,
        0.02962790267432778
    ],
    "roe": [
        0.10866464873728765,
        0.16597020412763702,
        0.0555368417502107,
        0.09072059729778321
    ],
    "debt_ratio": [
        0.8215714458180934,
        0.6716001279235305,
        0.6439452242915225,
        0.6734159214464106
    ],
    "current_ratio": [
        0.823909648527474,
        1.4254360543368259,
        1.6471135583885173,
        0.8623370786217265
    ]
}