{
    "years": [
        "2021",
        "2022",
        "2023",
        "2024"
    ],
    "revenue": [
        705612396.0,
        725818606.0,
        524026441.0,
        580761311.0
    ],
    "net_income": [
        6730806.0,
        6038965.0,
        1802370.0,
        1278333.0
    ],
    "roa": [
        0.01268651840017378,
        0.011794998395986156,
        0.004911894505313573,
        0.0037765625705520668
    ],
    "roe": [
        0.06821243685885961,
        0.0601879307519641,
        0.017836326006400817,
        0.012514442804731126
    ],
    "debt_ratio": [
        0.8140145846654938,
        0.8040305049762613,
        0.7246128769147373,
        0.6982236740796542
    ],
    "current_ratio": [
        1.2103553810799574,
        1.2244302886390077,
        1.352290954625172,
        1.4014851286751473
    ]
}