{
    "years": [
        "2019",
        "2020",
        "2022",
        "2023"
    ],
    "revenue": [
        844364.0,
        237694.0,
        3395840.0,
        0.0
    ],
    "net_income": [
        -1114675.0,
        225950.0,
        -28759.0,
        87673.0
    ],
    "roa": [
        -4.818424283293564,
        1.2739051012584006,
        -1.5729052723692847,
        0.43655765132352065
    ],
    "roe": [
        1.1004136392355077,
        -0.28709927446919353,
        0.07084736493327651,
        -0.2754794882107486
    ],
    "debt_ratio": [
        5.37873914998098,
        5.437158901267422,
        23.201323561583898,
        2.5847192622542674
    ],
    "current_ratio": [
        0.18591717726328783,
        0.18391958339987016,
        0.04310098936147643,
        0.3868892125359287
    ]
}