{
    "years": [
        "2020",
        "2021",
        "2022",
        "2023"
    ],
    "revenue": [
        966483806.0,
        1126407919.0,
        1194003443.0,
        1008957298.0
    ],
    "net_income": [
        102907124.0,
        123362622.0,
        142394151.0,
        122318809.0
    ],
    "roa": [
        0.08928067042577222,
        0.0996305692856711,
        0.11426041128246357,
        0.09701519326890423
    ],
    "roe": [
        0.1448346167780473,
        0.1660279146694628,
        0.16330273433139111,
        0.1383440741195592
    ],
    "debt_ratio": [
        0.38356815233894714,
        0.39991675807034655,
        0.30031538204011754,
        0.29873979867715816
    ],
    "current_ratio": [
        1.8076063289841702,
        1.8101842501963987,
        2.4706312692504278,
        2.49543694197495
    ]
}