{
    "years": [
        "2022",
        "2023",
        "2024"
    ],
    "revenue": [
        3835776646.0,
        3593413240.0,
        3849053470.0
    ],
    "net_income": [
        157931359.0,
        115202344.0,
        126626970.0
    ],
    "roa": [
        0.06537041114238189,
        0.04734007561929268,
        0.04995577782143081
    ],
    "roe": [
        0.17080980288026176,
        0.12197587563630036,
        0.1306934392492061
    ],
    "debt_ratio": [
        0.6172912207608672,
        0.6118898481167849,
        0.6177636910589277
    ],
    "current_ratio": [
        1.1506587395899692,
        1.17633844002328,
        1.1814558830281587
    ]
}