{
    "years": [
        "2021",
        "2022",
        "2023",
        "2024"
    ],
    "revenue": [
        118524498.0,
        74638273.0,
        118453665.0,
        102203576.0
    ],
    "net_income": [
        3689443.0,
        3613644.0,
        4830740.0,
        4126149.0
    ],
    "roa": [
        0.03981671487806616,
        0.04989015078029311,
        0.06583559170697832,
        0.05670281154846969
    ],
    "roe": [
        0.07655854608271082,
        0.07520966864546134,
        0.09832818234327713,
        0.08469364422400352
    ],
    "debt_ratio": [
        0.47991808994060886,
        0.33665243207657963,
        0.33045043508343047,
        0.33049507943597006
    ],
    "current_ratio": [
        1.7596249845343528,
        2.2898914564808264,
        2.408538739259578,
        2.5794203520336985
    ]
}