{
    "years": [
        "2021",
        "2022",
        "2023",
        "2024"
    ],
    "revenue": [
        0.0,
        0.0,
        0.0,
        2176403.0
    ],
    "net_income": [
        -2015464.0,
        -4266847.0,
        -6799413.0,
        -17308428.0
    ],
    "roa": [
        -0.0012650155842347448,
        -0.0013477082393289976,
        -0.0015324918460451096,
        -0.00243064897553223
    ],
    "roe": [
        -0.0013255771289046347,
        -0.0020355387157551014,
        -0.0032544328655442125,
        -0.007047965239451277
    ],
    "debt_ratio": [
        0.045686926357830004,
        0.3379107806215059,
        0.5291063268595515,
        0.6551275590965501
    ],
    "current_ratio": [
        0.8396532716669008,
        0.7179116116104286,
        0.44818282160482414,
        1.3598555136685793
    ]
}