{
    "years": [
        "2021",
        "2022",
        "2023",
        "2024"
    ],
    "revenue": [
        1123697020.0,
        968781065.0,
        683231558.0,
        1068182064.0
    ],
    "net_income": [
        61731209.0,
        9549576.0,
        -288943.0,
        4216841.0
    ],
    "roa": [
        0.08877587430256577,
        0.012504443497428309,
        -0.0004102100409343319,
        0.004765661325481536
    ],
    "roe": [
        0.17113029381389883,
        0.025790430710160562,
        -0.0007809544680784851,
        0.00974156839218541
    ],
    "debt_ratio": [
        0.4812381120603464,
        0.5151518158825483,
        0.4747324489433535,
        0.5107911648698681
    ],
    "current_ratio": [
        1.553524521150656,
        1.318657418744049,
        1.0199131181619459,
        1.6972235979075967
    ]
}