{
    "years": [
        "2021",
        "2022",
        "2023"
    ],
    "revenue": [
        1594599567.0,
        3149890476.0,
        1710610590.0
    ],
    "net_income": [
        256386920.0,
        963253159.0,
        285591665.0
    ],
    "roa": [
        0.25492216553320657,
        0.8064071160495985,
        0.23704820884706768
    ],
    "roe": [
        0.4920015880564352,
        1.23409838094203,
        0.5492079270378128
    ],
    "debt_ratio": [
        0.4818671896157261,
        0.3465617259508598,
        0.5683816689871868
    ],
    "current_ratio": [
        1.201155537482883,
        1.903279225348478,
        1.237510844102248
    ]
}