{
    "years": [
        "2021",
        "2022",
        "2023",
        "2024"
    ],
    "revenue": [
        940761480.0,
        1057134167.0,
        1341155657.0,
        1066796488.0
    ],
    "net_income": [
        27669238.0,
        60191555.0,
        39361564.0,
        21675460.0
    ],
    "roa": [
        0.010397684302866734,
        0.020776972031788018,
        0.01242790093414363,
        0.006842829890878329
    ],
    "roe": [
        0.022948691589310278,
        0.04756954937935722,
        0.03153846280813501,
        0.017070987812321567
    ],
    "debt_ratio": [
        0.5469160295086245,
        0.5632295806273881,
        0.6059446203910107,
        0.5991544270250556
    ],
    "current_ratio": [
        1.070148647408601,
        1.2689863559888017,
        0.9887838747553553,
        0.796563903572497
    ]
}