{
    "years": [
        "2021",
        "2022",
        "2023",
        "2024"
    ],
    "revenue": [
        329986169.0,
        355551317.0,
        359733250.0,
        370255844.0
    ],
    "net_income": [
        5800459.0,
        6752091.0,
        8020425.0,
        8139394.0
    ],
    "roa": [
        0.056787345303197616,
        0.04864261626203044,
        0.06412671387651181,
        0.053438244487836815
    ],
    "roe": [
        0.09171094044071873,
        0.10428497028567087,
        0.11962779411369667,
        0.11840055416748613
    ],
    "debt_ratio": [
        0.3808007525568388,
        0.5335606259580619,
        0.46394803689546854,
        0.5486655880660444
    ],
    "current_ratio": [
        1.630012674770922,
        1.3762021542591176,
        1.5651772959392853,
        1.4079383207210676
    ]
}