{
    "years": [
        "2021",
        "2022",
        "2023",
        "2024"
    ],
    "revenue": [
        859542793.0,
        819324211.0,
        727301690.0,
        813040461.0
    ],
    "net_income": [
        15926762.0,
        13690316.0,
        16672873.0,
        18161067.0
    ],
    "roa": [
        0.047366975414224397,
        0.045573227850623406,
        0.056577834514175994,
        0.06294350512520304
    ],
    "roe": [
        0.08264677032824003,
        0.0718378816061272,
        0.08693308280063537,
        0.09437118073469415
    ],
    "debt_ratio": [
        0.4268744534589597,
        0.3656100815932693,
        0.34917947585125236,
        0.33302196035719617
    ],
    "current_ratio": [
        1.8225896554479961,
        2.187468013596765,
        2.377381328752565,
        2.5473085300236336
    ]
}