{
    "years": [
        "2021",
        "2022",
        "2023",
        "2024"
    ],
    "revenue": [
        9828463180.0,
        8357602470.0,
        7775239784.0,
        10088901621.0
    ],
    "net_income": [
        764289967.0,
        536931904.0,
        303032990.0,
        709975394.0
    ],
    "roa": [
        0.04089947655708992,
        0.02468151593954637,
        0.014975835017210693,
        0.033828254802361964
    ],
    "roe": [
        0.12168602424382693,
        0.07485723010223001,
        0.041680389266099134,
        0.09201316987946002
    ],
    "debt_ratio": [
        0.6638933944037971,
        0.6702854766888964,
        0.6406982928686001,
        0.6323542070479913
    ],
    "current_ratio": [
        1.136363213753918,
        1.3299062659380807,
        1.4568300963574987,
        1.5923091494154809
    ]
}