{
    "years": [
        "2020",
        "2021",
        "2022",
        "2023"
    ],
    "revenue": [
        755968124.0,
        626318135.0,
        765790174.0,
        907354338.0
    ],
    "net_income": [
        17452792.0,
        12402672.0,
        13227768.0,
        19496361.0
    ],
    "roa": [
        0.017739169804622736,
        0.016070293402599137,
        0.01292851483460943,
        0.01666293909820922
    ],
    "roe": [
        0.07105645511393739,
        0.05039822702451056,
        0.053637855284288154,
        0.07744088034891349
    ],
    "debt_ratio": [
        0.7503510444451755,
        0.6811337550667498,
        0.7589665961458285,
        0.7848301953292166
    ],
    "current_ratio": [
        1.0473759833516783,
        1.1192429358947682,
        1.2106408998278362,
        1.1264646262482598
    ]
}