{
    "years": [
        "2021",
        "2022",
        "2023",
        "2024"
    ],
    "revenue": [
        3061331154.0,
        3518885908.0,
        3230271714.0,
        3216594822.0
    ],
    "net_income": [
        65809337.0,
        29698172.0,
        20939057.0,
        27718815.0
    ],
    "roa": [
        0.23139654071520466,
        0.11020580519910854,
        0.09179996894268065,
        0.08548159639474774
    ],
    "roe": [
        0.32356852427813526,
        0.14818280942571133,
        0.11216664282616402,
        0.14225488862092528
    ],
    "debt_ratio": [
        0.28486078418338606,
        0.25628481720507423,
        0.1815751400801721,
        0.39909554445938633
    ],
    "current_ratio": [
        3.0655479465708684,
        3.436748208281063,
        4.724991234724692,
        2.2628410815361244
    ]
}