{
    "years": [
        "2022",
        "2023",
        "2024"
    ],
    "revenue": [
        229100986.0,
        203933471.0,
        26592895.0
    ],
    "net_income": [
        -2183966.0,
        207483.0,
        60625.0
    ],
    "roa": [
        -0.036317175536030484,
        0.005949797545494517,
        0.0024741588645469745
    ],
    "roe": [
        -0.10392216641500203,
        0.009776381004579773,
        0.0028484494732518026
    ],
    "debt_ratio": [
        0.6505348494083376,
        0.39141104027069756,
        0.1314015264162422
    ],
    "current_ratio": [
        1.1463845884579487,
        1.7447760871835019,
        2.9617556836288057
    ]
}