{
    "years": [
        "2020",
        "2021",
        "2022",
        "2023"
    ],
    "revenue": [
        287862391.0,
        392828338.0,
        421037037.0,
        309092519.0
    ],
    "net_income": [
        3944204.0,
        3916342.0,
        97143.0,
        994298.0
    ],
    "roa": [
        0.0173139530452145,
        0.015366919616538119,
        0.0003868367247255324,
        0.003653809607620371
    ],
    "roe": [
        0.02396928793614844,
        0.023270870406903055,
        0.0005774660001533323,
        0.005976055341160541
    ],
    "debt_ratio": [
        0.27766093463698316,
        0.33964998524594564,
        0.3301134185859996,
        0.38859173835716077
    ],
    "current_ratio": [
        2.2845589323822786,
        2.5328428263303975,
        2.1279509761487208,
        1.4627183672362047
    ]
}