{
    "years": [
        "2021",
        "2022",
        "2023",
        "2024"
    ],
    "revenue": [
        125604904.0,
        151962810.0,
        124650436.0,
        195093629.0
    ],
    "net_income": [
        12551311.0,
        14183284.0,
        12297858.0,
        12857135.0
    ],
    "roa": [
        0.05371711491227925,
        0.055137549706965515,
        0.0454904942486449,
        0.04533211106335919
    ],
    "roe": [
        0.06450840856112634,
        0.05962501706150224,
        0.04922577702153103,
        0.0490282711653095
    ],
    "debt_ratio": [
        0.16728507011022548,
        0.07526148545849429,
        0.07588062594222414,
        0.07538834256439314
    ],
    "current_ratio": [
        3.237520177957155,
        6.80467645477085,
        4.814349355290753,
        4.954585821702506
    ]
}