{
    "years": [
        "2020",
        "2021",
        "2022",
        "2023"
    ],
    "revenue": [
        55784844.0,
        51183551.0,
        70648362.0,
        68229808.0
    ],
    "net_income": [
        133286.0,
        75319.0,
        -831832.0,
        -9988312.0
    ],
    "roa": [
        0.0015595143220808114,
        0.0009362367333108179,
        -0.010936110278028403,
        -0.15917579220271746
    ],
    "roe": [
        0.0021216421089051887,
        0.0012000326237310685,
        -0.014024550854398308,
        -0.20250308129387154
    ],
    "debt_ratio": [
        0.26494939201336215,
        0.21982393245282986,
        0.2202167191258979,
        0.21395866578581946
    ],
    "current_ratio": [
        3.089041499635451,
        3.6569538763991516,
        3.9160236883118458,
        3.904767563527771
    ]
}