{
    "years": [
        "2021",
        "2022",
        "2023",
        "2024"
    ],
    "revenue": [
        263034061.0,
        281350536.0,
        235118965.0,
        307927199.0
    ],
    "net_income": [
        2085101.0,
        414348.0,
        2494999.0,
        9473510.0
    ],
    "roa": [
        0.009379551701817649,
        0.0018625253157564276,
        0.011261821119716424,
        0.04586280179232424
    ],
    "roe": [
        0.015272131289610491,
        0.0032432084140636653,
        0.01925637737322115,
        0.07094625519235087
    ],
    "debt_ratio": [
        0.38583871995662566,
        0.42571519373226885,
        0.41516408297140783,
        0.3535557068096107
    ],
    "current_ratio": [
        1.7234234825915642,
        1.6240376976323867,
        1.763804778296109,
        2.300488285387363
    ]
}