{
    "years": [
        "2020",
        "2021",
        "2022",
        "2023"
    ],
    "revenue": [
        3911211875.0,
        0.0,
        1504574749.0,
        617515216.0
    ],
    "net_income": [
        1220252488.0,
        1860606786.0,
        1160632130.0,
        682501991.0
    ],
    "roa": [
        0.07813371564633648,
        0.09053219847761686,
        0.0508084365342269,
        0.032395468759163513
    ],
    "roe": [
        0.2349224677935993,
        0.22844916517529693,
        0.12533107275740588,
        0.07124690140470023
    ],
    "debt_ratio": [
        0.6674063729188132,
        0.603709655020414,
        0.5946062264018673,
        0.5453069800867669
    ],
    "current_ratio": [
        2.491674869949486,
        1.756586794115867,
        1.6517257246584167,
        1.8433467070579181
    ]
}