{
    "years": [
        "2022",
        "2023",
        "2024"
    ],
    "revenue": [
        972995103.0,
        1076582474.0,
        1362277290.0
    ],
    "net_income": [
        125284399.0,
        64067633.0,
        224355522.0
    ],
    "roa": [
        0.13599190820113022,
        0.0488548836338376,
        0.10364322564140233
    ],
    "roe": [
        0.2805165338930922,
        0.10777233817348145,
        0.22454062498323304
    ],
    "debt_ratio": [
        0.5152089386183627,
        0.5466843861622844,
        0.538421051205582
    ],
    "current_ratio": [
        1.6779907012270685,
        1.3196773535805495,
        1.6926020782085514
    ]
}