{
    "years": [
        "2019",
        "2020",
        "2021",
        "2022"
    ],
    "revenue": [
        170826080.0,
        114450098.0,
        27320200.0,
        7251181.0
    ],
    "net_income": [
        1068299.0,
        -5995514.0,
        -246851.0,
        -48394774.0
    ],
    "roa": [
        0.004309178884731023,
        -0.024215257355240525,
        -0.001188225885865621,
        -0.45290540007165847
    ],
    "roe": [
        0.016516229131254192,
        -0.10216213978941341,
        -0.004224050174360077,
        -4.817971420968224
    ],
    "debt_ratio": [
        0.7390942659800823,
        0.7629722967318874,
        0.7186998646279973,
        0.90599666114652
    ],
    "current_ratio": [
        1.244117828135143,
        1.2117029912489052,
        1.234684173571917,
        1.1770274214029413
    ]
}