{
    "years": [
        "2021",
        "2022",
        "2023",
        "2024"
    ],
    "revenue": [
        3806852937.0,
        7880406625.0,
        7578434057.0,
        7190238222.0
    ],
    "net_income": [
        13824273.0,
        2069214.0,
        -586639.0,
        -36034572.0
    ],
    "roa": [
        0.00958850489809084,
        0.0015434888543732147,
        -0.0003493242826384016,
        -0.02985073125869825
    ],
    "roe": [
        0.019834897254348595,
        0.003014553450853571,
        -0.0008553770631555982,
        -0.05545568045260523
    ],
    "debt_ratio": [
        0.5165840903971075,
        0.48798756448117525,
        0.5916136898156954,
        0.4617191419333508
    ],
    "current_ratio": [
        0.6832791884904346,
        0.6917732025301854,
        0.832255748403397,
        0.6782983557109822
    ]
}