{
    "years": [
        "2021",
        "2022",
        "2023",
        "2024"
    ],
    "revenue": [
        131641832.0,
        157292883.0,
        133985000.0,
        268459796.0
    ],
    "net_income": [
        -8585883.0,
        413813.0,
        -15450781.0,
        1010428.0
    ],
    "roa": [
        -0.031523520104767895,
        0.001761780338480674,
        -0.0605035264039021,
        0.003709071013398299
    ],
    "roe": [
        -0.11967080796583573,
        0.005734686429214685,
        -0.2724578953037263,
        0.017505893695461055
    ],
    "debt_ratio": [
        0.7365813715090199,
        0.6927852359101115,
        0.7779343985005283,
        0.7881244409498505
    ],
    "current_ratio": [
        1.2940268168549458,
        1.1967274370897518,
        1.2506303799006606,
        1.213800082137154
    ]
}