{
    "years": [
        "2022",
        "2023",
        "2024"
    ],
    "revenue": [
        1161576578.0,
        1093541368.0,
        1320332927.0
    ],
    "net_income": [
        16976792.0,
        15144672.0,
        19892650.0
    ],
    "roa": [
        0.09408921922083462,
        0.07030757358304203,
        0.07556536483735272
    ],
    "roe": [
        0.18414152498991748,
        0.16186752116042832,
        0.19637961351638333
    ],
    "debt_ratio": [
        0.48903855756605474,
        0.5656474314364797,
        0.615207691448845
    ],
    "current_ratio": [
        1.2966724933316744,
        1.2232822847837244,
        1.1768394333874859
    ]
}