{
    "years": [
        "2021",
        "2022",
        "2023",
        "2024"
    ],
    "revenue": [
        17920843438.0,
        17773883972.0,
        17482769423.0,
        19372179486.0
    ],
    "net_income": [
        311458745.0,
        167418484.0,
        138997251.0,
        219877349.0
    ],
    "roa": [
        0.03667180001484977,
        0.018520777242143502,
        0.014662968307674901,
        0.021630818886799814
    ],
    "roe": [
        0.16056825990885296,
        0.08117609184651664,
        0.06357764664313212,
        0.09403498580384329
    ],
    "debt_ratio": [
        0.7716123968979509,
        0.7718444332456706,
        0.7693691244978026,
        0.7699705199943174
    ],
    "current_ratio": [
        1.1225601637133429,
        1.1305595218313056,
        1.1406562818257924,
        1.1566312545236772
    ]
}