{
    "years": [
        "2020",
        "2021",
        "2023"
    ],
    "revenue": [
        2221.0,
        15876.0,
        42691518.0
    ],
    "net_income": [
        837277.0,
        -495295.0,
        10446075.0
    ],
    "roa": [
        0.00411638774059154,
        -0.0025015170366595695,
        0.03634404230023696
    ],
    "roe": [
        -0.004835878242051463,
        0.0028525254890382668,
        -0.07367113938813787
    ],
    "debt_ratio": [
        1.8512182347348136,
        1.8769481802257129,
        1.4933280875263466
    ],
    "current_ratio": [
        0.5212609210585765,
        0.5136960431180236,
        0.603136031142222
    ]
}