{
    "years": [
        "2021",
        "2022",
        "2023",
        "2024"
    ],
    "revenue": [
        3419698259.0,
        4088763575.0,
        3623660091.0,
        4362937806.0
    ],
    "net_income": [
        125817844.0,
        126617797.0,
        101908851.0,
        115725252.0
    ],
    "roa": [
        0.05182751479830659,
        0.050213430303301186,
        0.04018616737626396,
        0.03883451575599569
    ],
    "roe": [
        0.1448258508135617,
        0.15684379277964258,
        0.11727613308635966,
        0.13094182304413812
    ],
    "debt_ratio": [
        0.6421390621414296,
        0.6798507010484728,
        0.6573372064828253,
        0.7034216047006977
    ],
    "current_ratio": [
        1.2400465566818086,
        1.1518231129058334,
        1.1837591624325732,
        0.9502553100385503
    ]
}