{
    "years": [
        "2021",
        "2022",
        "2023",
        "2024"
    ],
    "revenue": [
        8996079897.0,
        11274428298.0,
        9890691872.0,
        10937645850.0
    ],
    "net_income": [
        254019784.0,
        412712909.0,
        265787886.0,
        249168382.0
    ],
    "roa": [
        0.07598307742657585,
        0.11426866620610386,
        0.07903465583364139,
        0.06612351344913654
    ],
    "roe": [
        0.18361885675402276,
        0.26537326138634026,
        0.18964271952177375,
        0.16863806661090003
    ],
    "debt_ratio": [
        0.5861913162417552,
        0.5694039949271781,
        0.5832444502328124,
        0.6078968718154019
    ],
    "current_ratio": [
        1.476306572545901,
        1.5517867610297982,
        1.506711882933066,
        1.4748829671718717
    ]
}