{
    "years": [
        "2020",
        "2021",
        "2022",
        "2023"
    ],
    "revenue": [
        2920923860.0,
        3037019230.0,
        3070862700.0,
        3226157799.0
    ],
    "net_income": [
        175461410.0,
        352038760.0,
        203726230.0,
        229086496.0
    ],
    "roa": [
        0.02867710892282888,
        0.05529522991232543,
        0.030128221060058528,
        0.030755148527698145
    ],
    "roe": [
        0.11371570212825334,
        0.19052375019451442,
        0.11415010566742426,
        0.12285946968160405
    ],
    "debt_ratio": [
        0.747817509929406,
        0.7097725094332229,
        0.7360648868093302,
        0.7496721367314907
    ],
    "current_ratio": [
        6.986882022381052,
        7.834063227796109,
        6.609208189159566,
        1.1225042362418767
    ]
}