{
    "years": [
        "2021",
        "2022",
        "2023",
        "2024"
    ],
    "revenue": [
        170559004.0,
        269737040.0,
        214967800.0,
        221001048.0
    ],
    "net_income": [
        11100142.0,
        12879518.0,
        5223107.0,
        755384.0
    ],
    "roa": [
        0.07208908174167332,
        0.0667265393983334,
        0.024855087056359228,
        0.0039294093346370325
    ],
    "roe": [
        0.12392297796458822,
        0.12571217808803734,
        0.048799690483816174,
        0.007008121503101526
    ],
    "debt_ratio": [
        0.4182751017953004,
        0.46921181055661754,
        0.4906712151257985,
        0.43930633438675015
    ],
    "current_ratio": [
        2.301293137866936,
        1.8688679784590514,
        1.7366199688381154,
        1.9589428237013868
    ]
}