{
    "years": [
        "2021",
        "2022",
        "2023",
        "2024"
    ],
    "revenue": [
        5863290406.0,
        7024162697.0,
        5905226560.0,
        6659744464.0
    ],
    "net_income": [
        79186311.0,
        98858816.0,
        106160236.0,
        115966504.0
    ],
    "roa": [
        0.03285720390658878,
        0.041373019545546584,
        0.038778049651384754,
        0.04081289339321134
    ],
    "roe": [
        0.07865542018499402,
        0.09701630522697728,
        0.10513278902279855,
        0.11428178861418817
    ],
    "debt_ratio": [
        0.5822639580424324,
        0.5735457101901464,
        0.6311517081224246,
        0.642874915696372
    ],
    "current_ratio": [
        1.0044696811240097,
        1.018086989788321,
        1.0328960883663088,
        1.0606171615631999
    ]
}