{
    "years": [
        "2021",
        "2022",
        "2023",
        "2024"
    ],
    "revenue": [
        828139.0,
        17446801.0,
        22772448.0,
        36226260.0
    ],
    "net_income": [
        865383.0,
        -2260755.0,
        11160753.0,
        5541040.0
    ],
    "roa": [
        0.01625162700217114,
        -0.04130118419363012,
        0.17821492240413467,
        0.07963849415028511
    ],
    "roe": [
        0.026951918284563593,
        -0.09491304963696967,
        0.2903921874784936,
        0.12455506334818947
    ],
    "debt_ratio": [
        0.3970140889200056,
        0.5648524164843308,
        0.38629574042058823,
        0.3606161643733552
    ],
    "current_ratio": [
        1.3167753563923381,
        0.8407442741024389,
        1.5769738650898326,
        1.8237469310737617
    ]
}