{
    "years": [
        "2021",
        "2022",
        "2023",
        "2024"
    ],
    "revenue": [
        376789645.0,
        474395343.0,
        432058465.0,
        456806434.0
    ],
    "net_income": [
        30419699.0,
        36736074.0,
        51039636.0,
        58258456.0
    ],
    "roa": [
        0.1788371194658829,
        0.24978503204559535,
        0.29438252876141857,
        0.27955240276451737
    ],
    "roe": [
        0.2752790596685573,
        0.29293760171329875,
        0.3478782844810772,
        0.38076166953031954
    ],
    "debt_ratio": [
        0.3503424500170585,
        0.14730976636429657,
        0.15377722067204389,
        0.26580739308829776
    ],
    "current_ratio": [
        2.2509399833176382,
        5.300108899352175,
        5.394799510398482,
        3.1638309117507637
    ]
}