{
    "years": [
        "2020",
        "2021",
        "2022",
        "2023"
    ],
    "revenue": [
        1634501074.0,
        1950253483.0,
        1711767583.0,
        1353609068.0
    ],
    "net_income": [
        1125049425.0,
        513380268.0,
        925732134.0,
        661288002.0
    ],
    "roa": [
        0.1720541929354044,
        0.08517887391917667,
        0.14627960256039427,
        0.10734266931731697
    ],
    "roe": [
        0.3397615701600676,
        0.165118073210067,
        0.2694824214961837,
        0.1733735663575908
    ],
    "debt_ratio": [
        0.4936031380643,
        0.48413355205029457,
        0.4571831374074771,
        0.38085908035185784
    ],
    "current_ratio": [
        2.7360984379783475,
        2.2978273520025487,
        2.361318536207628,
        3.127939519481841
    ]
}