{
    "years": [
        "2021",
        "2022",
        "2023",
        "2024"
    ],
    "revenue": [
        473126638.0,
        602850645.0,
        564637909.0,
        461504749.0
    ],
    "net_income": [
        32201105.0,
        42111971.0,
        70646210.0,
        59868997.0
    ],
    "roa": [
        0.059159569850169534,
        0.0737421982181987,
        0.11344583368082166,
        0.0793516777931569
    ],
    "roe": [
        0.0935508305433724,
        0.13175445281909748,
        0.18853749607102407,
        0.13139805476395272
    ],
    "debt_ratio": [
        0.3676211156378591,
        0.44030583680197294,
        0.3982850305910215,
        0.3960970127319879
    ],
    "current_ratio": [
        1.932871821044076,
        1.7181053902498464,
        1.6274195723026224,
        1.1577828435588893
    ]
}