{
    "years": [
        "2020",
        "2021",
        "2022",
        "2023"
    ],
    "revenue": [
        555815341.0,
        874063223.0,
        792306509.0,
        709130405.0
    ],
    "net_income": [
        1851284.0,
        -5673008.0,
        3167718.0,
        -8951107.0
    ],
    "roa": [
        0.005557340192390578,
        -0.017212048552920828,
        0.011626797405786534,
        -0.03130534163293502
    ],
    "roe": [
        0.01534761572318747,
        -0.04926035973731492,
        0.026769868739823767,
        -0.08183467846354325
    ],
    "debt_ratio": [
        0.6379020498933627,
        0.6505902789848562,
        0.5656759650640305,
        0.6174562884501181
    ],
    "current_ratio": [
        1.1054041910955086,
        1.149206585377563,
        1.2880208987314228,
        1.2486212033382158
    ]
}