{
    "years": [
        "2021",
        "2022",
        "2023",
        "2024"
    ],
    "revenue": [
        788349275.0,
        1197197824.0,
        1201255858.0,
        1188944769.0
    ],
    "net_income": [
        20753290.0,
        24795240.0,
        31730210.0,
        26461493.0
    ],
    "roa": [
        0.10691170523497315,
        0.10852273792615147,
        0.1369260092560334,
        0.10509077038729514
    ],
    "roe": [
        0.15902787959695683,
        0.178874956022941,
        0.20789331968230834,
        0.17163822418738703
    ],
    "debt_ratio": [
        0.32771721847809243,
        0.39330390156890804,
        0.3413640733368608,
        0.3877193097001418
    ],
    "current_ratio": [
        1.3330317171043766,
        1.7419486162515194,
        2.022809467477639,
        1.0109478326477053
    ]
}