{
    "years": [
        "2020",
        "2021",
        "2022",
        "2023"
    ],
    "revenue": [
        355235738.0,
        335073991.0,
        374046603.0,
        407160737.0
    ],
    "net_income": [
        8442460.0,
        9736741.0,
        11793110.0,
        19598436.0
    ],
    "roa": [
        0.045132117368630646,
        0.05912864503679613,
        0.059794145275358195,
        0.09232492220875024
    ],
    "roe": [
        0.06624974551502204,
        0.07563802158578721,
        0.08628203188726763,
        0.14697052588098408
    ],
    "debt_ratio": [
        0.31875787570539416,
        0.21826822281789138,
        0.30699191978368523,
        0.37181335063389204
    ],
    "current_ratio": [
        1.4965985978138088,
        2.24491994508536,
        1.9786534248003858,
        1.7189672409569228
    ]
}