{
    "years": [
        "2021",
        "2022",
        "2023",
        "2024"
    ],
    "revenue": [
        626994019.0,
        821620708.0,
        706909819.0,
        699399765.0
    ],
    "net_income": [
        22073747.0,
        22956313.0,
        18502631.0,
        28776521.0
    ],
    "roa": [
        0.041398735067163135,
        0.04659447841444213,
        0.04306632662885743,
        0.06488474985072899
    ],
    "roe": [
        0.07328589606924231,
        0.07586781010813082,
        0.06189633167618933,
        0.0882925685871584
    ],
    "debt_ratio": [
        0.43510638079599107,
        0.38584653559878407,
        0.30421843326420495,
        0.2651165223868447
    ],
    "current_ratio": [
        0.8171768816280077,
        0.9936952998225458,
        1.343782924513093,
        1.760089101021142
    ]
}