{
    "years": [
        "2021",
        "2022",
        "2023",
        "2024"
    ],
    "revenue": [
        53344319.0,
        50466152.0,
        54799880.0,
        54377041.0
    ],
    "net_income": [
        1732630.0,
        1065185.0,
        381368.0,
        92359.0
    ],
    "roa": [
        0.012265090785761264,
        0.007681149799226541,
        0.0028123769067048636,
        0.0006778962318117833
    ],
    "roe": [
        0.017012554470455854,
        0.010409299274353542,
        0.003734864864796047,
        0.0009122298826810877
    ],
    "debt_ratio": [
        0.27905648695726876,
        0.26208771630273164,
        0.24699366415806276,
        0.25688004232067735
    ],
    "current_ratio": [
        1.5115125067271373,
        1.7694140369553906,
        3.5701349192541993,
        3.361903476151788
    ]
}