{
    "years": [
        "2021",
        "2022",
        "2023",
        "2024"
    ],
    "revenue": [
        6868373840.0,
        8600983110.0,
        7960653698.0,
        6931744246.0
    ],
    "net_income": [
        174474422.0,
        116957451.0,
        101918342.0,
        43221032.0
    ],
    "roa": [
        0.03613865093023619,
        0.02530857873667802,
        0.024040823030792843,
        0.01059350754773545
    ],
    "roe": [
        0.1270293487118663,
        0.09519218664906802,
        0.07759438823017356,
        0.034586475060526804
    ],
    "debt_ratio": [
        0.7155094370183106,
        0.7341317640913146,
        0.6901731738707844,
        0.6937095344582914
    ],
    "current_ratio": [
        1.0954057599413476,
        1.0882399058547196,
        1.150134182509009,
        1.1515403151705899
    ]
}