{
    "years": [
        "2021",
        "2022",
        "2023",
        "2024"
    ],
    "revenue": [
        50115892.0,
        41940256.0,
        27941453.0,
        175055724.0
    ],
    "net_income": [
        1153390.0,
        1598439.0,
        228655.0,
        1372087.0
    ],
    "roa": [
        0.016013060906609224,
        0.02649252016429536,
        0.003773625884358728,
        0.01236496391542937
    ],
    "roe": [
        0.05593986727382691,
        0.07567173357609809,
        0.011575390645071555,
        0.06566052597828938
    ],
    "debt_ratio": [
        0.713745103680262,
        0.6499020319436243,
        0.6739958071336952,
        0.8116834470756777
    ],
    "current_ratio": [
        1.2170501793358481,
        1.3122436556850117,
        1.2738919442737757,
        1.133190243083555
    ]
}