{
    "years": [
        "2020",
        "2021",
        "2022",
        "2023"
    ],
    "revenue": [
        69259294.0,
        82312293.0,
        93994315.0,
        66178902.0
    ],
    "net_income": [
        1418122.0,
        2550114.0,
        2384016.0,
        15032227.0
    ],
    "roa": [
        0.03632165607175538,
        0.06720417058344053,
        0.0696370485306214,
        0.5411683501361073
    ],
    "roe": [
        -0.14739745818424657,
        -0.3606460281707112,
        -0.5086503041960168,
        1.4530514489600186
    ],
    "debt_ratio": [
        1.2464198264962845,
        1.1863438533464994,
        1.1369055477921932,
        0.6275642197504888
    ],
    "current_ratio": [
        0.11280840959213327,
        0.11652503998603955,
        0.09628563049722075,
        0.40562844326596453
    ]
}