{
    "years": [
        "2020",
        "2021",
        "2022",
        "2023"
    ],
    "revenue": [
        1787467937.0,
        2414050223.0,
        2858148159.0,
        1806342204.0
    ],
    "net_income": [
        39797800.0,
        122173915.0,
        40792970.0,
        11079180.0
    ],
    "roa": [
        0.031062275216258792,
        0.04669333651942114,
        0.01499395036680911,
        0.0063549277953810325
    ],
    "roe": [
        0.08969655551009828,
        0.1620632508154981,
        0.035911666370163894,
        0.013997916382278727
    ],
    "debt_ratio": [
        0.6536960082847136,
        0.7118820196160359,
        0.5824768972774158,
        0.5460090186403507
    ],
    "current_ratio": [
        1.0749076851752881,
        0.9535508120397423,
        1.1810759896782566,
        1.3409636031411132
    ]
}