{
    "years": [
        "2020",
        "2021",
        "2022",
        "2023"
    ],
    "revenue": [
        124001495876.0,
        169105701481.0,
        304171606609.0,
        274082359043.0
    ],
    "net_income": [
        1252572208.0,
        3123734180.0,
        1902233338.0,
        3077319943.0
    ],
    "roa": [
        0.020498279098689,
        0.04821229123440212,
        0.02554169341987625,
        0.03862310676464669
    ],
    "roe": [
        0.051917073412216366,
        0.11053478431105096,
        0.06846848780248846,
        0.10538006466920241
    ],
    "debt_ratio": [
        0.6051726772821974,
        0.563826975056738,
        0.6269569514437567,
        0.6334875397363996
    ],
    "current_ratio": [
        1.0677165494443654,
        1.173163443928156,
        1.097946278349408,
        1.153971407728913
    ]
}