{
    "years": [
        "2022",
        "2023",
        "2024"
    ],
    "revenue": [
        2767795243.0,
        2183715954.0,
        2195485570.0
    ],
    "net_income": [
        17845858.0,
        6328089.0,
        9903009.0
    ],
    "roa": [
        0.0902580001411285,
        0.03421868020363419,
        0.05134949013004896
    ],
    "roe": [
        0.11564820319490067,
        0.0438495183581347,
        0.06952867144120314
    ],
    "debt_ratio": [
        0.21954688747720824,
        0.21963384126233748,
        0.2614630904680437
    ],
    "current_ratio": [
        4.230523388014027,
        4.238934621304161,
        3.653987924119396
    ]
}