{
    "years": [
        "2021",
        "2022",
        "2023",
        "2024"
    ],
    "revenue": [
        414407157.0,
        472709909.0,
        485445722.0,
        498360090.0
    ],
    "net_income": [
        64759700.0,
        83416455.0,
        83564441.0,
        80133204.0
    ],
    "roa": [
        0.14343428246950193,
        0.1688167936385348,
        0.19598832607714722,
        0.21321138941888204
    ],
    "roe": [
        0.1665300878755778,
        0.19499756458917214,
        0.2434883377571836,
        0.27669175646879585
    ],
    "debt_ratio": [
        0.13868848386924407,
        0.13426204068648723,
        0.19508125981543029,
        0.22942630405786169
    ],
    "current_ratio": [
        6.21304399423409,
        6.649491543961433,
        4.557363331953997,
        3.8901305449236236
    ]
}