{
    "years": [
        "2021",
        "2022",
        "2023",
        "2024"
    ],
    "revenue": [
        1634328867.0,
        2073867401.0,
        1876724101.0,
        2055746203.0
    ],
    "net_income": [
        -108124554.0,
        -13322830.0,
        -24039200.0,
        31482865.0
    ],
    "roa": [
        -0.06242341593121991,
        -0.008341244756103264,
        -0.013521726729318218,
        0.01775895424973338
    ],
    "roe": [
        -0.16536720137736452,
        -0.020799944277982138,
        -0.03771866247280596,
        0.047072821889976656
    ],
    "debt_ratio": [
        0.6225163429550279,
        0.5989775431786651,
        0.6415109698264889,
        0.622734445552438
    ],
    "current_ratio": [
        0.6755525846419481,
        0.6672892130020569,
        0.710781318099161,
        0.7793556238026457
    ]
}