{
    "years": [
        "2021",
        "2022",
        "2023",
        "2024"
    ],
    "revenue": [
        84518040.0,
        125876956.0,
        148563990.0,
        181014427.0
    ],
    "net_income": [
        1774423.0,
        1877782.0,
        -3753350.0,
        2287867.0
    ],
    "roa": [
        0.018877284242533786,
        0.016089171570999282,
        -0.03615341670858566,
        0.0174570808017664
    ],
    "roe": [
        0.039627086790525165,
        0.042913767137218874,
        -0.0986207416260852,
        0.05670575906731449
    ],
    "debt_ratio": [
        0.5236267469692638,
        0.625081351642857,
        0.6334096041818542,
        0.6921462460092743
    ],
    "current_ratio": [
        1.6526737982807518,
        1.4408438850884557,
        1.446674184942312,
        1.3731893680488874
    ]
}