{
    "years": [
        "2021",
        "2022",
        "2023",
        "2024"
    ],
    "revenue": [
        594202927.0,
        549741344.0,
        538048604.0,
        613868832.0
    ],
    "net_income": [
        6719427.0,
        7141892.0,
        7298983.0,
        7417637.0
    ],
    "roa": [
        0.026346191605160937,
        0.02981497217244578,
        0.030630342227496467,
        0.03062623639920362
    ],
    "roe": [
        0.10176046841430238,
        0.10573409932446111,
        0.10619254564711537,
        0.10506825897015291
    ],
    "debt_ratio": [
        0.7410960069690679,
        0.7180193299707976,
        0.7115584522355923,
        0.7085110508216976
    ],
    "current_ratio": [
        1.0284514119141435,
        1.0354602269557176,
        1.0469571006835607,
        1.0609818812464533
    ]
}