{
    "years": [
        "2022",
        "2023",
        "2024"
    ],
    "revenue": [
        191986689.0,
        175720952.0,
        176074258.0
    ],
    "net_income": [
        1159275.0,
        482859.0,
        -3504362.0
    ],
    "roa": [
        0.009394375481585577,
        0.0046243626093143125,
        -0.035760930626981303
    ],
    "roe": [
        0.014458729234756657,
        0.006073842128206436,
        -0.04640680516219198
    ],
    "debt_ratio": [
        0.3502627147202617,
        0.2386429361014928,
        0.2294033062177691
    ],
    "current_ratio": [
        3.2484214861501215,
        4.648275709495159,
        4.053473068025647
    ]
}