{
    "years": [
        "2021",
        "2022",
        "2023",
        "2024"
    ],
    "revenue": [
        333459096.0,
        345387423.0,
        341753880.0,
        363848260.0
    ],
    "net_income": [
        77585819.0,
        78279130.0,
        96998907.0,
        98847138.0
    ],
    "roa": [
        0.13635119635651094,
        0.12147302873238695,
        0.14709443068430464,
        0.14087242993380714
    ],
    "roe": [
        0.15327362888861695,
        0.13613307883283265,
        0.16576950657612052,
        0.15888525143198695
    ],
    "debt_ratio": [
        0.11040668022810002,
        0.10768910999543174,
        0.11265688290650952,
        0.11337000341967214
    ],
    "current_ratio": [
        0.8251138901954254,
        1.4655979037345888,
        1.2328438192370121,
        1.3081722801262312
    ]
}