{
    "years": [
        "2021",
        "2022",
        "2023",
        "2024"
    ],
    "revenue": [
        422247381.0,
        717692009.0,
        660738726.0,
        621107190.0
    ],
    "net_income": [
        -15059533.0,
        13257498.0,
        16779900.0,
        10213533.0
    ],
    "roa": [
        -0.029455871126497134,
        0.024650314802184842,
        0.03179685793401728,
        0.01789181825481945
    ],
    "roe": [
        -0.09894157028045227,
        0.0801232414396319,
        0.0920739515608894,
        0.05460101050595212
    ],
    "debt_ratio": [
        0.7022902401588761,
        0.6923450130165116,
        0.6546595709755141,
        0.6723170855442494
    ],
    "current_ratio": [
        1.309573245306177,
        1.3704924946416568,
        1.4346229832786088,
        1.354742095137473
    ]
}