{
    "years": [
        "2022",
        "2023",
        "2024"
    ],
    "revenue": [
        2655762620.0,
        2936294472.0,
        2892296351.0
    ],
    "net_income": [
        4185667.0,
        6591484.0,
        1557581.0
    ],
    "roa": [
        0.022716078817757304,
        0.03956739772256073,
        0.011280554127624732
    ],
    "roe": [
        0.11814493850921969,
        0.15686643524200375,
        0.03574294250708775
    ],
    "debt_ratio": [
        0.8077270249204572,
        0.7477637732921092,
        0.684397720602107
    ],
    "current_ratio": [
        0.7962901458292658,
        0.8954337043136656,
        0.866167405040631
    ]
}