{
    "years": [
        "2021",
        "2022",
        "2023",
        "2024"
    ],
    "revenue": [
        103007426.0,
        118606540.0,
        99388653.0,
        94233710.0
    ],
    "net_income": [
        8794772.0,
        20811730.0,
        24188444.0,
        23555187.0
    ],
    "roa": [
        0.06927214395242838,
        0.1651269272225443,
        0.1869368286529669,
        0.16222455670072733
    ],
    "roe": [
        0.13554953344166892,
        0.24438069181487615,
        0.2331005492969316,
        0.18677693694947528
    ],
    "debt_ratio": [
        0.48895328376590624,
        0.32430452669463905,
        0.19804209292171066,
        0.1314529547906098
    ],
    "current_ratio": [
        0.9339215806211592,
        1.5175669950016721,
        2.751584804865706,
        3.3011559431466715
    ]
}