{
    "years": [
        "2020",
        "2021",
        "2022",
        "2023"
    ],
    "revenue": [
        17681913026.0,
        19735646137.0,
        34211128942.0,
        33481608955.0
    ],
    "net_income": [
        1069310105.0,
        1029042166.0,
        1810691843.0,
        1971099177.0
    ],
    "roa": [
        0.12605112450581304,
        0.09690559963302033,
        0.13576328411504823,
        0.1366204298018205
    ],
    "roe": [
        0.20399433112493895,
        0.1711466504402119,
        0.2144329163728447,
        0.2010057987444805
    ],
    "debt_ratio": [
        0.38208515986352876,
        0.4337861747000817,
        0.3668729297185412,
        0.3203159776724003
    ],
    "current_ratio": [
        2.21043744423471,
        2.0364206290217584,
        2.4505836356648794,
        2.809679121159312
    ]
}