{
    "years": [
        "2021",
        "2022",
        "2023",
        "2024"
    ],
    "revenue": [
        328659892.0,
        339862216.0,
        345223231.0,
        356512674.0
    ],
    "net_income": [
        40401447.0,
        41028511.0,
        41258740.0,
        41960639.0
    ],
    "roa": [
        0.1053126924616645,
        0.11741728977477822,
        0.11821832890194468,
        0.12250715959651615
    ],
    "roe": [
        0.19062552170956545,
        0.1882374053915572,
        0.184573337581483,
        0.1824076000247229
    ],
    "debt_ratio": [
        0.447541485960534,
        0.3762276443912108,
        0.35950484262248755,
        0.3283878545635601
    ],
    "current_ratio": [
        1.519010893366157,
        1.9393088432738326,
        2.2523173058247172,
        2.7839223018308368
    ]
}