{
    "years": [
        "2021",
        "2022",
        "2023",
        "2024"
    ],
    "revenue": [
        29488576.0,
        16329269.0,
        15866538.0,
        45482528.0
    ],
    "net_income": [
        6854989.0,
        439140.0,
        2726893.0,
        7429526.0
    ],
    "roa": [
        0.02987398249292042,
        0.0020040407200045433,
        0.012476775848992237,
        0.03587705971606194
    ],
    "roe": [
        0.049391358072076466,
        0.0033317308189106656,
        0.020707178422404045,
        0.0546429273526239
    ],
    "debt_ratio": [
        0.39515770250079935,
        0.3984986096026271,
        0.3974661542736773,
        0.3434272017577191
    ],
    "current_ratio": [
        4.572654196725944,
        4.696871776256165,
        4.799362809615181,
        8.60212269710024
    ]
}