{
    "years": [
        "2022",
        "2023",
        "2024"
    ],
    "revenue": [
        2038251186.0,
        2216524520.0,
        2410586886.0
    ],
    "net_income": [
        2757404.0,
        3412293.0,
        1398915.0
    ],
    "roa": [
        0.017785984807498795,
        0.01933051770261093,
        0.007750011905495033
    ],
    "roe": [
        0.024353174176053094,
        0.030045021663180398,
        0.012453914932847731
    ],
    "debt_ratio": [
        0.2696646162458745,
        0.35661495207706534,
        0.37770476614915305
    ],
    "current_ratio": [
        1.8522512284398516,
        1.4482273152290959,
        1.4642775380796569
    ]
}