{
    "years": [
        "2019",
        "2020",
        "2021",
        "2022"
    ],
    "revenue": [
        12007041312.0,
        9885307369.0,
        14072276626.0,
        13041401643.0
    ],
    "net_income": [
        -309516700.0,
        15845085.0,
        182529029.0,
        -1079868046.0
    ],
    "roa": [
        -0.026232996692610526,
        0.0014179708190761387,
        0.012180474578085692,
        -0.09788845713072913
    ],
    "roe": [
        -0.08857134100479172,
        0.0045137652232300155,
        0.049426735956381515,
        -0.41353669793228603
    ],
    "debt_ratio": [
        0.7038207122641248,
        0.685856319735334,
        0.7535650626649752,
        0.7632895517612376
    ],
    "current_ratio": [
        1.0076748185817004,
        0.9372006449650664,
        0.9267240621550721,
        0.5126021795018548
    ]
}