{
    "years": [
        "2022",
        "2023",
        "2024"
    ],
    "revenue": [
        1723046537.0,
        1676603420.0,
        2109954735.0
    ],
    "net_income": [
        30167582.0,
        52566504.0,
        86643854.0
    ],
    "roa": [
        0.020889812638074542,
        0.03358801377694197,
        0.03940605930672402
    ],
    "roe": [
        0.04002805601179815,
        0.06837566974744845,
        0.10855538286361814
    ],
    "debt_ratio": [
        0.478120730321819,
        0.5087724346832396,
        0.6369958055766686
    ],
    "current_ratio": [
        1.9823297556926696,
        1.8553156310692742,
        1.627916929862159
    ]
}