{
    "years": [
        "2021",
        "2022",
        "2023",
        "2024"
    ],
    "revenue": [
        1126735748.0,
        1481436483.0,
        1157718483.0,
        1618372120.0
    ],
    "net_income": [
        13255262.0,
        15270804.0,
        2613478.0,
        3359281.0
    ],
    "roa": [
        0.005730108613680856,
        0.006169279194003058,
        0.0011454760098917084,
        0.001322625155981463
    ],
    "roe": [
        0.0403916941167572,
        0.04622721900613019,
        0.00840655025253364,
        0.010949759719490557
    ],
    "debt_ratio": [
        0.8581364624836664,
        0.8665444444498175,
        0.8637400627508918,
        0.8792096639684985
    ],
    "current_ratio": [
        1.0554431203526717,
        1.0449125397302526,
        1.0623523303729354,
        1.112907282328345
    ]
}