{
    "years": [
        "2021",
        "2022",
        "2023",
        "2024"
    ],
    "revenue": [
        1734472670.0,
        3443437013.0,
        3893952411.0,
        4478140069.0
    ],
    "net_income": [
        24244395.0,
        20332575.0,
        14147751.0,
        10044879.0
    ],
    "roa": [
        0.07083854258214997,
        0.05770344507268276,
        0.038125531454011936,
        0.02191654584129766
    ],
    "roe": [
        0.1327455781519713,
        0.11326212133352383,
        0.0779989705476316,
        0.054764446174877614
    ],
    "debt_ratio": [
        0.4663585516871094,
        0.4905318354159818,
        0.5112046840319536,
        0.5998033875607501
    ],
    "current_ratio": [
        1.0679656618870115,
        0.86886663095131,
        0.8513739969534232,
        0.8799883541472256
    ]
}