{
    "years": [
        "2021",
        "2022",
        "2023",
        "2024"
    ],
    "revenue": [
        5351711.0,
        1800000.0,
        5378844.0,
        5833761.0
    ],
    "net_income": [
        675187.0,
        1863742.0,
        744093.0,
        3069037.0
    ],
    "roa": [
        0.03666875340076379,
        0.10171130586525981,
        0.04619359862817193,
        0.18293508624638596
    ],
    "roe": [
        0.07895967225491742,
        0.1789516609041824,
        0.06668174585045386,
        0.21570542907643203
    ],
    "debt_ratio": [
        0.5356014994289676,
        0.431626924548524,
        0.30725271153263434,
        0.15192173405350115
    ],
    "current_ratio": [
        1.8670597469688779,
        2.3168156181312987,
        2.2443998811946004,
        4.522492905309571
    ]
}