{
    "years": [
        "2021",
        "2022",
        "2023",
        "2024"
    ],
    "revenue": [
        1657362686.0,
        1745516862.0,
        1754522757.0,
        2238054502.0
    ],
    "net_income": [
        380180521.0,
        476951748.0,
        316743135.0,
        380540975.0
    ],
    "roa": [
        0.10197110883713782,
        0.14422065653091035,
        0.08950632232956388,
        0.10632451536462748
    ],
    "roe": [
        0.20566046365506466,
        0.26679723892166185,
        0.17811688307145784,
        0.20198364522540785
    ],
    "debt_ratio": [
        0.5041773852646536,
        0.45943722238723383,
        0.49748546692423723,
        0.4735983933453007
    ],
    "current_ratio": [
        1.5526765827739215,
        1.5829380457713538,
        1.4229869247904297,
        1.6466202835264776
    ]
}