{
    "years": [
        "2021",
        "2022",
        "2023",
        "2024"
    ],
    "revenue": [
        237300824.0,
        259665242.0,
        303639861.0,
        372622978.0
    ],
    "net_income": [
        16827945.0,
        18469897.0,
        17690520.0,
        18601248.0
    ],
    "roa": [
        0.03907476097118755,
        0.04140719024915179,
        0.06652259401881915,
        0.06369751207156375
    ],
    "roe": [
        0.08970718047661728,
        0.09756955317665654,
        0.09387563589720023,
        0.0982065290880577
    ],
    "debt_ratio": [
        0.5644188038952732,
        0.5756136120231978,
        0.29137530326116134,
        0.35139228864866157
    ],
    "current_ratio": [
        1.592040586174531,
        1.5827742966385527,
        2.895960419462757,
        2.4096764618789446
    ]
}