{
    "years": [
        "2021",
        "2022",
        "2023",
        "2024"
    ],
    "revenue": [
        2030412800.0,
        4237849553.0,
        4415410256.0,
        4459752854.0
    ],
    "net_income": [
        16849243.0,
        24747787.0,
        10627590.0,
        11503685.0
    ],
    "roa": [
        0.06470216338695353,
        0.0811753266382968,
        0.0267778517497857,
        0.0326701948489688
    ],
    "roe": [
        0.12247027908923375,
        0.15430190242577735,
        0.06826129350173019,
        0.07281004624881028
    ],
    "debt_ratio": [
        0.47169089620665816,
        0.4739188217245478,
        0.6077154361408786,
        0.5512955075275394
    ],
    "current_ratio": [
        1.3467373441808708,
        1.2300145410127992,
        1.0389310752644105,
        1.0712994837251175
    ]
}