{
    "years": [
        "2021",
        "2022",
        "2023",
        "2024"
    ],
    "revenue": [
        847731971.0,
        1050324461.0,
        1076797644.0,
        1603328679.0
    ],
    "net_income": [
        19765939.0,
        21054949.0,
        21946463.0,
        28286415.0
    ],
    "roa": [
        0.02318131942890219,
        0.02315906320991727,
        0.022835520963767262,
        0.02816917638086917
    ],
    "roe": [
        0.18929912839673918,
        0.16780678857292855,
        0.1488725021493667,
        0.1609887858323205
    ],
    "debt_ratio": [
        0.8775413303524672,
        0.8619897120559435,
        0.8466102158956398,
        0.8250239839052574
    ],
    "current_ratio": [
        1.3007420901279303,
        1.406992508515723,
        1.4827404243745157,
        1.5938903207120567
    ]
}