{
    "years": [
        "2020",
        "2021",
        "2022",
        "2023"
    ],
    "revenue": [
        87606287.0,
        86601602.0,
        107396200.0,
        100898749.0
    ],
    "net_income": [
        376316.0,
        1332787.0,
        49844744.0,
        115158.0
    ],
    "roa": [
        0.0062782271514155085,
        0.0223926899923105,
        0.4711714429599115,
        0.00202402885264923
    ],
    "roe": [
        0.013429623290280546,
        0.04635115992405124,
        0.6439983592524893,
        0.003298330590691546
    ],
    "debt_ratio": [
        0.5325090647956399,
        0.5168904072950478,
        0.2683654605784771,
        0.3863474879196809
    ],
    "current_ratio": [
        0.8853077902864487,
        0.9932396850459103,
        3.8971830267268657,
        2.190738789678772
    ]
}