{
    "years": [
        "2021",
        "2022",
        "2023",
        "2024"
    ],
    "revenue": [
        850981540.0,
        1199428180.0,
        1407693868.0,
        1361565572.0
    ],
    "net_income": [
        145780680.0,
        152660670.0,
        202161683.0,
        190524685.0
    ],
    "roa": [
        0.02899280289939882,
        0.025693617328523502,
        0.03436060879978811,
        0.028432280323368288
    ],
    "roe": [
        0.1619376512736157,
        0.16434652293977153,
        0.12635160213622731,
        0.1177991335674997
    ],
    "debt_ratio": [
        0.820963175201229,
        0.8436619353490095,
        0.7280556145007021,
        0.7586376108014716
    ],
    "current_ratio": [
        5.499919528516108,
        3.732576884614034,
        5.888980742720848,
        6.078503389865444
    ]
}