{
    "years": [
        "2021",
        "2022",
        "2023",
        "2024"
    ],
    "revenue": [
        12940006.0,
        17104275.0,
        23298968.0,
        30456927.0
    ],
    "net_income": [
        1890569.0,
        1216028.0,
        1178129.0,
        -3496538.0
    ],
    "roa": [
        0.037753684818859816,
        0.023944663267022846,
        0.02171305742585425,
        -0.06629147596817445
    ],
    "roe": [
        0.03981877337885376,
        0.025289029166750458,
        0.02391492868863978,
        -0.07639902208566518
    ],
    "debt_ratio": [
        0.05186218421009014,
        0.053160043861832394,
        0.09207099429200791,
        0.13229941747365923
    ],
    "current_ratio": [
        12.758473848261763,
        10.595525276038765,
        6.368954902025027,
        5.312731596834048
    ]
}