{
    "years": [
        "2020",
        "2021",
        "2022",
        "2023"
    ],
    "revenue": [
        962677072.0,
        1489764181.0,
        1607025666.0,
        1158033525.0
    ],
    "net_income": [
        430683210.0,
        264308582.0,
        317243206.0,
        118510411.0
    ],
    "roa": [
        0.06662193348926095,
        0.04445666890443585,
        0.05529361343355381,
        0.020319362076527507
    ],
    "roe": [
        0.10698439708088507,
        0.06559567381178473,
        0.0768842873192939,
        0.029767727667465528
    ],
    "debt_ratio": [
        0.37727430067309964,
        0.3222621810091248,
        0.2808203683553165,
        0.31740298408012374
    ],
    "current_ratio": [
        1.1770229352823927,
        1.4927898251289562,
        2.1599903385339045,
        1.3404291321169262
    ]
}