{
    "years": [
        "2020",
        "2021",
        "2022",
        "2023"
    ],
    "revenue": [
        172412455.0,
        156138893.0,
        167791139.0,
        160937288.0
    ],
    "net_income": [
        2499560.0,
        856802.0,
        1010445.0,
        4628841.0
    ],
    "roa": [
        0.003200633289926216,
        0.0011210011993167141,
        0.0013143581251912817,
        0.005769426855657148
    ],
    "roe": [
        0.004518675235549297,
        0.0015472192227714426,
        0.0018216268412635781,
        0.008277293928880238
    ],
    "debt_ratio": [
        0.2916876909528237,
        0.2754735833046782,
        0.27847015897088323,
        0.30298151724114963
    ],
    "current_ratio": [
        18.202453727187656,
        34.33426876274416,
        22.338421576300227,
        9.302254144379573
    ]
}