{
    "years": [
        "2021",
        "2022",
        "2023",
        "2024"
    ],
    "revenue": [
        436326250.0,
        780903907.0,
        736923325.0,
        718691821.0
    ],
    "net_income": [
        7859775.0,
        5617400.0,
        7831805.0,
        990639.0
    ],
    "roa": [
        0.030323372726875523,
        0.022850252484835805,
        0.033172632381434385,
        0.004472820800035586
    ],
    "roe": [
        0.06520626393616386,
        0.0474864727925648,
        0.06498929965033526,
        0.008715198499306475
    ],
    "debt_ratio": [
        0.5349622736158947,
        0.5188050166485815,
        0.4895677817746223,
        0.48677923969356324
    ],
    "current_ratio": [
        0.6491038957940658,
        0.6826725355645706,
        0.7178056982210447,
        0.5594456500576642
    ]
}