{
    "years": [
        "2021",
        "2022",
        "2023",
        "2024"
    ],
    "revenue": [
        8804424152.0,
        8956495589.0,
        6937893867.0,
        5896934190.0
    ],
    "net_income": [
        138763042.0,
        112880543.0,
        63322112.0,
        82571530.0
    ],
    "roa": [
        0.05364660661655573,
        0.032901612736318114,
        0.020315742944099605,
        0.029590611668420162
    ],
    "roe": [
        0.3228848675324296,
        0.22088053747490227,
        0.11570323429655019,
        0.14329606684783255
    ],
    "debt_ratio": [
        0.8338522116984388,
        0.8510434051254671,
        0.8244150816732585,
        0.7935001823892158
    ],
    "current_ratio": [
        1.1613945514545148,
        1.1456113299068293,
        1.1829348170840392,
        1.231916587813443
    ]
}