{
    "years": [
        "2021",
        "2022",
        "2023",
        "2024"
    ],
    "revenue": [
        3127775700.0,
        3788592184.0,
        3176331259.0,
        3187749530.0
    ],
    "net_income": [
        55965106.0,
        21314073.0,
        12072608.0,
        18935522.0
    ],
    "roa": [
        0.17253711860937165,
        0.06782214471291981,
        0.04293996422838652,
        0.07764869963972734
    ],
    "roe": [
        0.29529382524184145,
        0.12156913098725564,
        0.07262470463109567,
        0.11053254466192873
    ],
    "debt_ratio": [
        0.41571037434302527,
        0.4421104752321561,
        0.40874163349091336,
        0.29750373632289795
    ],
    "current_ratio": [
        2.2515960421721264,
        2.1247159314875455,
        2.2647629532757367,
        3.074918264557074
    ]
}