{
    "years": [
        "2020",
        "2021",
        "2022",
        "2023"
    ],
    "revenue": [
        6260366562.0,
        5756915772.0,
        7391638155.0,
        6124801832.0
    ],
    "net_income": [
        28233175.0,
        319490806.0,
        -236614366.0,
        47353874.0
    ],
    "roa": [
        0.0029675749082423287,
        0.03242808000485902,
        -0.023465968454830927,
        0.004308024952693133
    ],
    "roe": [
        0.017989436088521868,
        0.1709748951996079,
        -0.1532363290166407,
        0.029754840667358805
    ],
    "debt_ratio": [
        0.8350379137156064,
        0.8103342600853755,
        0.8468641959421865,
        0.8552159965884456
    ],
    "current_ratio": [
        1.0263396612367635,
        1.0312437021986445,
        1.026923197380094,
        0.9140809275791968
    ]
}