{
    "years": [
        "2021",
        "2022",
        "2023",
        "2024"
    ],
    "revenue": [
        453403680.0,
        482160660.0,
        299618573.0,
        343536436.0
    ],
    "net_income": [
        35152850.0,
        26577180.0,
        24456336.0,
        25904263.0
    ],
    "roa": [
        0.015863273405963125,
        0.013187527711074374,
        0.010813683177153574,
        0.009968416498963314
    ],
    "roe": [
        0.05392477651027755,
        0.04032672666548617,
        -0.03832556742992097,
        0.03660568105866828
    ],
    "debt_ratio": [
        0.7058258850096535,
        0.6729829370862133,
        1.282153243965053,
        0.7276811628504648
    ],
    "current_ratio": [
        1.3595070058716023,
        1.4575282206050837,
        0.7681555111155081,
        1.403068325956788
    ]
}