{
    "years": [
        "2021",
        "2022",
        "2023",
        "2024"
    ],
    "revenue": [
        117896676.0,
        88067647.0,
        125975479.0,
        157829061.0
    ],
    "net_income": [
        22925757.0,
        6672204.0,
        8173312.0,
        5318065.0
    ],
    "roa": [
        0.13191926420931144,
        0.040732646306358804,
        0.04594657223069885,
        0.03301581976691824
    ],
    "roe": [
        0.13834484884669374,
        0.044006656093432246,
        0.054410527905434075,
        0.035796879036291945
    ],
    "debt_ratio": [
        0.04644614303278307,
        0.07439805878734036,
        0.1555573158460373,
        0.07768999265422509
    ],
    "current_ratio": [
        12.842252476615217,
        8.094641636116439,
        3.8141124251545047,
        6.95143644557214
    ]
}