{
    "years": [
        "2022",
        "2023",
        "2024"
    ],
    "revenue": [
        942102191.0,
        1030624816.0,
        1197715329.0
    ],
    "net_income": [
        27459657.0,
        40139556.0,
        37135593.0
    ],
    "roa": [
        0.03130902008572268,
        0.036338886932687206,
        0.038369013118163854
    ],
    "roe": [
        0.052140382110645374,
        0.07507363188799869,
        0.06905301240346161
    ],
    "debt_ratio": [
        0.39952453706068264,
        0.5159567211707475,
        0.44435424635811505
    ],
    "current_ratio": [
        1.6638946482238584,
        1.2087436069606627,
        1.294904538667301
    ]
}