{
    "years": [
        "2022",
        "2023",
        "2024"
    ],
    "revenue": [
        194087873.0,
        242922816.0,
        240464603.0
    ],
    "net_income": [
        95469.0,
        8661359.0,
        8351922.0
    ],
    "roa": [
        0.00017537536222408929,
        0.01511195791175398,
        0.01566877106305759
    ],
    "roe": [
        0.00021118577537879746,
        0.018799491119888736,
        0.018216682301162482
    ],
    "debt_ratio": [
        0.16956830113427918,
        0.19615069283623138,
        0.13986691956209293
    ],
    "current_ratio": [
        2.6776219396137058,
        1.7076536825874538,
        1.6107918544360065
    ]
}