{
    "years": [
        "2021",
        "2022",
        "2023",
        "2024"
    ],
    "revenue": [
        2681484461.0,
        3516703921.0,
        3274874800.0,
        2718477791.0
    ],
    "net_income": [
        57353229.0,
        11197531.0,
        2061680.0,
        9454163.0
    ],
    "roa": [
        0.16069383472755103,
        0.03919281690390981,
        0.0072401845610726955,
        0.037637238296021926
    ],
    "roe": [
        0.24348338756707116,
        0.05193395796110911,
        0.010208342269701276,
        0.04703010457814604
    ],
    "debt_ratio": [
        0.34002136107423153,
        0.24533352660585853,
        0.2907580516219737,
        0.19972029333927513
    ],
    "current_ratio": [
        2.762923934314531,
        3.778198709323234,
        3.2101270683968433,
        4.653519091798718
    ]
}