{
    "years": [
        "2020",
        "2021",
        "2022",
        "2023"
    ],
    "revenue": [
        5602248622.0,
        6494977231.0,
        6889208895.0,
        5618812231.0
    ],
    "net_income": [
        379305449.0,
        525894614.0,
        502466451.0,
        259467308.0
    ],
    "roa": [
        0.07945637378580815,
        0.09683417418115303,
        0.09592170260154942,
        0.04929299663775169
    ],
    "roe": [
        0.19054587542187654,
        0.2199720356922308,
        0.1819699517303177,
        0.09344388323868333
    ],
    "debt_ratio": [
        0.5830065929798354,
        0.5597887073398888,
        0.4728706487557524,
        0.4724855717752783
    ],
    "current_ratio": [
        1.112070253688868,
        1.1933826225540851,
        1.322565731871003,
        1.250255384551261
    ]
}