{
    "years": [
        "2021",
        "2022",
        "2023",
        "2024"
    ],
    "revenue": [
        274643975.0,
        272376275.0,
        188086032.0,
        159641361.0
    ],
    "net_income": [
        -25920294.0,
        -53235923.0,
        -61576278.0,
        -2394970.0
    ],
    "roa": [
        -0.06361753020949817,
        -0.1344660734768436,
        -0.17909427556771126,
        -0.007539005144952269
    ],
    "roe": [
        0.1295438249410586,
        0.2101487804673934,
        0.1955415806325386,
        0.00754805840437398
    ],
    "debt_ratio": [
        1.4910888669409263,
        1.6398613076781918,
        1.9158884519004933,
        1.9988005843441188
    ],
    "current_ratio": [
        0.13041380978064687,
        0.14118496513646797,
        0.09062090007618735,
        0.10170508611038405
    ]
}