{
    "years": [
        "2021",
        "2022",
        "2023",
        "2024"
    ],
    "revenue": [
        400217054.0,
        501025983.0,
        460825920.0,
        488148804.0
    ],
    "net_income": [
        38350236.0,
        49337317.0,
        46722207.0,
        52468288.0
    ],
    "roa": [
        0.13863458105013945,
        0.16603340804794298,
        0.145197845856764,
        0.14427079174305185
    ],
    "roe": [
        0.248210608311139,
        0.3442879375050614,
        0.26683412191694217,
        0.2464433545534232
    ],
    "debt_ratio": [
        0.4414639164964412,
        0.5177484019593277,
        0.45584978107874846,
        0.41458842741171464
    ],
    "current_ratio": [
        1.9082070015704786,
        1.6631090585264074,
        1.9176856280554944,
        2.200002244371269
    ]
}