{
    "years": [
        "2020",
        "2021",
        "2023",
        "2024"
    ],
    "revenue": [
        424060338.0,
        466485999.0,
        736693243.0,
        685344975.0
    ],
    "net_income": [
        3674852.0,
        4672630.0,
        3090908.0,
        4176155.0
    ],
    "roa": [
        0.03582536902493593,
        0.053315558703954394,
        0.0314154528034024,
        0.0437148162960358
    ],
    "roe": [
        0.07316838080373815,
        0.09122453559168998,
        0.062267135938340684,
        0.08232977437846235
    ],
    "debt_ratio": [
        0.5103708920246378,
        0.4155568087231663,
        0.49547297575223015,
        0.4690278623249612
    ],
    "current_ratio": [
        0.6612960306687656,
        0.9169029991296623,
        0.5605603143881892,
        0.6774767470454315
    ]
}