{
    "years": [
        "2020",
        "2021",
        "2022",
        "2023"
    ],
    "revenue": [
        4734129120.0,
        4963702480.0,
        5152967380.0,
        4878341417.0
    ],
    "net_income": [
        239146460.0,
        257482740.0,
        -347376220.0,
        252869257.0
    ],
    "roa": [
        0.03078905644408822,
        0.030063043591150154,
        -0.041478328849008886,
        0.03076720438312602
    ],
    "roe": [
        0.11832007662959944,
        0.1180978177559904,
        -0.19175251629202042,
        0.12249531264280293
    ],
    "debt_ratio": [
        0.7397816387452719,
        0.7454394656701839,
        0.7836882161909081,
        0.7488295370709949
    ],
    "current_ratio": [
        4.729650908865986,
        5.0210535956043785,
        6.028877732001423,
        4.959735351285567
    ]
}