{
    "years": [
        "2020",
        "2021",
        "2022",
        "2023"
    ],
    "revenue": [
        50322553.0,
        96427398.0,
        61667876.0,
        20096294.0
    ],
    "net_income": [
        2049748.0,
        28081796.0,
        -117145730.0,
        2385512.0
    ],
    "roa": [
        0.001784222726846388,
        0.023304002623889427,
        -0.18344952315369742,
        0.0036992331840652566
    ],
    "roe": [
        0.0027979422625994997,
        0.036917038675272414,
        -0.2426160007450022,
        0.004901165460054288
    ],
    "debt_ratio": [
        0.362308954442573,
        0.3687466963730544,
        0.2438688190787994,
        0.24523397256939738
    ],
    "current_ratio": [
        2.201657992906874,
        2.20639403632918,
        2.868267431205601,
        2.876721984589882
    ]
}