{
    "years": [
        "2021",
        "2022",
        "2023",
        "2024"
    ],
    "revenue": [
        33553464.0,
        38214152.0,
        28397253.0,
        41181026.0
    ],
    "net_income": [
        941981.0,
        1097622.0,
        91876.0,
        1500515.0
    ],
    "roa": [
        0.03013437579476221,
        0.03434263595661363,
        0.003594496393942658,
        0.04579397598399299
    ],
    "roe": [
        0.05205918397517467,
        0.06024265403967308,
        0.005345674769254096,
        0.08069186410969854
    ],
    "debt_ratio": [
        0.42115159144384,
        0.42992823765704063,
        0.3275879006675499,
        0.43248335517770115
    ],
    "current_ratio": [
        2.4906014882052734,
        2.4446304067983977,
        3.4300815087630916,
        2.4677261706633984
    ]
}