{
    "years": [
        "2021",
        "2022",
        "2023",
        "2024"
    ],
    "revenue": [
        193413550.0,
        233850312.0,
        196313488.0,
        218701529.0
    ],
    "net_income": [
        5722298.0,
        6652544.0,
        4715536.0,
        6528499.0
    ],
    "roa": [
        0.01933531311177329,
        0.023108730922744194,
        0.017119977867600996,
        0.02485432975415575
    ],
    "roe": [
        0.041570574227183736,
        0.04790795189397947,
        0.03445713571617691,
        0.04704645197382362
    ],
    "debt_ratio": [
        0.5348798165234488,
        0.517643104971719,
        0.5031514514549879,
        0.47170660673870674
    ],
    "current_ratio": [
        2.5641648060733453,
        2.8883772973433395,
        3.2036936214457237,
        4.063599991716826
    ]
}