{
    "years": [
        "2021",
        "2022",
        "2023",
        "2024"
    ],
    "revenue": [
        350333640.0,
        444764091.0,
        393816966.0,
        381961445.0
    ],
    "net_income": [
        11427857.0,
        9205552.0,
        378665.0,
        3821309.0
    ],
    "roa": [
        0.04266430781015207,
        0.03474400427854399,
        0.0014682742049664415,
        0.016951680137645208
    ],
    "roe": [
        0.11633316255720837,
        0.09134717654076056,
        0.003970593459673979,
        0.03919567259787061
    ],
    "debt_ratio": [
        0.6332575606790425,
        0.6196488430812017,
        0.6302129090075619,
        0.5675114364904114
    ],
    "current_ratio": [
        0.7072591345618701,
        0.681200939369288,
        0.5628302365484515,
        0.5353676708019557
    ]
}