{
    "years": [
        "2022",
        "2023",
        "2024"
    ],
    "revenue": [
        240611246.0,
        259249879.0,
        288314094.0
    ],
    "net_income": [
        4730899.0,
        10738015.0,
        24463522.0
    ],
    "roa": [
        0.019273543964599182,
        0.04344568553447414,
        0.07755653809001424
    ],
    "roe": [
        0.039012863915079805,
        0.08163926643427766,
        0.11162350401265911
    ],
    "debt_ratio": [
        0.5059695179889293,
        0.46783346504651196,
        0.3051952742746848
    ],
    "current_ratio": [
        1.6884957625624815,
        2.1773987423040277,
        4.795119600810052
    ]
}