{
    "years": [
        "2021",
        "2022",
        "2023",
        "2024"
    ],
    "revenue": [
        245275867.0,
        173711992.0,
        197915809.0,
        816512489.0
    ],
    "net_income": [
        1503879.0,
        2203445.0,
        149950.0,
        2230543.0
    ],
    "roa": [
        0.00461067303025076,
        0.007149219107822217,
        0.00016496616275017486,
        0.006801414985383247
    ],
    "roe": [
        0.00654193103352935,
        0.00957661021094837,
        0.0006569744814024391,
        0.009786781878393727
    ],
    "debt_ratio": [
        0.2952122230241065,
        0.25347080539532246,
        0.7489001971613529,
        0.30504071002147026
    ],
    "current_ratio": [
        3.1512684446807264,
        3.396202629312019,
        1.2318617417076005,
        2.79115368011722
    ]
}