{
    "years": [
        "2021",
        "2022",
        "2023",
        "2024"
    ],
    "revenue": [
        4500000.0,
        0.0,
        0.0,
        150000000.0
    ],
    "net_income": [
        4245761.0,
        -4511301.0,
        8563444.0,
        -14209750.0
    ],
    "roa": [
        0.011138885939092569,
        -0.011519561480397712,
        0.021388633177027404,
        -0.05490570659963019
    ],
    "roe": [
        0.0176366439874046,
        -0.019097563875194526,
        0.034983197783159885,
        -0.06162676006423573
    ],
    "debt_ratio": [
        0.3684237235242983,
        0.3968046628522992,
        0.3886026855062573,
        0.10906063303668648
    ],
    "current_ratio": [
        1.2450818475459438,
        1.2126840571270239,
        0.5260665924505992,
        4.1763553032545815
    ]
}