{
    "years": [
        "2022",
        "2023",
        "2024"
    ],
    "revenue": [
        34362448.0,
        244471731.0,
        265172269.0
    ],
    "net_income": [
        -12982598.0,
        3364261.0,
        14526612.0
    ],
    "roa": [
        -0.03245377237190129,
        0.006755586717911541,
        0.0319992603517156
    ],
    "roe": [
        -0.03546064834478987,
        0.00910719265654692,
        0.03804932997025583
    ],
    "debt_ratio": [
        0.08479472635841898,
        0.258214142087449,
        0.1590059436859918
    ],
    "current_ratio": [
        10.71146143569052,
        3.744748164505574,
        6.026387484852214
    ]
}