{
    "years": [
        "2020",
        "2021",
        "2022",
        "2023"
    ],
    "revenue": [
        2195498487.0,
        2767441385.0,
        2935529899.0,
        3228718536.0
    ],
    "net_income": [
        20885262.0,
        24103589.0,
        27254385.0,
        35022426.0
    ],
    "roa": [
        0.012479698471226298,
        0.013311410175875471,
        0.012137101132162717,
        0.014167415900613552
    ],
    "roe": [
        0.025355439713411976,
        0.030073804750872783,
        0.032700507660111094,
        0.03336352415150487
    ],
    "debt_ratio": [
        0.5078098186313427,
        0.5573752544400237,
        0.628840589928582,
        0.5753621279251303
    ],
    "current_ratio": [
        1.7806109545450373,
        1.6464793140749414,
        1.4979743687744558,
        1.6390819862770267
    ]
}