{
    "years": [
        "2020",
        "2022",
        "2023",
        "2024"
    ],
    "revenue": [
        5228638834.0,
        5431604614.0,
        5804412485.0,
        9289871699.0
    ],
    "net_income": [
        183824149.0,
        -154856438.0,
        545942181.0,
        697970710.0
    ],
    "roa": [
        0.008813889170761239,
        -0.007479525153279128,
        0.02523672221756293,
        0.029556797847500458
    ],
    "roe": [
        0.013091007115104655,
        -0.010999491115653952,
        0.0366449461642624,
        0.043480926079956426
    ],
    "debt_ratio": [
        0.32672184093524753,
        0.32001171012042323,
        0.3113177979730592,
        0.3202353189729929
    ],
    "current_ratio": [
        1.8250202227249248,
        1.9684260483029925,
        2.2020281389038026,
        1.8870509158712776
    ]
}