{
    "years": [
        "2022",
        "2023",
        "2024"
    ],
    "revenue": [
        4601402944.0,
        4441965085.0,
        5248084169.0
    ],
    "net_income": [
        16300898.0,
        1086401.0,
        12790832.0
    ],
    "roa": [
        0.011190628027295008,
        0.0006036494903214906,
        0.007727972388715159
    ],
    "roe": [
        0.03269875664210815,
        0.0022476311894505854,
        0.02578045201249979
    ],
    "debt_ratio": [
        0.6577659465839087,
        0.7314285843893065,
        0.700239065437324
    ],
    "current_ratio": [
        1.1059726721185505,
        1.0949449605904675,
        1.1505912575460675
    ]
}