{
    "years": [
        "2020",
        "2021",
        "2022",
        "2024"
    ],
    "revenue": [
        6521144.0,
        10841468.0,
        30640638.0,
        17104550.0
    ],
    "net_income": [
        -5866463.0,
        -33285654.0,
        -6035342.0,
        -20237382.0
    ],
    "roa": [
        -0.009299922173435815,
        -0.05541980675265813,
        -0.009907208775920533,
        -0.03624560096508731
    ],
    "roe": [
        -0.04995448803649949,
        -0.3955490888877774,
        -0.07726210990622191,
        -0.3609929997363376
    ],
    "debt_ratio": [
        0.8138320991971576,
        0.8598914564346741,
        0.8717714441406589,
        0.8995947262369065
    ],
    "current_ratio": [
        1.9460830294824498,
        1.8753436054460828,
        1.6745732626373746,
        1.7034205671665958
    ]
}