{
    "years": [
        "2021",
        "2022",
        "2023",
        "2024"
    ],
    "revenue": [
        10247637410.0,
        13378373078.0,
        14661051651.0,
        20376218972.0
    ],
    "net_income": [
        870629591.0,
        873177673.0,
        1006501257.0,
        879642039.0
    ],
    "roa": [
        0.03585478781955153,
        0.033424868590613235,
        0.03735713353474559,
        0.027690553071819442
    ],
    "roe": [
        0.11105021224344827,
        0.11110504308638536,
        0.12426898376986872,
        0.10749844069787823
    ],
    "debt_ratio": [
        0.6771299478388265,
        0.6991597531299724,
        0.699384895559084,
        0.7424097234150301
    ],
    "current_ratio": [
        1.289500523010735,
        1.2434846308136986,
        1.1480771222274821,
        1.1154938450027065
    ]
}