{
    "years": [
        "2021",
        "2022",
        "2023",
        "2024"
    ],
    "revenue": [
        23741670.0,
        2769793.0,
        1445583.0,
        503205.0
    ],
    "net_income": [
        17130485.0,
        58495.0,
        -88808673.0,
        -17208739.0
    ],
    "roa": [
        0.041842687882339406,
        0.0001427806167146769,
        -0.40714306668710193,
        -0.08555787854290013
    ],
    "roe": [
        0.06766313673376116,
        0.00023072076555796626,
        -0.5405464760021624,
        -0.11699820013531993
    ],
    "debt_ratio": [
        0.3816028948379864,
        0.3811540267327835,
        0.24679359729010034,
        0.2687248312884811
    ],
    "current_ratio": [
        1.029173857501307,
        0.8338160800670671,
        1.8963653925315371,
        1.3164291706710436
    ]
}