{
    "years": [
        "2021",
        "2022",
        "2023",
        "2024"
    ],
    "revenue": [
        840278711.0,
        1035664113.0,
        1439655401.0,
        1906809942.0
    ],
    "net_income": [
        54092323.0,
        41353656.0,
        145064864.0,
        56399121.0
    ],
    "roa": [
        0.0663908847936185,
        0.05285689942831504,
        0.13117417547510846,
        0.04879391366241982
    ],
    "roe": [
        0.10824732184883441,
        0.08116244428396396,
        0.2168417284529648,
        0.08188423372733253
    ],
    "debt_ratio": [
        0.3866741120271569,
        0.34875175464918223,
        0.39506949879547065,
        0.4041110059733921
    ],
    "current_ratio": [
        1.6839919722804029,
        1.9051577028828113,
        2.126807679763681,
        2.2342611565740476
    ]
}