{
    "years": [
        "2022",
        "2023",
        "2024"
    ],
    "revenue": [
        449404328.0,
        439940777.0,
        491419149.0
    ],
    "net_income": [
        1036305.0,
        1355571.0,
        1174393.0
    ],
    "roa": [
        0.006907307993244481,
        0.008612898807316728,
        0.007738195976845498
    ],
    "roe": [
        0.010193337354844375,
        0.013299919693492496,
        0.01152082620512298
    ],
    "debt_ratio": [
        0.32237031378523057,
        0.35240971330594384,
        0.3283297708801002
    ],
    "current_ratio": [
        2.422250519464567,
        2.222712258979847,
        2.3688114736077788
    ]
}