{
    "years": [
        "2021",
        "2022",
        "2023",
        "2024"
    ],
    "revenue": [
        14215477732.0,
        16378973957.0,
        19378650592.0,
        23772356343.0
    ],
    "net_income": [
        677264218.0,
        944451937.0,
        1060007526.0,
        1254654271.0
    ],
    "roa": [
        0.027259603270417397,
        0.03656730244344068,
        0.04012746715918437,
        0.036818420838659154
    ],
    "roe": [
        0.054032776761656555,
        0.07293856603861458,
        0.07826270526203902,
        0.08512174154840028
    ],
    "debt_ratio": [
        0.4954987527170413,
        0.4986561372198968,
        0.4872721684635144,
        0.5674616124045797
    ],
    "current_ratio": [
        1.7604710945445115,
        1.7815508200664776,
        1.7980052089799246,
        1.7134112126967391
    ]
}