{
    "years": [
        "2021",
        "2022",
        "2023",
        "2024"
    ],
    "revenue": [
        7460234126.0,
        9047363208.0,
        9555979392.0,
        11732148062.0
    ],
    "net_income": [
        834514740.0,
        1155847084.0,
        1221500696.0,
        1469628361.0
    ],
    "roa": [
        0.06679741117389171,
        0.08110266841675279,
        0.06984013425419391,
        0.07400629641022839
    ],
    "roe": [
        0.11984648060221761,
        0.14422742789832202,
        0.13526548109304412,
        0.1414535792579874
    ],
    "debt_ratio": [
        0.44264186283785034,
        0.43767513850466194,
        0.48368102719308353,
        0.47681566773751666
    ],
    "current_ratio": [
        1.9795461111626433,
        2.0574948939591255,
        1.856448851314621,
        1.7898413036093763
    ]
}