{
    "years": [
        "2022",
        "2023",
        "2024"
    ],
    "revenue": [
        314816477.0,
        993546059.0,
        1063313453.0
    ],
    "net_income": [
        -115480166.0,
        -24088839.0,
        177417.0
    ],
    "roa": [
        -0.1689096212458183,
        -0.0240188612247459,
        0.00015811109362203203
    ],
    "roe": [
        0.28313129116217806,
        0.055766785683754386,
        -0.0004108973953303577
    ],
    "debt_ratio": [
        1.5965770175118743,
        1.4307019120835383,
        1.3847945872105425
    ],
    "current_ratio": [
        0.21022115021921153,
        0.4116867712015396,
        0.45698320471080506
    ]
}