{
    "years": [
        "2020",
        "2021",
        "2023",
        "2024"
    ],
    "revenue": [
        295114697.0,
        17587958.0,
        19273128.0,
        11103043.0
    ],
    "net_income": [
        35261331.0,
        -39403361.0,
        -4561972.0,
        -2113829.0
    ],
    "roa": [
        0.10514330949845949,
        -0.14026797170348582,
        -0.02156353500846979,
        -0.010415684471274037
    ],
    "roe": [
        0.2816273754733843,
        -0.44970159993491066,
        -0.06046277260252999,
        -0.02895547323536222
    ],
    "debt_ratio": [
        0.6266580643244455,
        0.6880865629035163,
        0.6433584819170617,
        0.6402861598354485
    ],
    "current_ratio": [
        1.302334707529251,
        1.0961664867456644,
        1.1792778783778903,
        1.3695700428656055
    ]
}