{
    "years": [
        "2021",
        "2022",
        "2023",
        "2024"
    ],
    "revenue": [
        105399422.0,
        109622904.0,
        127923685.0,
        136483957.0
    ],
    "net_income": [
        19087194.0,
        15612752.0,
        30575774.0,
        38799736.0
    ],
    "roa": [
        0.03683382818979794,
        0.031203379618122327,
        0.059229863967740284,
        0.07834040473702694
    ],
    "roe": [
        0.04480251141261784,
        0.037007232358682265,
        0.06981217866704291,
        0.08698341991698699
    ],
    "debt_ratio": [
        0.1778624226983771,
        0.15683022940780114,
        0.15158264505356778,
        0.09936393841732759
    ],
    "current_ratio": [
        6.956183013505096,
        6.430651991085436,
        3.7521101656333182,
        6.57782653693483
    ]
}