{
    "years": [
        "2014",
        "2015",
        "2016",
        "2017"
    ],
    "revenue": [
        42691583.0,
        133763279.0,
        800023499.0,
        891792069.0
    ],
    "net_income": [
        -14111910.0,
        -8879323.0,
        47001984.0,
        -11522742.0
    ],
    "roa": [
        -0.018099079750063557,
        -0.009363186426117094,
        0.03562272142817425,
        -0.00936898815389446
    ],
    "roe": [
        -0.09693752072480327,
        -0.06495573861611621,
        0.289812639536198,
        -0.07648285424499468
    ],
    "debt_ratio": [
        0.8132912868542906,
        0.8558528218506934,
        0.8770836169009636,
        0.8775021114682366
    ],
    "current_ratio": [
        2.1190558948531595,
        0.9400067484921438,
        0.8405354510463324,
        0.5623890895996333
    ]
}