{
    "years": [
        "2017",
        "2018",
        "2021",
        "2022"
    ],
    "revenue": [
        161048002.0,
        9651711.0,
        5495085.0,
        738061.0
    ],
    "net_income": [
        -72741073.0,
        -81693824.0,
        -1840528.0,
        -2862402.0
    ],
    "roa": [
        -0.2678085433818074,
        -0.41855695796570164,
        -0.07261319082085389,
        -0.15658205421245036
    ],
    "roe": [
        0.8081400589829109,
        0.4757820453444434,
        0.010119081941797928,
        0.015493442385065262
    ],
    "debt_ratio": [
        1.331388774018775,
        1.879724155338158,
        8.175867458975453,
        11.106343724063928
    ],
    "current_ratio": [
        0.7260499697101787,
        0.5091701516736592,
        0.09024822756294922,
        0.059826119205377865
    ]
}