{
    "years": [
        "2021",
        "2022",
        "2023",
        "2024"
    ],
    "revenue": [
        1081502091.0,
        553909816.0,
        412423284.0,
        570016285.0
    ],
    "net_income": [
        1206726.0,
        -64627922.0,
        -159006188.0,
        9946931.0
    ],
    "roa": [
        0.0010414879448309372,
        -0.060637701243701506,
        -0.19374934872594377,
        0.011873306521652756
    ],
    "roe": [
        0.0035260594136771375,
        -0.23280713638522985,
        -1.3407308440775447,
        0.0785613951096768
    ],
    "debt_ratio": [
        0.70463119799084,
        0.7395367591165105,
        0.8554897505477709,
        0.8488658901095525
    ],
    "current_ratio": [
        0.7223646540467737,
        0.6591203684095359,
        0.41890061509488125,
        0.47490717216875256
    ]
}