{
    "years": [
        "2021",
        "2022",
        "2023",
        "2024"
    ],
    "revenue": [
        33270382.0,
        100837765.0,
        99614555.0,
        100140494.0
    ],
    "net_income": [
        -10534080.0,
        633279.0,
        1011683.0,
        1220807.0
    ],
    "roa": [
        -0.034256161316820515,
        0.0020777117318256278,
        0.0034131822911532216,
        0.004329802314908015
    ],
    "roe": [
        -0.1991268540901024,
        0.011829333427179128,
        0.018547229084127866,
        0.021891160563945914
    ],
    "debt_ratio": [
        0.8279681488800098,
        0.8243593567958895,
        0.8159734655957792,
        0.8022122992401294
    ],
    "current_ratio": [
        1.0489147092107067,
        1.063455362589382,
        1.0873022872397606,
        1.108706998765639
    ]
}