{
    "years": [
        "2020",
        "2021",
        "2022",
        "2023"
    ],
    "revenue": [
        1867923802.0,
        1049897566.0,
        1265783111.0,
        432487596.0
    ],
    "net_income": [
        82571988.0,
        70304024.0,
        31896515.0,
        3187819.0
    ],
    "roa": [
        0.007991066799720316,
        0.007161325455498551,
        0.003206102992314981,
        0.0003332051440849706
    ],
    "roe": [
        0.019481061243691443,
        0.016321856874617822,
        0.0073517663279115365,
        0.0007342148453211606
    ],
    "debt_ratio": [
        0.5898033120599082,
        0.5612432145122438,
        0.5639003132971231,
        0.5461748748226143
    ],
    "current_ratio": [
        1.3983082376469127,
        1.4779744498207823,
        1.4780421730650146,
        1.5193502545995574
    ]
}