{
    "years": [
        "2021",
        "2022",
        "2023",
        "2024"
    ],
    "revenue": [
        277392743.0,
        304371867.0,
        315538761.0,
        358808909.0
    ],
    "net_income": [
        11775695.0,
        18295500.0,
        23694761.0,
        13482261.0
    ],
    "roa": [
        0.08540625284104085,
        0.1142085862471463,
        0.1442810313267085,
        0.08000856375337796
    ],
    "roe": [
        0.12351486597498018,
        0.17895648751086585,
        0.20756967232394266,
        0.1176078533727656
    ],
    "debt_ratio": [
        0.3085346272541704,
        0.3618080694603943,
        0.3049031213888657,
        0.3197005007838575
    ],
    "current_ratio": [
        2.330880695690047,
        2.072176402972937,
        2.8398407902737484,
        2.714895888884635
    ]
}