{
    "years": [
        "2021",
        "2022",
        "2023",
        "2024"
    ],
    "revenue": [
        215489192.0,
        258880317.0,
        245031898.0,
        228293563.0
    ],
    "net_income": [
        25002597.0,
        40276850.0,
        42173038.0,
        36823046.0
    ],
    "roa": [
        0.12342119530854866,
        0.16564598264717692,
        0.1515754298868395,
        0.12073004791402833
    ],
    "roe": [
        0.13743176074393254,
        0.1894231916995941,
        0.17197572931347174,
        0.1351431147575741
    ],
    "debt_ratio": [
        0.10194561547886179,
        0.1255242762994164,
        0.11862313076426755,
        0.10665039702096987
    ],
    "current_ratio": [
        10.265088365327372,
        9.51860828158593,
        9.561647633579364,
        10.25738660008323
    ]
}