{
    "years": [
        "2021",
        "2022",
        "2023",
        "2024"
    ],
    "revenue": [
        1311226260.0,
        1069769932.0,
        942356042.0,
        1165259416.0
    ],
    "net_income": [
        330872790.0,
        44163555.0,
        115162605.0,
        128187658.0
    ],
    "roa": [
        0.3139470064806154,
        0.04070700758185795,
        0.09088380363455381,
        0.09680531423293263
    ],
    "roe": [
        0.39238216358504646,
        0.056848320669733,
        0.13875719493127578,
        0.14563544109605278
    ],
    "debt_ratio": [
        0.19989480762274933,
        0.2839364979952514,
        0.34501555988093363,
        0.33529013607968267
    ],
    "current_ratio": [
        3.776933215190592,
        1.9586656911900897,
        2.714084201840108,
        3.0756088686790224
    ]
}