{
    "years": [
        "2021",
        "2022",
        "2023",
        "2024"
    ],
    "revenue": [
        7374456066.0,
        8318949298.0,
        10081617871.0,
        10315835018.0
    ],
    "net_income": [
        1253564178.0,
        1286743586.0,
        2183465275.0,
        2376694253.0
    ],
    "roa": [
        0.12693356390430477,
        0.12533463929856992,
        0.18115887604944994,
        0.17211835519780747
    ],
    "roe": [
        0.17668556022902876,
        0.17237298995922803,
        0.2544665670743698,
        0.2376333744160341
    ],
    "debt_ratio": [
        0.28158495951923257,
        0.2728870147914953,
        0.28808378195904666,
        0.27569788704648407
    ],
    "current_ratio": [
        1.964473804282778,
        2.2146222699193183,
        2.466356354609151,
        2.7602576250426862
    ]
}