{
    "years": [
        "2021",
        "2022",
        "2023",
        "2024"
    ],
    "revenue": [
        1622768.0,
        60616713.0,
        3861347.0,
        4815705.0
    ],
    "net_income": [
        1081313.0,
        -1424774.0,
        686100.0,
        1909404.0
    ],
    "roa": [
        0.08506341919681998,
        -0.017257286097861403,
        0.017682176675175555,
        0.05142500064233984
    ],
    "roe": [
        0.10050183392961722,
        -0.03558692052899494,
        0.021253384673531005,
        0.05584469813260506
    ],
    "debt_ratio": [
        0.15361326384958282,
        0.5150666075812661,
        0.1680300833590538,
        0.07914265164027741
    ],
    "current_ratio": [
        2.779325941205751,
        0.8723783107706711,
        0.8466163503526019,
        1.035841060765539
    ]
}