{
    "years": [
        "2021",
        "2022",
        "2023",
        "2024"
    ],
    "revenue": [
        150276253.0,
        157099926.0,
        160580895.0,
        166132810.0
    ],
    "net_income": [
        3626486.0,
        3314083.0,
        3093154.0,
        3246418.0
    ],
    "roa": [
        0.029655077206778437,
        0.02878955955830833,
        0.026748902633990608,
        0.02783020821019166
    ],
    "roe": [
        0.03820484913429943,
        0.034961197681980846,
        0.03264896536273459,
        0.0341541161015523
    ],
    "debt_ratio": [
        0.2237876112916045,
        0.17652822365560447,
        0.18071208882711765,
        0.18515800182201814
    ],
    "current_ratio": [
        4.7681872204119,
        6.37888477285599,
        5.932497337742049,
        5.545464236258225
    ]
}