{
    "years": [
        "2021",
        "2022",
        "2023",
        "2024"
    ],
    "revenue": [
        71201964.0,
        70547750.0,
        80338976.0,
        114504400.0
    ],
    "net_income": [
        6061325.0,
        7662034.0,
        10770971.0,
        33439305.0
    ],
    "roa": [
        0.023415574005552636,
        0.03009421371670421,
        0.04057952250209903,
        0.11359564242407255
    ],
    "roe": [
        0.026641785162520394,
        0.03379118003397317,
        0.04654198293259279,
        0.13064158387803718
    ],
    "debt_ratio": [
        0.12109590769864724,
        0.10940625078946882,
        0.12810929089826814,
        0.13047868027900036
    ],
    "current_ratio": [
        6.7580399097251025,
        7.215744840926265,
        5.98992269725191,
        5.620790729501178
    ]
}