{
    "years": [
        "2021",
        "2022",
        "2023",
        "2024"
    ],
    "revenue": [
        120412065.0,
        120300912.0,
        110910193.0,
        110772110.0
    ],
    "net_income": [
        70006403.0,
        74027634.0,
        72326456.0,
        70902859.0
    ],
    "roa": [
        0.16614283694444829,
        0.15005182334967504,
        0.13700329494010333,
        0.11483325813515843
    ],
    "roe": [
        0.20779533696543576,
        0.19918000060824084,
        0.16372097903450702,
        0.14933589351711027
    ],
    "debt_ratio": [
        0.20044963775060973,
        0.24665215939623394,
        0.16319035136463778,
        0.23104047238314251
    ],
    "current_ratio": [
        2.8277677742867815,
        2.6500879773884107,
        4.474413061698256,
        5.841087142170247
    ]
}