{
    "years": [
        "2022",
        "2023",
        "2024"
    ],
    "revenue": [
        41282556.0,
        42076634.0,
        44479716.0
    ],
    "net_income": [
        31559171.0,
        32184919.0,
        33352721.0
    ],
    "roa": [
        0.1601968664101311,
        0.15518849608144805,
        0.15259748945313673
    ],
    "roe": [
        0.16539602826432429,
        0.16045161732695976,
        0.15775249386345563
    ],
    "debt_ratio": [
        0.031434623362806946,
        0.03280192081072507,
        0.03267779978667651
    ],
    "current_ratio": [
        10.278167704872658,
        11.78566125418469,
        13.024185808320826
    ]
}