{
    "years": [
        "2021",
        "2022",
        "2023",
        "2024"
    ],
    "revenue": [
        137037204.0,
        161195799.0,
        185104762.0,
        202083051.0
    ],
    "net_income": [
        5818787.0,
        8792258.0,
        9622522.0,
        10105517.0
    ],
    "roa": [
        0.07439443696928497,
        0.10226173952303277,
        0.10246922746184778,
        0.09040994828225056
    ],
    "roe": [
        0.14394006708906465,
        0.1988606199854306,
        0.20445576782478916,
        0.20329568394664668
    ],
    "debt_ratio": [
        0.4831568549759497,
        0.48576173839483694,
        0.49881958062606474,
        0.5552785650580859
    ],
    "current_ratio": [
        0.5959790219670147,
        0.5252509446166737,
        0.5379204209606986,
        0.6413438300308634
    ]
}