{
    "years": [
        "2022",
        "2023",
        "2024"
    ],
    "revenue": [
        90337334.0,
        80747978.0,
        74110410.0
    ],
    "net_income": [
        2207265.0,
        1825672.0,
        2248926.0
    ],
    "roa": [
        0.03687963068256151,
        0.035039676800134624,
        0.03531630355187391
    ],
    "roe": [
        0.054426873932460096,
        0.04544514069814286,
        0.05539724630416281
    ],
    "debt_ratio": [
        0.32240035082068963,
        0.2289675802111326,
        0.36248990865056646
    ],
    "current_ratio": [
        2.3910090805850563,
        3.31712767403956,
        2.259398456717787
    ]
}