{
    "years": [
        "2020",
        "2021",
        "2022",
        "2023"
    ],
    "revenue": [
        9182384793.0,
        8570583687.0,
        10417176812.0,
        12058194224.0
    ],
    "net_income": [
        1305594013.0,
        578015218.0,
        764135930.0,
        611901529.0
    ],
    "roa": [
        0.12425241659948216,
        0.06487488006318383,
        0.09491716975352225,
        0.08291427061820021
    ],
    "roe": [
        0.21443142582611607,
        0.09367332731599393,
        0.12399988027896598,
        0.1156175754527354
    ],
    "debt_ratio": [
        0.4205494081812462,
        0.3074348705012105,
        0.23453821455323615,
        0.2828575560979856
    ],
    "current_ratio": [
        2.1287990786688877,
        2.7375881854854427,
        2.382029288822543,
        2.115273771503949
    ]
}