{
    "years": [
        "2021",
        "2022",
        "2023",
        "2024"
    ],
    "revenue": [
        5719831843.0,
        6927563526.0,
        8330265111.0,
        8939117000.0
    ],
    "net_income": [
        398241654.0,
        485827390.0,
        584271608.0,
        4095780000.0
    ],
    "roa": [
        0.07385380668084858,
        0.07233359828360196,
        0.07537346574196074,
        0.07416377255114416
    ],
    "roe": [
        0.29088024940593066,
        0.18531043022138693,
        0.19644185791909596,
        0.0976985205540712
    ],
    "debt_ratio": [
        0.7461023674461178,
        0.6096625635309014,
        0.616306491190879,
        0.2408915495286517
    ],
    "current_ratio": [
        1.2374685687883982,
        1.535682424297929,
        1.530572717123351,
        2.079541455949227
    ]
}