{
    "years": [
        "2021",
        "2022",
        "2023",
        "2024"
    ],
    "revenue": [
        562239349.0,
        727229513.0,
        562092874.0,
        787553709.0
    ],
    "net_income": [
        7943717.0,
        11785337.0,
        -8087818.0,
        5530569.0
    ],
    "roa": [
        0.024051361975208418,
        0.031821995488204795,
        -0.02094416601991553,
        0.012488547903961414
    ],
    "roe": [
        0.09538112342001825,
        0.1319285396055894,
        -0.11161183775054803,
        0.07090984809660174
    ],
    "debt_ratio": [
        0.7478393930285727,
        0.7587936955617101,
        0.8123481662695524,
        0.8238813332818307
    ],
    "current_ratio": [
        1.0561953209693882,
        0.9353798952783775,
        0.7650307805005871,
        0.7818835412781404
    ]
}