{
    "years": [
        "2021",
        "2022",
        "2023",
        "2024"
    ],
    "revenue": [
        408566786.0,
        458185243.0,
        335006618.0,
        329152782.0
    ],
    "net_income": [
        2449284.0,
        2583555.0,
        3138888.0,
        2858765.0
    ],
    "roa": [
        0.008493114334131066,
        0.011311046995381855,
        0.01721142722723966,
        0.011591639918384092
    ],
    "roe": [
        0.01829159603922112,
        0.01892912549236018,
        0.02225288315919128,
        0.019864383827175133
    ],
    "debt_ratio": [
        0.5356821615828383,
        0.40245274405587256,
        0.22655293230483298,
        0.4164611387277794
    ],
    "current_ratio": [
        1.6862223899813074,
        2.262103632030612,
        4.739335741403333,
        2.2093116070336443
    ]
}