{
    "years": [
        "2021",
        "2022",
        "2023",
        "2024"
    ],
    "revenue": [
        564485400.0,
        456326874.0,
        839968366.0,
        776639693.0
    ],
    "net_income": [
        81343746.0,
        22633845.0,
        30083671.0,
        3745802.0
    ],
    "roa": [
        0.09634329666490454,
        0.026360815767526302,
        0.025124659582465767,
        0.003579172021590745
    ],
    "roe": [
        0.22508741624343773,
        0.05933012283364537,
        0.07375479978080336,
        0.009108903763374239
    ],
    "debt_ratio": [
        0.5719738656526813,
        0.5556925469134978,
        0.6593488199122585,
        0.6070688510309937
    ],
    "current_ratio": [
        1.548913897525449,
        1.5984955520273378,
        1.3940091973988311,
        1.185886903739348
    ]
}