{
    "years": [
        "2019",
        "2020",
        "2021",
        "2022"
    ],
    "revenue": [
        28288766.0,
        10233181.0,
        2034243.0,
        555000.0
    ],
    "net_income": [
        651004.0,
        -39501758.0,
        -1821545.0,
        1282160.0
    ],
    "roa": [
        0.004037428981765985,
        -0.41029289100839417,
        -0.019707300106863616,
        0.013737520024061874
    ],
    "roe": [
        0.006715187708612446,
        -0.6876656602068605,
        -0.032748809246575396,
        0.022532032395613397
    ],
    "debt_ratio": [
        0.39876156006959396,
        0.40335410832500823,
        0.39822849867665205,
        0.3903115447882839
    ],
    "current_ratio": [
        4.310933286532051,
        10.952914043197438,
        14.364541781525965,
        14.935113978336826
    ]
}