{
    "years": [
        "2020",
        "2021",
        "2022",
        "2023"
    ],
    "revenue": [
        144812554.0,
        122017027.0,
        81396422.0,
        13590357.0
    ],
    "net_income": [
        15016819.0,
        16972851.0,
        7913320.0,
        1160720.0
    ],
    "roa": [
        0.02250042524623152,
        0.031828688405272226,
        0.016595371356204744,
        0.002464284179233788
    ],
    "roe": [
        0.05280953525016193,
        0.05899566255201126,
        0.027096178294587155,
        0.004038875505963351
    ],
    "debt_ratio": [
        0.5739325267748399,
        0.46049104241838645,
        0.3875383024210502,
        0.38985884175055596
    ],
    "current_ratio": [
        1.2843773923035668,
        1.4816378768275835,
        1.6823070708651506,
        1.659735594774199
    ]
}