{
    "years": [
        "2020",
        "2021",
        "2022",
        "2023"
    ],
    "revenue": [
        2757291165.0,
        2721143078.0,
        2862075157.0,
        2608112233.0
    ],
    "net_income": [
        3201067.0,
        37728816.0,
        12537942.0,
        -146700946.0
    ],
    "roa": [
        0.001465156948062186,
        0.016976384606253756,
        0.005094045141998718,
        -0.0684148850938818
    ],
    "roe": [
        0.006828660623756314,
        0.07465535627655251,
        0.018425547277915014,
        -0.4266340083299011
    ],
    "debt_ratio": [
        0.7854400696140861,
        0.772603260463099,
        0.7235335773117321,
        0.8396403386553775
    ],
    "current_ratio": [
        1.0775739678285676,
        1.1151257143911841,
        1.2194366402584293,
        0.9237240931910394
    ]
}