{
    "years": [
        "2021",
        "2022",
        "2023",
        "2024"
    ],
    "revenue": [
        5815207698.0,
        9377949892.0,
        8579347840.0,
        8394604176.0
    ],
    "net_income": [
        2135410247.0,
        3515376975.0,
        2786658064.0,
        2396000255.0
    ],
    "roa": [
        0.06709429165877588,
        0.10365392661835283,
        0.0798188670297149,
        0.06589235628519818
    ],
    "roe": [
        0.1305432385927103,
        0.18305734453488673,
        0.1341668021772403,
        0.10670333078524308
    ],
    "debt_ratio": [
        0.4860377880764289,
        0.43376253555017197,
        0.40507736836217784,
        0.3824714205237255
    ],
    "current_ratio": [
        1.675369946312517,
        2.0981479992558674,
        2.4145148934880614,
        2.7728817445658116
    ]
}