{
    "years": [
        "2021",
        "2022",
        "2023",
        "2024"
    ],
    "revenue": [
        892373530.0,
        937898663.0,
        954923842.0,
        1185760554.0
    ],
    "net_income": [
        338911615.0,
        264859707.0,
        243798452.0,
        484286438.0
    ],
    "roa": [
        0.12104562863821193,
        0.09563717424642867,
        0.08913613950155601,
        0.15941101917734263
    ],
    "roe": [
        0.16328252837242754,
        0.11934119053483144,
        0.10474023723292811,
        0.18155100560366105
    ],
    "debt_ratio": [
        0.2586737243428666,
        0.1986239301130854,
        0.14897901841362735,
        0.12194912582666503
    ],
    "current_ratio": [
        1.7380554167216158,
        2.202416089958851,
        2.517215740513096,
        3.2992771516688113
    ]
}