{
    "years": [
        "2021",
        "2022",
        "2023",
        "2024"
    ],
    "revenue": [
        285017048.0,
        308144781.0,
        286396917.0,
        247706529.0
    ],
    "net_income": [
        140613976.0,
        173373777.0,
        137405291.0,
        88101985.0
    ],
    "roa": [
        0.1417442376051962,
        0.17149609303079633,
        0.13734186007395044,
        0.08468743911425125
    ],
    "roe": [
        0.24217052379359041,
        0.2714393437520277,
        0.23271462970542803,
        0.1590382063280216
    ],
    "debt_ratio": [
        0.4146924432223251,
        0.3681973635057641,
        0.4098271335678431,
        0.4675025513078248
    ],
    "current_ratio": [
        0.5430988942600727,
        0.7330906771971042,
        1.0197267852049872,
        1.3681227071544804
    ]
}