{
    "years": [
        "2021",
        "2022",
        "2023",
        "2024"
    ],
    "revenue": [
        427670064.0,
        949320645.0,
        627200794.0,
        583807146.0
    ],
    "net_income": [
        57670227.0,
        124510258.0,
        71838992.0,
        139396614.0
    ],
    "roa": [
        0.03203653371706939,
        0.06481956267111019,
        0.032184511144292216,
        0.06687606628148139
    ],
    "roe": [
        0.08158663512110922,
        0.15433028424540202,
        0.08559193409946242,
        0.14751572739985747
    ],
    "debt_ratio": [
        0.6073311067491193,
        0.5799945358226646,
        0.6239772884803364,
        0.5466512794245557
    ],
    "current_ratio": [
        1.2341277280763319,
        1.3732837567712621,
        1.1397908289265273,
        1.0257811593866546
    ]
}