{
    "years": [
        "2022",
        "2023",
        "2024"
    ],
    "revenue": [
        42602810.0,
        31242152.0,
        36099275.0
    ],
    "net_income": [
        9778488.0,
        225877.0,
        5880353.0
    ],
    "roa": [
        0.040262914166970795,
        0.0009887035442958444,
        0.026976321505565656
    ],
    "roe": [
        0.08492624187877974,
        0.0019846762646269344,
        0.049129509928970846
    ],
    "debt_ratio": [
        0.5259072663966405,
        0.5018313253815762,
        0.4509140932900254
    ],
    "current_ratio": [
        0.21057304413904665,
        0.17091466949913728,
        0.2899766890980529
    ]
}