{
    "years": [
        "2021",
        "2022",
        "2023",
        "2024"
    ],
    "revenue": [
        6451444755.0,
        1787237415.0,
        1622714926.0,
        1402572526.0
    ],
    "net_income": [
        169405071.0,
        64380844.0,
        107757255.0,
        43908869.0
    ],
    "roa": [
        0.04924073999387308,
        0.017348215681856637,
        0.026773446199992206,
        0.009975827810294153
    ],
    "roe": [
        0.16450892080069393,
        0.04478774584603086,
        0.06993971826759017,
        0.026128062779867525
    ],
    "debt_ratio": [
        0.700680426604164,
        0.6126570928241065,
        0.6171925357554817,
        0.6181948928115392
    ],
    "current_ratio": [
        1.3190832097439371,
        1.511419396127918,
        1.4389064844607118,
        1.317153905232316
    ]
}