{
    "years": [
        "2020",
        "2021",
        "2022",
        "2023"
    ],
    "revenue": [
        28135622624.0,
        26578007394.0,
        35235899124.0,
        30706760091.0
    ],
    "net_income": [
        4936845970.0,
        3929305547.0,
        5499797977.0,
        4255052996.0
    ],
    "roa": [
        0.18034158465021524,
        0.12888452146247395,
        0.15957597303070428,
        0.12494053700243303
    ],
    "roe": [
        0.2327024111783112,
        0.1739032004396612,
        0.22365224827532082,
        0.16696200249302007
    ],
    "debt_ratio": [
        0.22501196383381608,
        0.25887205562273297,
        0.2864995802131943,
        0.2516828072443834
    ],
    "current_ratio": [
        3.772128053474875,
        3.1519659129760234,
        2.915197055581993,
        3.228531273364144
    ]
}