{
    "years": [
        "2021",
        "2022",
        "2023",
        "2024"
    ],
    "revenue": [
        105746320.0,
        90913911.0,
        88614810.0,
        102073573.0
    ],
    "net_income": [
        6090765.0,
        2757423.0,
        3748967.0,
        4679683.0
    ],
    "roa": [
        0.07144407165515122,
        0.034159277134577136,
        0.045515353614857194,
        0.0773947960646248
    ],
    "roe": [
        0.08415265014808868,
        0.038600237761706596,
        0.05225194484454136,
        0.09721365947761734
    ],
    "debt_ratio": [
        0.15101816128872203,
        0.11505008478302994,
        0.12892517684703786,
        0.20386912209138344
    ],
    "current_ratio": [
        5.91509965533304,
        7.859371743125452,
        7.2759788602884745,
        4.399216465627709
    ]
}