{
    "years": [
        "2021",
        "2022",
        "2023",
        "2024"
    ],
    "revenue": [
        122492897.0,
        102926148.0,
        100680578.0,
        112013888.0
    ],
    "net_income": [
        6259210.0,
        2852573.0,
        4366518.0,
        4572416.0
    ],
    "roa": [
        0.05575010135373966,
        0.025004787603987562,
        0.03905192145527868,
        0.042147362052076386
    ],
    "roe": [
        0.06925294982331298,
        0.032715813732656446,
        0.049204812822745025,
        0.05115461413474775
    ],
    "debt_ratio": [
        0.19497867605673871,
        0.23569721333178553,
        0.20633939618957667,
        0.17607897615931803
    ],
    "current_ratio": [
        2.2854374632008096,
        2.6771896303528884,
        4.1934724449120155,
        5.236412058613188
    ]
}