{
    "years": [
        "2021",
        "2022",
        "2023",
        "2024"
    ],
    "revenue": [
        1907465387.0,
        2124387044.0,
        2204487662.0,
        4049207199.0
    ],
    "net_income": [
        159921949.0,
        7147463.0,
        33239920.0,
        95295842.0
    ],
    "roa": [
        0.021197728399631244,
        0.0009875823485710727,
        0.005042546360521656,
        0.014947037020604454
    ],
    "roe": [
        0.03479207911137304,
        0.0015526591324112984,
        0.007216549609065432,
        0.020359465225421973
    ],
    "debt_ratio": [
        0.3907311968400875,
        0.36394130047247053,
        0.30125244975975674,
        0.2658433384615258
    ],
    "current_ratio": [
        1.596673465840611,
        1.3625739462062827,
        1.325378378088603,
        1.6692495291842044
    ]
}