{
    "years": [
        "2021",
        "2022",
        "2023",
        "2024"
    ],
    "revenue": [
        321463693.0,
        1400585057.0,
        2581294070.0,
        2906581743.0
    ],
    "net_income": [
        3063605.0,
        210010808.0,
        285521679.0,
        421577902.0
    ],
    "roa": [
        0.0019750578846352406,
        0.10275343405098021,
        0.12694676856782258,
        0.17790510830209033
    ],
    "roe": [
        0.0021560693715778636,
        0.13766601405474463,
        0.1923614497654464,
        0.2571289494772127
    ],
    "debt_ratio": [
        0.08395438909748733,
        0.25360347826937873,
        0.34006128191166374,
        0.3081093798897325
    ],
    "current_ratio": [
        5.879344244406293,
        2.3253024030881475,
        1.8346767125822727,
        2.1144166585614923
    ]
}