{
    "years": [
        "2022",
        "2023",
        "2024"
    ],
    "revenue": [
        994319340.0,
        797652401.0,
        1069161287.0
    ],
    "net_income": [
        54654212.0,
        -10183982.0,
        54106250.0
    ],
    "roa": [
        0.09796806025617127,
        -0.016558973556064345,
        0.07224697327693935
    ],
    "roe": [
        0.14798957588151096,
        -0.030514052429131407,
        0.14349003128524904
    ],
    "debt_ratio": [
        0.3380070206119776,
        0.45733286017901426,
        0.4965017943768026
    ],
    "current_ratio": [
        2.3523356029433233,
        1.2528011449581105,
        1.2402946047276788
    ]
}