{
    "years": [
        "2021",
        "2022",
        "2023",
        "2024"
    ],
    "revenue": [
        204071521.0,
        284408979.0,
        322332029.0,
        356829512.0
    ],
    "net_income": [
        -9578212.0,
        10675676.0,
        10725207.0,
        11020018.0
    ],
    "roa": [
        -0.05524446672554011,
        0.058079113214484605,
        0.056124389466733926,
        0.05536452481163155
    ],
    "roe": [
        -0.07770507733678549,
        0.0813734561059964,
        0.08180944475891634,
        0.08192475884832413
    ],
    "debt_ratio": [
        0.28904945958547484,
        0.2862646372198911,
        0.31396198040303924,
        0.3242027734969146
    ],
    "current_ratio": [
        1.620209632523758,
        2.0404887375571104,
        2.116912544236676,
        2.255338906755024
    ]
}