{
    "years": [
        "2021",
        "2022",
        "2023",
        "2024"
    ],
    "revenue": [
        314881038.0,
        495630568.0,
        375994952.0,
        264112987.0
    ],
    "net_income": [
        117159016.0,
        244548057.0,
        175330609.0,
        113538523.0
    ],
    "roa": [
        0.09042278545645734,
        0.18439351092190406,
        0.1421919152188066,
        0.10343205289020277
    ],
    "roe": [
        0.13696050296546236,
        0.2574760740944559,
        0.17413187887706266,
        0.1160224712923931
    ],
    "debt_ratio": [
        0.33978932978028387,
        0.2838421528275333,
        0.18342398798100432,
        0.10851706796057373
    ],
    "current_ratio": [
        0.8067580176729016,
        1.208062917074662,
        1.4796524103406676,
        1.1703686201817243
    ]
}