{
    "years": [
        "2023",
        "2024"
    ],
    "revenue": [
        2020187384.0,
        2020187384.0
    ],
    "net_income": [
        -152226758.0,
        -152226758.0
    ],
    "roa": [
        -0.05656352532003147,
        -0.05656352532003147
    ],
    "roe": [
        -0.0862449695387362,
        -0.0862449695387362
    ],
    "debt_ratio": [
        0.34415275902409076,
        0.34415275902409076
    ],
    "current_ratio": [
        1.1282040511970708,
        1.1282040511970708
    ]
}