{
    "years": [
        "2020",
        "2021",
        "2022",
        "2023"
    ],
    "revenue": [
        1247143997.0,
        855366306.0,
        871478125.0,
        800568012.0
    ],
    "net_income": [
        6893416.0,
        6544035.0,
        10265996.0,
        11060980.0
    ],
    "roa": [
        0.009549350312524739,
        0.008575880820384553,
        0.013011961090824328,
        0.016626215556714608
    ],
    "roe": [
        0.05328952306783796,
        0.053688987609880216,
        0.08073427418447597,
        0.07493636308667781
    ],
    "debt_ratio": [
        0.8208024811862484,
        0.8402674141911672,
        0.8388297755536602,
        0.7781288699922185
    ],
    "current_ratio": [
        1.0566087816404262,
        1.0587031032424519,
        1.033310869750331,
        1.0554624224799103
    ]
}