{
    "years": [
        "2010",
        "2011"
    ],
    "revenue": [
        6894224.0,
        6654183.0
    ],
    "net_income": [
        4345086.0,
        1650680.0
    ],
    "roa": [
        0.14177653478055433,
        0.05977804826562794
    ],
    "roe": [
        0.14629161627926474,
        0.06072680644388129
    ],
    "debt_ratio": [
        0.030863569721529968,
        0.015623383375677988
    ],
    "current_ratio": [
        31.453313670204267,
        73.0901247407287
    ]
}