{
    "years": [
        "2023",
        "2024"
    ],
    "revenue": [
        4010758117.0,
        3662170560.0
    ],
    "net_income": [
        37614390.0,
        32543924.0
    ],
    "roa": [
        0.017866297561988244,
        0.027181300491122915
    ],
    "roe": [
        0.09443361773012633,
        0.07553254987610268
    ],
    "debt_ratio": [
        0.8108057491448989,
        0.6401379201985256
    ],
    "current_ratio": [
        1.1372272380800068,
        1.3289158846246403
    ]
}