{
    "years": [
        "2021",
        "2022",
        "2023",
        "2024"
    ],
    "revenue": [
        873124396.0,
        1143295980.0,
        961841750.0,
        627650460.0
    ],
    "net_income": [
        471146469.0,
        643211103.0,
        487332848.0,
        273550926.0
    ],
    "roa": [
        0.2207143481777074,
        0.26573650198243715,
        0.21853862584767175,
        0.15357808833875047
    ],
    "roe": [
        0.2353577362495352,
        0.28492427484704796,
        0.23070206810595895,
        0.16598307527492048
    ],
    "debt_ratio": [
        0.06221757697525742,
        0.06734341212208454,
        0.05272359436630904,
        0.07473645680816213
    ],
    "current_ratio": [
        8.054281932184189,
        9.44799521670669,
        13.54144469131718,
        8.101518519167893
    ]
}