{
    "years": [
        "2021",
        "2022",
        "2023",
        "2024"
    ],
    "revenue": [
        165396524.0,
        170485966.0,
        147710009.0,
        140320359.0
    ],
    "net_income": [
        208038.0,
        6986530.0,
        4899971.0,
        1935275.0
    ],
    "roa": [
        0.0007250516710580276,
        0.0259646853773559,
        0.01988412607099124,
        0.007523246784944457
    ],
    "roe": [
        0.0011012015778818329,
        0.0357903721745751,
        0.026118560352210763,
        0.010516414975694449
    ],
    "debt_ratio": [
        0.3415813365862876,
        0.2745343565943471,
        0.23869747019543602,
        0.2846186839971422
    ],
    "current_ratio": [
        0.6985937771511782,
        0.8401449272157483,
        0.920505238622295,
        1.1607822683748843
    ]
}