{
    "years": [
        "2021",
        "2022",
        "2023",
        "2024"
    ],
    "revenue": [
        196112716.0,
        294717247.0,
        208434608.0,
        279941374.0
    ],
    "net_income": [
        55052923.0,
        146190864.0,
        90222975.0,
        150826306.0
    ],
    "roa": [
        0.07636423637522476,
        0.20947505813392855,
        0.13589770105409052,
        0.2265492042082935
    ],
    "roe": [
        0.09997173973487976,
        0.23932886394928463,
        0.14767173938919304,
        0.24133752786512253
    ],
    "debt_ratio": [
        0.23614176788621438,
        0.12473967963046154,
        0.07973115495085834,
        0.06127651918724315
    ],
    "current_ratio": [
        0.2798866194439064,
        0.7268569655652874,
        1.361657717312654,
        2.594961412089081
    ]
}