{
    "years": [
        "2020",
        "2021",
        "2022",
        "2023"
    ],
    "revenue": [
        261363806.0,
        251545645.0,
        246933399.0,
        246210197.0
    ],
    "net_income": [
        34135962.0,
        59324863.0,
        39194118.0,
        55612488.0
    ],
    "roa": [
        0.033944464473395664,
        0.056575804275146385,
        0.03907999172317103,
        0.05388480326231387
    ],
    "roe": [
        0.04193803316990554,
        0.07288407668997586,
        0.04815227474032201,
        0.06832320607824012
    ],
    "debt_ratio": [
        0.19060428189670117,
        0.22375631489713918,
        0.188408191847144,
        0.21132501890195493
    ],
    "current_ratio": [
        1.3536868812278313,
        1.2947370058250574,
        2.115015435278717,
        2.389139007806805
    ]
}