{
    "years": [
        "2020",
        "2021",
        "2022",
        "2023"
    ],
    "revenue": [
        14940490283.0,
        18367176408.0,
        24827645155.0,
        29062168671.0
    ],
    "net_income": [
        650368455.0,
        873458754.0,
        604644934.0,
        805808890.0
    ],
    "roa": [
        0.03177039010788793,
        0.03149827485017714,
        0.020199076255127187,
        0.02364581061492861
    ],
    "roe": [
        0.07894444965190048,
        0.09033712696626901,
        0.05756525727927731,
        0.07230854787043621
    ],
    "debt_ratio": [
        0.5975601800002782,
        0.6513252534371801,
        0.6491099456546932,
        0.6729873395148578
    ],
    "current_ratio": [
        1.4673321514901967,
        1.1785996981946039,
        1.1657407953776684,
        1.2243355649711567
    ]
}