{
    "years": [
        "2020",
        "2021",
        "2022",
        "2023"
    ],
    "revenue": [
        510498968.0,
        522234523.0,
        472553929.0,
        445061925.0
    ],
    "net_income": [
        67338162.0,
        50978613.0,
        13052396.0,
        6752423.0
    ],
    "roa": [
        0.07591554840917286,
        0.055940939210739025,
        0.015097882989730752,
        0.008171375400861965
    ],
    "roe": [
        0.12966302552015913,
        0.09519785020300355,
        0.025407300323705893,
        0.013490030088813876
    ],
    "debt_ratio": [
        0.41451660483296354,
        0.41237182256271104,
        0.4057659492597132,
        0.39426559117627286
    ],
    "current_ratio": [
        1.6996198059384358,
        1.7342326450603422,
        1.683086540791337,
        1.699189558420813
    ]
}