{
    "years": [
        "2022",
        "2023",
        "2024"
    ],
    "revenue": [
        2609217028.0,
        2607714684.0,
        2756868393.0
    ],
    "net_income": [
        22537994.0,
        36408142.0,
        37033095.0
    ],
    "roa": [
        0.009343495954812195,
        0.014333940454000273,
        0.017293872810777454
    ],
    "roe": [
        0.0668507553493714,
        0.10250533399831278,
        0.09642023061890577
    ],
    "debt_ratio": [
        0.8602335021349904,
        0.8601639554265907,
        0.8206406197146502
    ],
    "current_ratio": [
        1.1317411873129104,
        1.1422304879241263,
        1.1933592864204323
    ]
}