{
    "years": [
        "2021",
        "2022",
        "2023",
        "2024"
    ],
    "revenue": [
        140189211.0,
        179788157.0,
        141263638.0,
        190960239.0
    ],
    "net_income": [
        -35593616.0,
        -48684960.0,
        -119251945.0,
        -65584742.0
    ],
    "roa": [
        -0.09590290135218595,
        -0.08150310211926387,
        -0.17341732989848624,
        -0.10134656653812113
    ],
    "roe": [
        -0.22786654714757862,
        -0.452804076532834,
        10.163698503169446,
        0.8482482063298513
    ],
    "debt_ratio": [
        0.5791268944358292,
        0.8200036034495509,
        1.0170624236683534,
        1.1194774899396738
    ],
    "current_ratio": [
        2.651937254717271,
        0.509448791377987,
        0.284316799996612,
        0.2382627953610478
    ]
}