{
    "years": [
        "2021",
        "2022",
        "2023",
        "2024"
    ],
    "revenue": [
        17716506.0,
        24261174.0,
        27054111.0,
        19887810.0
    ],
    "net_income": [
        1555631.0,
        5229331.0,
        8928070.0,
        2194673.0
    ],
    "roa": [
        0.10486251460907406,
        0.3097691657909484,
        0.6242852905470048,
        0.19997013212933681
    ],
    "roe": [
        -0.01631469261281748,
        -0.05802488900460337,
        -0.10995954190583418,
        -0.027780859725590794
    ],
    "debt_ratio": [
        7.427489447560283,
        6.338556800451148,
        6.67740897903724,
        8.198126123689795
    ],
    "current_ratio": [
        0.04309115200812018,
        0.0684323363469279,
        0.057129110433802414,
        0.030871232168288562
    ]
}