{
    "years": [
        "2022",
        "2023",
        "2024"
    ],
    "revenue": [
        598674693.0,
        1012940760.0,
        1036420364.0
    ],
    "net_income": [
        43037225.0,
        67191347.0,
        80882453.0
    ],
    "roa": [
        0.028093043430576926,
        0.045576567857022736,
        0.04699989502454833
    ],
    "roe": [
        0.04885036637793228,
        0.07497236014517991,
        0.08696444906201725
    ],
    "debt_ratio": [
        0.42491642307788896,
        0.39208839405927487,
        0.45955047687324346
    ],
    "current_ratio": [
        1.56934489145277,
        1.633706761783052,
        1.4797395952629717
    ]
}