{
    "years": [
        "2021",
        "2022",
        "2023",
        "2024"
    ],
    "revenue": [
        2147950325.0,
        1800778655.0,
        2262146228.0,
        2337132929.0
    ],
    "net_income": [
        21565159.0,
        17438721.0,
        21051667.0,
        23645853.0
    ],
    "roa": [
        0.014615354324504764,
        0.009894109227324616,
        0.014079985045390733,
        0.014808344913830396
    ],
    "roe": [
        0.04508222761039659,
        0.036773076827090405,
        0.04405605880204872,
        0.04921786004480418
    ],
    "debt_ratio": [
        0.6758067402788619,
        0.7309414908671522,
        0.6804075210482519,
        0.69912659956467
    ],
    "current_ratio": [
        1.3278165940176052,
        1.248474257283515,
        1.3102690065139646,
        1.3337600423968377
    ]
}