{
    "years": [
        "2020",
        "2021",
        "2022",
        "2024"
    ],
    "revenue": [
        637445408.0,
        385176608.0,
        194059734.0,
        92912137.0
    ],
    "net_income": [
        1575170.0,
        740277.0,
        77698.0,
        2690794.0
    ],
    "roa": [
        0.0011637607639124927,
        0.0005874528686255681,
        6.0442063519368755e-05,
        0.0031288516870213935
    ],
    "roe": [
        0.0034435129818015005,
        0.0016184709959980745,
        0.00017949238574740085,
        0.01488356968667643
    ],
    "debt_ratio": [
        0.6620425797542188,
        0.637032192681773,
        0.6632611279431724,
        0.7897781410717417
    ],
    "current_ratio": [
        1.209505017169388,
        1.2380593748927733,
        1.1683374428961888,
        1.1664548469036042
    ]
}