{
    "years": [
        "2021",
        "2022",
        "2023",
        "2024"
    ],
    "revenue": [
        571621808.0,
        574157401.0,
        505064276.0,
        426909134.0
    ],
    "net_income": [
        33122076.0,
        43937043.0,
        38473901.0,
        48459256.0
    ],
    "roa": [
        0.014236609608364379,
        0.02083550447673401,
        0.02051880658659525,
        0.028076731968771158
    ],
    "roe": [
        0.040160958671045424,
        0.05255083365129485,
        0.0460362612459658,
        0.057164486014283214
    ],
    "debt_ratio": [
        0.6455112109007385,
        0.6035171465596603,
        0.5542903348087735,
        0.508843096013216
    ],
    "current_ratio": [
        1.0798708074945726,
        1.3740065081140744,
        1.745757279052541,
        1.754955092086093
    ]
}