{
    "years": [
        "2020",
        "2021",
        "2022",
        "2023"
    ],
    "revenue": [
        27636301.0,
        46705893.0,
        62038315.0,
        44676611.0
    ],
    "net_income": [
        4616706.0,
        23344586.0,
        810012.0,
        -29258003.0
    ],
    "roa": [
        0.012889161570970748,
        0.06805058008748222,
        0.0026453238654523432,
        -0.11339153284218685
    ],
    "roe": [
        0.02362971515197738,
        0.08842122182410356,
        0.0037538697131114206,
        -0.1568604240831412
    ],
    "debt_ratio": [
        0.45453588889783303,
        0.2303818169030133,
        0.2953074913034878,
        0.27711828203342354
    ],
    "current_ratio": [
        1.4572822954999436,
        1.0717955907280847,
        1.1362360695430649,
        1.7582915219020954
    ]
}