{
    "years": [
        "2021",
        "2022",
        "2023",
        "2024"
    ],
    "revenue": [
        48353510.0,
        47072191.0,
        52547348.0,
        72983266.0
    ],
    "net_income": [
        2379939.0,
        1707689.0,
        1799885.0,
        1614536.0
    ],
    "roa": [
        0.027064127284442886,
        0.01912085746283633,
        0.019945659012603527,
        0.019249008081207948
    ],
    "roe": [
        0.04454816279603715,
        0.03224131970460289,
        0.03404944908822424,
        0.030711751463640552
    ],
    "debt_ratio": [
        0.39247489490519644,
        0.4069455705280399,
        0.4142149272100385,
        0.3732363944141471
    ],
    "current_ratio": [
        2.255836017656864,
        2.1717823816791952,
        2.210974349176194,
        2.4791234324521794
    ]
}