{
    "years": [
        "2021",
        "2022",
        "2023",
        "2024"
    ],
    "revenue": [
        1476498423.0,
        1621041776.0,
        1355299155.0,
        1136999015.0
    ],
    "net_income": [
        27765357.0,
        49059745.0,
        19786425.0,
        -52406788.0
    ],
    "roa": [
        0.030574783205055092,
        0.04995111515731501,
        0.020606797367396023,
        -0.06414207016739307
    ],
    "roe": [
        0.058839845742196674,
        0.10008787152840093,
        0.049230131647864786,
        -0.16316612520172535
    ],
    "debt_ratio": [
        0.48037281846358487,
        0.5009273911560714,
        0.5814190074730425,
        0.6068910131432428
    ],
    "current_ratio": [
        1.2107654166921393,
        1.2460083364848782,
        1.3137899038225977,
        1.2065816634404385
    ]
}