{
    "years": [
        "2022",
        "2023",
        "2024"
    ],
    "revenue": [
        256453276.0,
        197074431.0,
        194111341.0
    ],
    "net_income": [
        9494041.0,
        5108630.0,
        5673356.0
    ],
    "roa": [
        0.08108682766315314,
        0.05304729511472233,
        0.05566129360404354
    ],
    "roe": [
        0.2081808173497942,
        0.1230419611182846,
        0.12219747194830749
    ],
    "debt_ratio": [
        0.6104980819298657,
        0.5688682573603806,
        0.5444971756241437
    ],
    "current_ratio": [
        1.2834717571918033,
        1.351078761376861,
        1.4888273846834887
    ]
}