{
    "years": [
        "2021",
        "2022",
        "2023",
        "2024"
    ],
    "revenue": [
        1080841360.0,
        444950338.0,
        705299312.0,
        1022914333.0
    ],
    "net_income": [
        -14265456.0,
        -15649209.0,
        -4976960.0,
        -4226241.0
    ],
    "roa": [
        -0.005177138244866855,
        -0.007072663887912937,
        -0.0021747309845545973,
        -0.0020060125749035594
    ],
    "roe": [
        -0.016963310927349116,
        -0.019366889719706237,
        -0.006198559822234885,
        -0.005291427924473834
    ],
    "debt_ratio": [
        0.6948037875954978,
        0.6348064149548833,
        0.6491554414376047,
        0.6208939054758017
    ],
    "current_ratio": [
        1.3784719593191446,
        1.4945969218728186,
        1.3832356209656778,
        1.4026645654207204
    ]
}