{
    "years": [
        "2020",
        "2021",
        "2022",
        "2023"
    ],
    "revenue": [
        87672504.0,
        53866474.0,
        86169138.0,
        84753585.0
    ],
    "net_income": [
        127570.0,
        894770.0,
        1178262.0,
        1032046.0
    ],
    "roa": [
        0.00010751736928688766,
        0.0007549003069299935,
        0.000987833525220644,
        0.0008571089947789074
    ],
    "roe": [
        0.00036501256403460446,
        0.0025536432248276647,
        0.003351449788848867,
        0.0029269605744469047
    ],
    "debt_ratio": [
        0.7054420042464767,
        0.7043830165504271,
        0.7052518797961947,
        0.707167564106711
    ],
    "current_ratio": [
        1.3307975064100903,
        1.156473187806996,
        1.2241617134777811,
        1.2014791414591122
    ]
}