{
    "years": [
        "2021",
        "2022",
        "2023",
        "2024"
    ],
    "revenue": [
        494362414.0,
        511272836.0,
        463896401.0,
        508294578.0
    ],
    "net_income": [
        32367337.0,
        29525931.0,
        15713086.0,
        22215232.0
    ],
    "roa": [
        0.07823302520311322,
        0.07650178199354958,
        0.03576410932879756,
        0.05404533501122296
    ],
    "roe": [
        0.22817332053051384,
        0.19323207240527254,
        0.10889562319817384,
        0.14523067983886134
    ],
    "debt_ratio": [
        0.6571333360919773,
        0.6040937664162724,
        0.6715744097105519,
        0.6278655786009664
    ],
    "current_ratio": [
        0.78118124461774,
        0.669256923413329,
        0.6109729303546639,
        0.9896966150497009
    ]
}