{
    "years": [
        "2021",
        "2022",
        "2023",
        "2024"
    ],
    "revenue": [
        1008179855.0,
        982357449.0,
        701230340.0,
        601282016.0
    ],
    "net_income": [
        202167435.0,
        233589278.0,
        229521197.0,
        167709338.0
    ],
    "roa": [
        0.05573995358846808,
        0.08695064424149601,
        0.0891908862263537,
        0.06482692041672468
    ],
    "roe": [
        0.06567188782805852,
        0.11089173815354246,
        0.09878148551543627,
        0.06942971592261106
    ],
    "debt_ratio": [
        0.15123570477514103,
        0.21589610110445945,
        0.09708903686798553,
        0.06629431569354015
    ],
    "current_ratio": [
        3.8986838535143566,
        1.706417494080014,
        3.084727923463048,
        3.7829260351002567
    ]
}