{
    "years": [
        "2021",
        "2022",
        "2023",
        "2024"
    ],
    "revenue": [
        305427281.0,
        376924360.0,
        311283154.0,
        255792104.0
    ],
    "net_income": [
        163887040.0,
        213728344.0,
        175373016.0,
        133527560.0
    ],
    "roa": [
        0.21852593361921205,
        0.29010669894324725,
        0.24739201675473507,
        0.1915830318564356
    ],
    "roe": [
        0.295481327565024,
        0.32907382385397327,
        0.2714478903123835,
        0.2031478431633053
    ],
    "debt_ratio": [
        0.260440802063464,
        0.1184145382770332,
        0.08862059502457294,
        0.0569280536125262
    ],
    "current_ratio": [
        2.6211627420166472,
        2.6142036008345597,
        2.9454329262378685,
        4.856272301577488
    ]
}