{
    "years": [
        "2020",
        "2021",
        "2022",
        "2024"
    ],
    "revenue": [
        610605502.0,
        690568557.0,
        916967456.0,
        1337505037.0
    ],
    "net_income": [
        37670167.0,
        38255162.0,
        37912298.0,
        60985587.0
    ],
    "roa": [
        0.09571144137044049,
        0.07697796653228704,
        0.07715410959858222,
        0.10435020320032329
    ],
    "roe": [
        0.15660567391190647,
        0.14752516733796986,
        0.13693063176964407,
        0.195917254150684
    ],
    "debt_ratio": [
        0.38883797132229114,
        0.4782045130243039,
        0.4365460189479211,
        0.4673761448286459
    ],
    "current_ratio": [
        2.1036778410859465,
        1.6906708752853945,
        1.768708772712148,
        1.8548932718997286
    ]
}