{
    "years": [
        "2021",
        "2022",
        "2023",
        "2024"
    ],
    "revenue": [
        1075351941.0,
        1361335754.0,
        1435537720.0,
        1494927993.0
    ],
    "net_income": [
        25115757.0,
        16017406.0,
        17031140.0,
        5045384.0
    ],
    "roa": [
        0.04741597547229943,
        0.025885370812064427,
        0.028696340935231084,
        0.0073414113452776476
    ],
    "roe": [
        0.24427029573078188,
        0.15607932818970283,
        0.1638277890990091,
        0.05465551377510397
    ],
    "debt_ratio": [
        0.8058872638179548,
        0.8341524716162112,
        0.8248383800266724,
        0.8656784862459436
    ],
    "current_ratio": [
        0.8827203787704926,
        0.9177481661073417,
        1.2342577354587934,
        1.1334335822951527
    ]
}