{
    "years": [
        "2021",
        "2022",
        "2023",
        "2024"
    ],
    "revenue": [
        701585546.0,
        1455151865.0,
        1630376761.0,
        1650714013.0
    ],
    "net_income": [
        22677774.0,
        20271005.0,
        28308718.0,
        18805950.0
    ],
    "roa": [
        0.09096912628795072,
        0.08717238408451719,
        0.09914876840024948,
        0.06713395848092404
    ],
    "roe": [
        0.12558323021539372,
        0.11349891774880867,
        0.09914876840024948,
        0.10529976834101358
    ],
    "debt_ratio": [
        0.27562680039424625,
        0.23195405019241092,
        0.0,
        0.36244913413759333
    ],
    "current_ratio": [
        2.2677642924866306,
        2.857212569582856,
        2.15472386773835,
        1.697343703991089
    ]
}