{
    "years": [
        "2021",
        "2022",
        "2023",
        "2024"
    ],
    "revenue": [
        2117795194.0,
        2022706636.0,
        1560100299.0,
        1605625067.0
    ],
    "net_income": [
        36595558.0,
        45030666.0,
        56820856.0,
        25684185.0
    ],
    "roa": [
        0.02561810276920692,
        0.0415857488885932,
        0.04567789205122154,
        0.018587522646034547
    ],
    "roe": [
        0.0626996875142853,
        0.07320526784339211,
        0.08694309215230499,
        0.0395564343066159
    ],
    "debt_ratio": [
        0.5914157823614324,
        0.4319295576165705,
        0.474623102072284,
        0.5301011587152651
    ],
    "current_ratio": [
        1.4061438623345788,
        1.8601231939797165,
        1.6947539488045202,
        1.5427528960675845
    ]
}