{
    "years": [
        "2021",
        "2022",
        "2023",
        "2024"
    ],
    "revenue": [
        1851648594.0,
        1724364162.0,
        1017527243.0,
        1087771574.0
    ],
    "net_income": [
        175037639.0,
        214418568.0,
        103120257.0,
        78384998.0
    ],
    "roa": [
        0.1874770219331356,
        0.21518802939354836,
        0.11575265075266851,
        0.08511347128813077
    ],
    "roe": [
        0.2822679079036409,
        0.2763405525093402,
        0.1403608695914045,
        0.10264300271691983
    ],
    "debt_ratio": [
        0.3358188561870254,
        0.2212940611158578,
        0.17532107709485834,
        0.17078155319689872
    ],
    "current_ratio": [
        2.2004072319824153,
        2.7718267035253428,
        3.6944711816164832,
        3.9889424938620146
    ]
}