{
    "years": [
        "2021",
        "2022",
        "2023",
        "2024"
    ],
    "revenue": [
        151458347.0,
        212802736.0,
        205216420.0,
        190698012.0
    ],
    "net_income": [
        2371879.0,
        1419079.0,
        2742044.0,
        -421288.0
    ],
    "roa": [
        0.019003693065822783,
        0.025951195048180494,
        0.03167274480218979,
        -0.004863223905523835
    ],
    "roe": [
        0.035901394846397615,
        0.02837390599338503,
        0.04598334852615336,
        -0.007185763888415093
    ],
    "debt_ratio": [
        0.4706697846384752,
        0.08538517558242971,
        0.31121273640662145,
        0.32321406867203967
    ],
    "current_ratio": [
        1.69036165357756,
        3.0279547337336403,
        2.40132498979975,
        2.177710222247383
    ]
}