{
    "years": [
        "2021",
        "2022",
        "2023",
        "2024"
    ],
    "revenue": [
        1469986045.0,
        1655978768.0,
        1306667484.0,
        1588340887.0
    ],
    "net_income": [
        119920497.0,
        295910389.0,
        166192125.0,
        2210840.0
    ],
    "roa": [
        0.02992863878336343,
        0.07119727336441423,
        0.03639999547786379,
        0.00042003879028703765
    ],
    "roe": [
        0.053009127804218424,
        0.10890674308232774,
        0.05817759960125718,
        0.0007945973604465788
    ],
    "debt_ratio": [
        0.43540593812634415,
        0.34625468222300204,
        0.37432971234039697,
        0.4713815937533849
    ],
    "current_ratio": [
        2.325252441482086,
        3.2074782878941472,
        2.426740695501167,
        1.6281504689613349
    ]
}