{
    "years": [
        "2020",
        "2021",
        "2023"
    ],
    "revenue": [
        0.0,
        0.0,
        1455650680.0
    ],
    "net_income": [
        86109258.0,
        42232947.0,
        241138311.0
    ],
    "roa": [
        0.08236018522415302,
        0.04499620680637602,
        0.1870459169969715
    ],
    "roe": [
        0.09729114267950481,
        0.051485377183037806,
        0.23820358989134172
    ],
    "debt_ratio": [
        0.1534667703979709,
        0.12603909559780183,
        0.21476449165903055
    ],
    "current_ratio": [
        3.9468199658965393,
        5.724081832308937,
        4.099281805814755
    ]
}