{
    "years": [
        "2021",
        "2022",
        "2023",
        "2024"
    ],
    "revenue": [
        1371467020.0,
        1112481084.0,
        942456102.0,
        1105567527.0
    ],
    "net_income": [
        888621403.0,
        203600385.0,
        297938819.0,
        158261065.0
    ],
    "roa": [
        0.16342073015936295,
        0.037729163492103764,
        0.05551698094978881,
        0.027489264440599355
    ],
    "roe": [
        0.3466439327348446,
        0.07576766461780869,
        0.10476811947035435,
        0.05501859896158436
    ],
    "debt_ratio": [
        0.5285631314240629,
        0.5020413565282865,
        0.470096616886417,
        0.5003641503159107
    ],
    "current_ratio": [
        2.713395176803116,
        3.0064434351392046,
        2.7984467733743132,
        2.1292995420228533
    ]
}