{
    "years": [
        "2020",
        "2021",
        "2022",
        "2023"
    ],
    "revenue": [
        181652746.0,
        191893398.0,
        255967211.0,
        222137782.0
    ],
    "net_income": [
        31141678.0,
        30059258.0,
        45877085.0,
        49009153.0
    ],
    "roa": [
        0.13434338585734323,
        0.12700457384504732,
        0.16058771571673194,
        0.14699689099651728
    ],
    "roe": [
        0.15790201852807836,
        0.15071094025637266,
        0.19023002431603514,
        0.17092423473271445
    ],
    "debt_ratio": [
        0.14919779297530575,
        0.15729691800076837,
        0.15582350213054422,
        0.13998801149301002
    ],
    "current_ratio": [
        5.343126699393034,
        5.231632591145972,
        5.7824574787094924,
        6.571543841700236
    ]
}