{
    "years": [
        "2020",
        "2021",
        "2022",
        "2023"
    ],
    "revenue": [
        472792249.0,
        689803567.0,
        1453972738.0,
        1309759343.0
    ],
    "net_income": [
        12699161.0,
        69813439.0,
        77147910.0,
        42810046.0
    ],
    "roa": [
        0.005042869299817213,
        0.015806524364645014,
        0.014057475462904239,
        0.005989361013069244
    ],
    "roe": [
        0.014762810457886516,
        0.0669656313079847,
        0.041508446980697854,
        0.021798291158789007
    ],
    "debt_ratio": [
        0.6584072311838675,
        0.7639606458431116,
        0.6613345840319873,
        0.7252371312301538
    ],
    "current_ratio": [
        1.7615275591752526,
        1.4285853808489994,
        1.4045047291897623,
        2.111978403052418
    ]
}