{
    "years": [
        "2020",
        "2021",
        "2022",
        "2023"
    ],
    "revenue": [
        246730899.0,
        226887412.0,
        265759809.0,
        184975558.0
    ],
    "net_income": [
        22715262.0,
        15337856.0,
        19610638.0,
        17889669.0
    ],
    "roa": [
        0.11739443364653211,
        0.08217860979683454,
        0.07780521740845775,
        0.08068482669315968
    ],
    "roe": [
        0.2449379252613565,
        0.1505789879275025,
        0.16187277588490742,
        0.12899402712714544
    ],
    "debt_ratio": [
        0.5207176123449705,
        0.45424915568963625,
        0.5193434042066607,
        0.3745072660330922
    ],
    "current_ratio": [
        1.8715980556974439,
        2.227397269079403,
        1.8655941710474817,
        2.511441326453455
    ]
}