{
    "years": [
        "2019",
        "2020",
        "2022",
        "2023"
    ],
    "revenue": [
        63181278.0,
        41533442.0,
        37576214.0,
        8995873.0
    ],
    "net_income": [
        -72855680.0,
        -56985122.0,
        -178239503.0,
        -70379580.0
    ],
    "roa": [
        -0.05260334005514063,
        -0.04198853602611404,
        -0.18192444429151117,
        -0.06322770918874969
    ],
    "roe": [
        0.10936321833599914,
        0.07879959614149162,
        0.1856648309314346,
        0.0683040656801374
    ],
    "debt_ratio": [
        1.4809966353909425,
        1.5328521728806823,
        1.979854091799945,
        1.925680024448912
    ],
    "current_ratio": [
        0.5942676189239692,
        0.5700525319555461,
        0.47680201194842964,
        0.492897675073629
    ]
}