{
    "years": [
        "2021",
        "2022",
        "2023",
        "2024"
    ],
    "revenue": [
        7260803806.0,
        8214248495.0,
        9780654605.0,
        11425650935.0
    ],
    "net_income": [
        136682300.0,
        87256493.0,
        59089568.0,
        108368554.0
    ],
    "roa": [
        0.023137451384697836,
        0.011902730325331724,
        0.0077936219439455785,
        0.011465641617758628
    ],
    "roe": [
        0.10017772987784312,
        0.044508596699706096,
        0.029435610748980684,
        0.05159301586903608
    ],
    "debt_ratio": [
        0.7690359782267807,
        0.7325745764208665,
        0.7352315190465188,
        0.7777675636007971
    ],
    "current_ratio": [
        1.1462931078236085,
        1.173148142121019,
        1.1535507651620642,
        1.1447199558836298
    ]
}