{
    "years": [
        "2021",
        "2022",
        "2023",
        "2024"
    ],
    "revenue": [
        3745725296.0,
        5853603336.0,
        5724422556.0,
        3821515529.0
    ],
    "net_income": [
        35035549.0,
        2840987.0,
        3538909.0,
        8887885.0
    ],
    "roa": [
        0.009533942174084587,
        0.0004975640198811526,
        0.0006199283124178118,
        0.0015867773888931863
    ],
    "roe": [
        0.022094065463615108,
        0.001793657574812414,
        0.002230396297386941,
        0.005572584479290313
    ],
    "debt_ratio": [
        0.5684840261840787,
        0.7225980996215572,
        0.7220546352484087,
        0.7152528786615601
    ],
    "current_ratio": [
        1.394927397725411,
        1.0654123759802214,
        1.0248965278266007,
        1.0063761972568606
    ]
}