{
    "years": [
        "2021",
        "2022",
        "2023",
        "2024"
    ],
    "revenue": [
        2895317650.0,
        1542468210.0,
        1460069441.0,
        1991305549.0
    ],
    "net_income": [
        1396285500.0,
        162216050.0,
        559293398.0,
        1015614429.0
    ],
    "roa": [
        0.127971807892809,
        0.014882717390764142,
        0.04376800538579794,
        0.07245234118892309
    ],
    "roe": [
        0.2305783386712506,
        0.017191444107810327,
        0.05230515117088536,
        0.09067042808087585
    ],
    "debt_ratio": [
        0.4449964006581465,
        0.13429510066564423,
        0.1632180692336753,
        0.20092644622459122
    ],
    "current_ratio": [
        2.577827560202863,
        7.936086196521905,
        6.318899185697562,
        5.112322694552679
    ]
}