{
    "years": [
        "2019",
        "2020",
        "2021",
        "2022"
    ],
    "revenue": [
        47873621.0,
        21782408.0,
        10870304.0,
        19293925.0
    ],
    "net_income": [
        482643.0,
        -5949702.0,
        -10465181.0,
        -5393419.0
    ],
    "roa": [
        0.007347340069804473,
        -0.11062982557302473,
        -0.2235355423161483,
        -0.12438812278656274
    ],
    "roe": [
        0.016144896670159177,
        -0.24917932135230317,
        -0.7802843705219703,
        -0.672614387317471
    ],
    "debt_ratio": [
        0.5449125367655863,
        0.5560232487485978,
        0.7135204154267316,
        0.8150677042716125
    ],
    "current_ratio": [
        8.503194948999493,
        8.182198171804522,
        2.9844647795126202,
        4.218424365851859
    ]
}