{
    "years": [
        "2019",
        "2020",
        "2021",
        "2022"
    ],
    "revenue": [
        493934712.0,
        194607611.0,
        131818959.0,
        1018968364.0
    ],
    "net_income": [
        70152900.0,
        23041943.0,
        10777114.0,
        84570354.0
    ],
    "roa": [
        0.12464104906192308,
        0.039106143364596356,
        0.006737820870210452,
        0.04803461678635865
    ],
    "roe": [
        0.22619718601503475,
        0.07174090538242876,
        0.01619379991384184,
        0.17369302894295188
    ],
    "debt_ratio": [
        0.44897170801391617,
        0.4548975489487692,
        0.5839258910163995,
        0.723451096001468
    ],
    "current_ratio": [
        1.126474536435878,
        1.052952676332506,
        1.0225911123969655,
        0.6340242875644312
    ]
}