{
    "years": [
        "2020",
        "2021",
        "2022",
        "2023"
    ],
    "revenue": [
        86670264.0,
        73419785.0,
        74353478.0,
        87316079.0
    ],
    "net_income": [
        66278730.0,
        32482427.0,
        73028903.0,
        2670479.0
    ],
    "roa": [
        0.027907499198750366,
        0.01350247530411046,
        0.029415135386390547,
        0.0010755854817890314
    ],
    "roe": [
        0.029606184416248595,
        0.014312808965610744,
        0.031221815734315667,
        0.0011423950844583863
    ],
    "debt_ratio": [
        0.057376026360423146,
        0.056615976881076543,
        0.05786596024072402,
        0.05848204669142942
    ],
    "current_ratio": [
        21.054582999654023,
        21.699076657556997,
        14.13904683384735,
        16.838056397325584
    ]
}