{
    "years": [
        "2021",
        "2022",
        "2023",
        "2024"
    ],
    "revenue": [
        152403699.0,
        111228550.0,
        90754214.0,
        114808787.0
    ],
    "net_income": [
        18243015.0,
        15735756.0,
        -1516967.0,
        19826321.0
    ],
    "roa": [
        0.021463121065201388,
        0.018899979059685157,
        -0.0019142537501135074,
        0.02664773141196865
    ],
    "roe": [
        0.07224861439445628,
        0.057410310194948605,
        -0.005544190063852624,
        0.07112072491629487
    ],
    "debt_ratio": [
        0.7029268831645819,
        0.6707912046545932,
        0.6547279714318985,
        0.6253169319726205
    ],
    "current_ratio": [
        1.1972932840587132,
        1.0097148760340129,
        1.0139478156507273,
        1.0412832490464297
    ]
}