{
    "years": [
        "2021",
        "2022",
        "2023",
        "2024"
    ],
    "revenue": [
        175637848.0,
        210175893.0,
        212311081.0,
        222641275.0
    ],
    "net_income": [
        29249991.0,
        12088508.0,
        21173396.0,
        24638614.0
    ],
    "roa": [
        0.09292827285686027,
        0.03961920802695996,
        0.06903228882942436,
        0.07803236332361546
    ],
    "roe": [
        0.14302869491458997,
        0.05920167496479649,
        0.09771506638643816,
        0.10640585504550555
    ],
    "debt_ratio": [
        0.3502823128439179,
        0.3307755557504241,
        0.2935348520726654,
        0.26665348170695946
    ],
    "current_ratio": [
        2.0392329588675913,
        1.9175518757690164,
        2.037510447345707,
        2.0646501340054138
    ]
}