{
    "years": [
        "2021",
        "2022",
        "2023",
        "2024"
    ],
    "revenue": [
        425348702.0,
        455267317.0,
        430810344.0,
        422544571.0
    ],
    "net_income": [
        160035885.0,
        154263931.0,
        130170124.0,
        142693250.0
    ],
    "roa": [
        0.11564458033213484,
        0.10747198778943114,
        0.09652979757255029,
        0.10522885406420426
    ],
    "roe": [
        0.16825490420565903,
        0.1406727855154932,
        0.12805298947869456,
        0.13917517953340425
    ],
    "debt_ratio": [
        0.31268226101283947,
        0.2360143620132228,
        0.2461730259830374,
        0.2439107718991829
    ],
    "current_ratio": [
        4.032093387114689,
        7.871813068922945,
        7.613598734520271,
        8.219233528716273
    ]
}