{
    "years": [
        "2021",
        "2022",
        "2023",
        "2024"
    ],
    "revenue": [
        710517163.0,
        907407918.0,
        696151874.0,
        2359678869.0
    ],
    "net_income": [
        56399788.0,
        71515449.0,
        89043164.0,
        170146055.0
    ],
    "roa": [
        0.0264970464080012,
        0.03727388479071517,
        0.04642748913661819,
        0.06369516223820354
    ],
    "roe": [
        0.08546997156668558,
        0.10488966176994668,
        0.11851921408575511,
        0.18777939288599768
    ],
    "debt_ratio": [
        0.6899841438776236,
        0.6446371914853958,
        0.6082703594117206,
        0.6607979115318934
    ],
    "current_ratio": [
        1.0537071840317132,
        1.003354651444364,
        1.0816280313926745,
        0.9611738192780811
    ]
}