{
    "years": [
        "2021",
        "2022",
        "2023",
        "2024"
    ],
    "revenue": [
        494342530.0,
        172565352.0,
        110008190.0,
        114844697.0
    ],
    "net_income": [
        17779430.0,
        -32270830.0,
        -326822238.0,
        -13775927.0
    ],
    "roa": [
        0.015279531201253842,
        -0.03185441459860835,
        -0.43940921277934303,
        -0.016951967143960266
    ],
    "roe": [
        0.02097986447823853,
        -0.03958730601829586,
        -0.6607677225269125,
        -0.02665445480105695
    ],
    "debt_ratio": [
        0.27170496181695475,
        0.195337652330109,
        0.3350020017640219,
        0.36400998367867377
    ],
    "current_ratio": [
        2.306338128667819,
        3.1352264836669645,
        2.358492025945303,
        3.847282005590253
    ]
}