{
    "years": [
        "2021",
        "2022",
        "2023",
        "2024"
    ],
    "revenue": [
        6072709988.0,
        5428383794.0,
        5586522143.0,
        5532197540.0
    ],
    "net_income": [
        589326287.0,
        1816516244.0,
        515169310.0,
        855720656.0
    ],
    "roa": [
        0.024116038510381552,
        0.07674201737910445,
        0.02266900353009943,
        0.03844460043160836
    ],
    "roe": [
        0.0800169632360108,
        0.1991117247103154,
        0.0570543825723274,
        0.09389880490034347
    ],
    "debt_ratio": [
        0.698613424765308,
        0.6145781093968462,
        0.6026772614467941,
        0.5905741242137179
    ],
    "current_ratio": [
        1.0150341446421225,
        1.234360080952214,
        1.1677908103456596,
        1.2793687565050578
    ]
}