{
    "years": [
        "2022",
        "2023",
        "2024"
    ],
    "revenue": [
        379810851.0,
        416023572.0,
        646014829.0
    ],
    "net_income": [
        120645453.0,
        183765582.0,
        269389740.0
    ],
    "roa": [
        0.017795554251102838,
        0.024587383181725632,
        0.03434226459367328
    ],
    "roe": [
        0.0468445523201701,
        0.06654348035422356,
        0.089980208129516
    ],
    "debt_ratio": [
        0.6201147546575974,
        0.6305065041557439,
        0.6183353505446264
    ],
    "current_ratio": [
        1.1938854820969516,
        1.5532915513378236,
        2.2324150947951646
    ]
}