{
    "years": [
        "2021",
        "2022",
        "2023",
        "2024"
    ],
    "revenue": [
        167159109.0,
        409849711.0,
        409409403.0,
        381114193.0
    ],
    "net_income": [
        -38539403.0,
        42977071.0,
        69710779.0,
        33974610.0
    ],
    "roa": [
        -0.04748965423273583,
        0.0501428135605055,
        0.07768084634122606,
        0.03780324155718804
    ],
    "roe": [
        -0.04811380332693103,
        0.05092177442093814,
        0.0790347354699097,
        0.03841822090376436
    ],
    "debt_ratio": [
        0.012972349950265524,
        0.015297205749223606,
        0.01713030505680757,
        0.016007491552427946
    ],
    "current_ratio": [
        27.252531920016985,
        31.106372271564936,
        35.87174301282469,
        34.43177740331462
    ]
}