{
    "years": [
        "2021",
        "2022",
        "2023",
        "2024"
    ],
    "revenue": [
        1793361791.0,
        1812366732.0,
        1900050405.0,
        1180680912.0
    ],
    "net_income": [
        70597553.0,
        93861828.0,
        102500984.0,
        56267202.0
    ],
    "roa": [
        0.10626925482937535,
        0.11393387297309308,
        0.10746537549952506,
        0.06874616258641345
    ],
    "roe": [
        0.1775737207258946,
        0.2245113127817776,
        0.23608627983936384,
        0.13778826741388206
    ],
    "debt_ratio": [
        0.4015485264657256,
        0.49252502441230883,
        0.5448046554308624,
        0.5010739021783555
    ],
    "current_ratio": [
        1.773347710323222,
        1.5520689427151642,
        1.4933648693826607,
        1.637574409587715
    ]
}