{
    "years": [
        "2021",
        "2022",
        "2023",
        "2024"
    ],
    "revenue": [
        61807749.0,
        93274843.0,
        92814523.0,
        92153183.0
    ],
    "net_income": [
        1406799.0,
        2270243.0,
        2621190.0,
        3738893.0
    ],
    "roa": [
        0.02193794840333711,
        0.035563196908244166,
        0.03993081699064878,
        0.0529127977233175
    ],
    "roe": [
        0.026493874304179838,
        0.041897709184358665,
        0.04774590020227238,
        0.06625033192561082
    ],
    "debt_ratio": [
        0.17196148243686493,
        0.15118994330313684,
        0.16368071768498485,
        0.20132026232365693
    ],
    "current_ratio": [
        4.335521004783605,
        5.296828096630034,
        5.192856743983456,
        4.4377488036686605
    ]
}