{
    "years": [
        "2021",
        "2022",
        "2023",
        "2024"
    ],
    "revenue": [
        1782454426.0,
        2151771195.0,
        2162406633.0,
        1555399031.0
    ],
    "net_income": [
        79406008.0,
        102631977.0,
        103445678.0,
        62410734.0
    ],
    "roa": [
        0.11735840628642301,
        0.1341753458726501,
        0.11602640314048288,
        0.07583247808442857
    ],
    "roe": [
        0.23503435486453342,
        0.2719189020398079,
        0.2598181429087922,
        0.16485613213380834
    ],
    "debt_ratio": [
        0.5006755231418625,
        0.5065611663399284,
        0.5534322513373774,
        0.5400081446598672
    ],
    "current_ratio": [
        1.6295758007253036,
        1.690643940865986,
        1.4875424897780087,
        1.482318121691455
    ]
}