{
    "years": [
        "2018",
        "2019",
        "2020",
        "2021"
    ],
    "revenue": [
        491396192.0,
        504105555.0,
        109626919.0,
        21950817.0
    ],
    "net_income": [
        46278462.0,
        61867620.0,
        26076247.0,
        5959962.0
    ],
    "roa": [
        0.08152975752885563,
        0.10515523278805304,
        0.02534397471874801,
        0.004703905834503756
    ],
    "roe": [
        0.1027458944712999,
        0.12632983499692393,
        0.053250767217517585,
        0.007309702131504212
    ],
    "debt_ratio": [
        0.20649133526566923,
        0.1676136299029162,
        0.5240636700082932,
        0.35648460773383495
    ],
    "current_ratio": [
        4.262136236687953,
        5.783855999530624,
        0.8749525045094704,
        6.757473202483979
    ]
}