{
    "years": [
        "2020",
        "2021",
        "2022",
        "2023"
    ],
    "revenue": [
        1053607364.0,
        801155650.0,
        868974945.0,
        1715939079.0
    ],
    "net_income": [
        119316885.0,
        163809095.0,
        187639199.0,
        523115195.0
    ],
    "roa": [
        0.10580463092091226,
        0.13732146184287916,
        0.13601280579225547,
        0.3898161446325133
    ],
    "roe": [
        0.20888497254548336,
        0.24941121552295503,
        0.24686844936611566,
        0.4430745588554995
    ],
    "debt_ratio": [
        0.49347897251022216,
        0.44941745480471174,
        0.4490474333941997,
        0.1202019234879054
    ],
    "current_ratio": [
        1.2137903055661134,
        1.3036306758604452,
        1.3687331981975897,
        4.982183567404872
    ]
}