{
    "years": [
        "2021",
        "2022",
        "2023",
        "2024"
    ],
    "revenue": [
        81727998.0,
        84766351.0,
        76328281.0,
        66094933.0
    ],
    "net_income": [
        21856477.0,
        29416606.0,
        11956940.0,
        13008603.0
    ],
    "roa": [
        0.05235624289212621,
        0.0754434391983673,
        0.02622144113110106,
        0.030249499505373385
    ],
    "roe": [
        0.10834967362876619,
        0.1284850878494541,
        0.0508495898286157,
        0.05410579973561758
    ],
    "debt_ratio": [
        0.5167844891576494,
        0.4128233831558388,
        0.48433328136021864,
        0.44091946421299655
    ],
    "current_ratio": [
        0.1309350591067685,
        0.18821909084683255,
        2.9352277379017,
        3.2286859072509584
    ]
}