{
    "years": [
        "2020",
        "2021",
        "2022",
        "2023"
    ],
    "revenue": [
        15743517791.0,
        21318535820.0,
        23187514532.0,
        13703621127.0
    ],
    "net_income": [
        316100690.0,
        901050511.0,
        -651831084.0,
        -925299043.0
    ],
    "roa": [
        0.04703006945479824,
        0.10005247962499088,
        -0.07825954268776651,
        -0.149756482953361
    ],
    "roe": [
        0.19952189419565397,
        0.37250775364599875,
        -0.37829659071151595,
        -1.1598571374921869
    ],
    "debt_ratio": [
        0.7642861719793022,
        0.7314083300395603,
        0.7931264922568488,
        0.8708836820393583
    ],
    "current_ratio": [
        1.0852181084230597,
        1.1471598309861586,
        1.0467968278302249,
        0.7952597472496222
    ]
}