{
    "years": [
        "2021",
        "2022",
        "2023",
        "2024"
    ],
    "revenue": [
        470053984.0,
        502979530.0,
        453809386.0,
        466816941.0
    ],
    "net_income": [
        11512124.0,
        11780765.0,
        9539624.0,
        9250939.0
    ],
    "roa": [
        0.08097603716124199,
        0.10818381076181233,
        0.09745611234758461,
        0.09131194253486684
    ],
    "roe": [
        0.15543513842685322,
        0.1532002009471189,
        0.1214704751190394,
        0.11606892158036601
    ],
    "debt_ratio": [
        0.47903647797535304,
        0.29384028158582615,
        0.19769711732765544,
        0.2132955032959229
    ],
    "current_ratio": [
        1.6250743485610903,
        2.43660976213529,
        3.5235891388374165,
        3.3401411857563668
    ]
}