{
    "years": [
        "2022",
        "2023",
        "2024"
    ],
    "revenue": [
        340134475.0,
        178936413.0,
        98796453.0
    ],
    "net_income": [
        560451.0,
        -3301935.0,
        1195157.0
    ],
    "roa": [
        0.0030593275397722787,
        -0.020890486075948053,
        0.010158715236683121
    ],
    "roe": [
        0.007842115143341492,
        -0.04844041317991885,
        0.01723120451577607
    ],
    "debt_ratio": [
        0.6098848991818409,
        0.5687384829201193,
        0.4104465983569353
    ],
    "current_ratio": [
        1.3382272217439,
        1.3918392376784259,
        1.8015274962277525
    ]
}