{
    "years": [
        "2022",
        "2023",
        "2024"
    ],
    "revenue": [
        529572822.0,
        512195453.0,
        478236078.0
    ],
    "net_income": [
        10557912.0,
        16646122.0,
        15029219.0
    ],
    "roa": [
        0.0525609631729921,
        0.07465532162854166,
        0.09950725920335711
    ],
    "roe": [
        0.12181205655204742,
        0.17401807134004946,
        0.15456606059121372
    ],
    "debt_ratio": [
        0.5685077104782806,
        0.5709909835590732,
        0.35621533716559256
    ],
    "current_ratio": [
        1.371676856537549,
        1.380684178912053,
        1.9670489578493977
    ]
}