{
    "years": [
        "2021",
        "2022",
        "2023",
        "2024"
    ],
    "revenue": [
        5187428888.0,
        5293172692.0,
        5446697369.0,
        5873085755.0
    ],
    "net_income": [
        1497633669.0,
        1118569441.0,
        1398218984.0,
        1619396120.0
    ],
    "roa": [
        0.06814123020629857,
        0.049353659887994915,
        0.060274729903598175,
        0.07673335685761429
    ],
    "roe": [
        0.1614656162078357,
        0.11748448808698009,
        0.13835796859666416,
        0.14843450339938696
    ],
    "debt_ratio": [
        0.5779830294111139,
        0.5799133937456004,
        0.5643566430256811,
        0.4830490546315177
    ],
    "current_ratio": [
        2.015404214314923,
        2.1281739073044195,
        1.970980977365753,
        1.7932862533478413
    ]
}