{
    "years": [
        "2021",
        "2022",
        "2023",
        "2024"
    ],
    "revenue": [
        181574012.0,
        195982293.0,
        151133482.0,
        178427248.0
    ],
    "net_income": [
        36094210.0,
        55835584.0,
        23972172.0,
        53968026.0
    ],
    "roa": [
        0.048513623156741535,
        0.07807125537258605,
        0.036490713727224705,
        0.08918233401203456
    ],
    "roe": [
        -0.5462843098309097,
        1.3717334426614047,
        0.3706469282461949,
        0.4548713407467066
    ],
    "debt_ratio": [
        1.0888065468542523,
        0.943085695117913,
        0.9015485872231849,
        0.8039394307286213
    ],
    "current_ratio": [
        0.1648512674841386,
        0.26795530272811113,
        0.2603697068888332,
        0.2059691011450854
    ]
}