{
    "years": [
        "2021",
        "2022",
        "2023",
        "2024"
    ],
    "revenue": [
        1125179982.0,
        1356402819.0,
        1231568354.0,
        1327357195.0
    ],
    "net_income": [
        83544755.0,
        9628392.0,
        -39608671.0,
        15156131.0
    ],
    "roa": [
        0.08790496309362775,
        0.010157051744475561,
        -0.0451280329068023,
        0.016620403616718585
    ],
    "roe": [
        0.3572452176678895,
        0.0446671040784286,
        -0.17848350799408538,
        0.06392997179179757
    ],
    "debt_ratio": [
        0.7539366274306631,
        0.7726055459820872,
        0.7471585278999684,
        0.7400217276671622
    ],
    "current_ratio": [
        1.320963154517835,
        1.2864402326719475,
        1.30547330969266,
        1.2923569848487984
    ]
}