{
    "years": [
        "2022",
        "2023",
        "2024"
    ],
    "revenue": [
        904253441.0,
        753373906.0,
        725504206.0
    ],
    "net_income": [
        7509825.0,
        717939.0,
        8348857.0
    ],
    "roa": [
        0.01597955378024463,
        0.001831545307929832,
        0.020321968934146124
    ],
    "roe": [
        0.06099655323268879,
        0.005797461741193031,
        0.0631600915675877
    ],
    "debt_ratio": [
        0.7380252992445974,
        0.6840780690425173,
        0.6782466834710086
    ],
    "current_ratio": [
        1.1176816823540945,
        1.1562573841364865,
        1.1714783078421191
    ]
}