{
    "years": [
        "2022",
        "2023",
        "2024"
    ],
    "revenue": [
        344330500.0,
        112123581.0,
        48400711.0
    ],
    "net_income": [
        -4892992.0,
        -19102150.0,
        -28136715.0
    ],
    "roa": [
        -0.03244892697662435,
        -0.14676934036988779,
        -0.27971027221700895
    ],
    "roe": [
        -0.04632045047445406,
        -0.220754058369471,
        -0.4818372059769174
    ],
    "debt_ratio": [
        0.29946866569184,
        0.33514544894914994,
        0.41949216717314153
    ],
    "current_ratio": [
        3.1115288556610508,
        2.759264438310841,
        2.1706965817216837
    ]
}