{
    "years": [
        "2020",
        "2021",
        "2022",
        "2023"
    ],
    "revenue": [
        120116782.0,
        16150113.0,
        3987182.0,
        2459338.0
    ],
    "net_income": [
        -15494082.0,
        5738514.0,
        -7388889.0,
        -44818683.0
    ],
    "roa": [
        -0.0718952634009447,
        0.03286915754226387,
        -0.02482438407842691,
        -0.17779619449266412
    ],
    "roe": [
        -0.10316699147828115,
        0.03644732825793749,
        -0.045253460761251814,
        -0.37834701645575086
    ],
    "debt_ratio": [
        0.3031175730652164,
        0.09817374514672049,
        0.45143678161112627,
        0.5300711073178026
    ],
    "current_ratio": [
        2.156649251937888,
        2.8581819183570123,
        1.326860853538627,
        1.2513065598976463
    ]
}