{
    "years": [
        "2020",
        "2021",
        "2022",
        "2023"
    ],
    "revenue": [
        660069034.0,
        768359617.0,
        771276505.0,
        461031858.0
    ],
    "net_income": [
        8247734.0,
        20193713.0,
        23895480.0,
        12116744.0
    ],
    "roa": [
        0.007824872966518844,
        0.018903457366239655,
        0.022427054605239846,
        0.011805386643120894
    ],
    "roe": [
        0.010774600931012502,
        0.02570243932840178,
        0.03002704853070506,
        0.015032781224696005
    ],
    "debt_ratio": [
        0.27376679501915135,
        0.264526719635093,
        0.25310492696921616,
        0.21469045104395684
    ],
    "current_ratio": [
        3.01240972958663,
        3.1232655542917063,
        3.388055575940014,
        4.307502876103948
    ]
}