{
    "years": [
        "2019",
        "2020",
        "2021",
        "2022"
    ],
    "revenue": [
        471794114.0,
        432563170.0,
        285922606.0,
        256700363.0
    ],
    "net_income": [
        819422.0,
        4258750.0,
        -800441.0,
        1686795.0
    ],
    "roa": [
        0.00032705033895506677,
        0.0016754579698683562,
        -0.00030607963068754137,
        0.0006446310235560649
    ],
    "roe": [
        0.00048327731459794514,
        0.0025054254130607,
        -0.0004711218155680019,
        0.0009918254227227548
    ],
    "debt_ratio": [
        0.3232656922306583,
        0.3312680708297086,
        0.35031743261873693,
        0.35005595865205125
    ],
    "current_ratio": [
        2.0376165245569173,
        2.038821269747789,
        2.0628993712321493,
        2.140307806289188
    ]
}