{
    "years": [
        "2021",
        "2022",
        "2023",
        "2024"
    ],
    "revenue": [
        446938462.0,
        422076495.0,
        447982707.0,
        580399077.0
    ],
    "net_income": [
        14755844.0,
        10798517.0,
        18039565.0,
        21327897.0
    ],
    "roa": [
        0.04152790605444039,
        0.034758570123419395,
        0.053017219376522276,
        0.05302967890627967
    ],
    "roe": [
        0.10101673432187244,
        0.07288123265082992,
        0.10853770471177027,
        0.1190694137726885
    ],
    "debt_ratio": [
        0.5889007268625526,
        0.5230792776249292,
        0.5115317804323084,
        0.5546322331987215
    ],
    "current_ratio": [
        1.1003841456666539,
        0.948115649925386,
        1.0926731006366939,
        1.1732810153070599
    ]
}