{
    "years": [
        "2021",
        "2022",
        "2023",
        "2024"
    ],
    "revenue": [
        108966427.0,
        107330583.0,
        40803491.0,
        145988345.0
    ],
    "net_income": [
        61933853.0,
        33737973.0,
        4962129.0,
        29486982.0
    ],
    "roa": [
        0.10298455499213777,
        0.051929308494811116,
        0.007546248621687744,
        0.03992981518545462
    ],
    "roe": [
        0.10434036918012893,
        0.05355894701425705,
        0.007822683575142087,
        0.0444026715110176
    ],
    "debt_ratio": [
        0.012994147889687167,
        0.030427008189913278,
        0.03533761154966851,
        0.10073394625485844
    ],
    "current_ratio": [
        45.391322747179075,
        20.870200242644536,
        17.29272327724228,
        1.2741372415615435
    ]
}