{
    "years": [
        "2021",
        "2022",
        "2023",
        "2024"
    ],
    "revenue": [
        994860379.0,
        959540734.0,
        1234494008.0,
        1063350074.0
    ],
    "net_income": [
        40044809.0,
        27741255.0,
        29400636.0,
        151640076.0
    ],
    "roa": [
        0.03241519612020574,
        0.022281666512197342,
        0.02182935125464701,
        0.12543233084071911
    ],
    "roe": [
        0.09256925853674446,
        0.06314406953543752,
        0.06631480237320567,
        0.26369671051073834
    ],
    "debt_ratio": [
        0.6498276357335319,
        0.6471297039274212,
        0.6708223432259356,
        0.5243310749012502
    ],
    "current_ratio": [
        0.9850682457986558,
        1.0180493919853209,
        1.0161242310606806,
        1.1391847546792913
    ]
}