{
    "years": [
        "2021",
        "2022",
        "2023",
        "2024"
    ],
    "revenue": [
        930440139.0,
        1185608422.0,
        1643645361.0,
        1082727400.0
    ],
    "net_income": [
        34359789.0,
        -141330139.0,
        3761801.0,
        1212917.0
    ],
    "roa": [
        0.018540174335344266,
        -0.08166706522154646,
        0.002145447896422945,
        0.0007603500407188101
    ],
    "roe": [
        0.0598935609234759,
        -0.32944948369409766,
        0.008698176734959252,
        0.002796290722202492
    ],
    "debt_ratio": [
        0.6904479538454483,
        0.7521105077906984,
        0.7533451018763422,
        0.7280861983764256
    ],
    "current_ratio": [
        1.1265411005378705,
        1.1312978671726361,
        1.1087361776437903,
        1.1273560806624972
    ]
}