{
    "years": [
        "2020",
        "2021",
        "2022",
        "2023"
    ],
    "revenue": [
        1252657599.0,
        893699176.0,
        1553980073.0,
        1691951961.0
    ],
    "net_income": [
        -217146122.0,
        -138935630.0,
        424402.0,
        10763161.0
    ],
    "roa": [
        -0.15235945522608155,
        -0.10272175681134671,
        0.0003436555090977711,
        0.009770880039697194
    ],
    "roe": [
        -0.8650253963682681,
        -1.2394677279475284,
        0.003771879508747893,
        0.08730624405679725
    ],
    "debt_ratio": [
        0.8238670727290215,
        0.917124299007408,
        0.9088901147820996,
        0.888084980115045
    ],
    "current_ratio": [
        0.47647140829236545,
        0.4259464473329996,
        0.38751220790264157,
        0.34662607678557616
    ]
}