{
    "years": [
        "2020",
        "2021",
        "2022",
        "2023"
    ],
    "revenue": [
        6791159.0,
        4988970.0,
        4084788.0,
        4274976.0
    ],
    "net_income": [
        190359.0,
        -1637473.0,
        -3333280.0,
        -10997329.0
    ],
    "roa": [
        0.03643083845720445,
        -0.5751963515615917,
        -0.989885191278576,
        -2.931850967145963
    ],
    "roe": [
        -0.006187310531715285,
        0.050533823424348694,
        0.09327307982517175,
        0.23531694138211454
    ],
    "debt_ratio": [
        6.887992572938612,
        12.382403162560722,
        11.612764080847198,
        13.459158061149271
    ],
    "current_ratio": [
        0.27404475254249866,
        0.15658735669662874,
        0.152823858446841,
        0.07429885253272747
    ]
}