{
    "years": [
        "2021",
        "2022",
        "2023",
        "2024"
    ],
    "revenue": [
        1352700108.0,
        858351282.0,
        2901240375.0,
        2933922873.0
    ],
    "net_income": [
        322738269.0,
        329260609.0,
        1299493798.0,
        817169411.0
    ],
    "roa": [
        0.03309056593538665,
        0.017036347437993093,
        0.09844027343407177,
        0.056768087481640306
    ],
    "roe": [
        0.1245449252921108,
        0.06247047533894275,
        0.2224990360485031,
        0.125341298518634
    ],
    "debt_ratio": [
        0.7343081955545342,
        0.7272896140847355,
        0.5575698880213911,
        0.5470919150147402
    ],
    "current_ratio": [
        1.2776248522009248,
        1.5464788098139959,
        1.8815898989912827,
        1.9045543522846766
    ]
}