{
    "years": [
        "2020",
        "2021",
        "2022",
        "2023"
    ],
    "revenue": [
        243067999.0,
        160105732.0,
        168857576.0,
        137557265.0
    ],
    "net_income": [
        6712080.0,
        -3505206.0,
        -9238024.0,
        1486235.0
    ],
    "roa": [
        0.05845697477717855,
        -0.02308566674379658,
        -0.09160436386269392,
        0.01034526980812531
    ],
    "roe": [
        0.09471372750180676,
        -0.05203550177342304,
        -0.15893704392387048,
        0.024932632981395916
    ],
    "debt_ratio": [
        0.3828035669268383,
        0.556347763411258,
        0.4236437170269025,
        0.5850711067762204
    ],
    "current_ratio": [
        2.1644625130995396,
        1.5930895504929492,
        2.0006502323141024,
        1.4521541068531683
    ]
}