{
    "years": [
        "2018",
        "2019",
        "2020",
        "2021"
    ],
    "revenue": [
        11600910.0,
        16448648.0,
        40431967.0,
        16141519.0
    ],
    "net_income": [
        656985.0,
        23630.0,
        57867.0,
        66197.0
    ],
    "roa": [
        0.0005812529842813369,
        2.0437741816141555e-05,
        5.326290157796226e-05,
        6.106913074125316e-05
    ],
    "roe": [
        0.0014547139467553506,
        5.231944741913358e-05,
        0.00012810755858106476,
        0.00014652726864899376
    ],
    "debt_ratio": [
        0.6004348582910161,
        0.6093662524297355,
        0.5842329510615237,
        0.5832234415865328
    ],
    "current_ratio": [
        0.5070694651724239,
        1.5662772122129744,
        1.245605046310583,
        1.2573819383983318
    ]
}