{
    "years": [
        "2021",
        "2022",
        "2023",
        "2024"
    ],
    "revenue": [
        795018642.0,
        340057526.0,
        13208736.0,
        472870322.0
    ],
    "net_income": [
        14487700.0,
        204021003.0,
        3869582.0,
        23967954.0
    ],
    "roa": [
        0.030629913169776597,
        0.6537167003318004,
        0.01397564228814559,
        0.046292933103272774
    ],
    "roe": [
        0.04431815236121745,
        0.7894303610421615,
        0.014210189749367164,
        0.07805723658816362
    ],
    "debt_ratio": [
        0.30886303832962475,
        0.17191340415537038,
        0.016505582638825688,
        0.40693604940797373
    ],
    "current_ratio": [
        2.6759242433544066,
        5.816882080330565,
        60.305068868702975,
        2.08967159869372
    ]
}