{
    "years": [
        "2021",
        "2022",
        "2023",
        "2024"
    ],
    "revenue": [
        527338143.0,
        514543726.0,
        504209296.0,
        490736704.0
    ],
    "net_income": [
        19081256.0,
        17129239.0,
        15478326.0,
        14862273.0
    ],
    "roa": [
        0.07933014410282625,
        0.0749046590340836,
        0.0741677439602467,
        0.06927771417985186
    ],
    "roe": [
        0.14713623756058686,
        0.12814741183096298,
        0.11356018244491933,
        0.10722577718628727
    ],
    "debt_ratio": [
        0.4608388428434554,
        0.4154805160412524,
        0.34688600913246465,
        0.3539080247514257
    ],
    "current_ratio": [
        1.7559513085541825,
        1.9604977386021711,
        2.3291682716051687,
        2.2995570983273956
    ]
}