{
    "years": [
        "2020",
        "2021",
        "2022",
        "2023"
    ],
    "revenue": [
        2032048195.0,
        2886511606.0,
        2639254563.0,
        1795635737.0
    ],
    "net_income": [
        117768618.0,
        246646630.0,
        253562357.0,
        150680475.0
    ],
    "roa": [
        0.050345182303726574,
        0.091888635316296,
        0.09107729001330027,
        0.05252609941162187
    ],
    "roe": [
        0.07162498674713892,
        0.13084496544700902,
        0.11939571675332189,
        0.06683112805691094
    ],
    "debt_ratio": [
        0.2971002915300697,
        0.2977289190885221,
        0.2371812616907275,
        0.2140473917050664
    ],
    "current_ratio": [
        1.7645460607484196,
        1.7464514137378104,
        2.0516679544434258,
        2.4350839655324967
    ]
}