{
    "years": [
        "2021",
        "2022",
        "2023",
        "2024"
    ],
    "revenue": [
        27178328.0,
        30265403.0,
        25732827.0,
        27334111.0
    ],
    "net_income": [
        1051319.0,
        3351019.0,
        1783879.0,
        1279870.0
    ],
    "roa": [
        0.0042356086164670155,
        0.010995214861062582,
        0.008426313985509592,
        0.005984769934912242
    ],
    "roe": [
        0.005261397577401664,
        0.014175615394409367,
        0.00901397439677742,
        0.006425651347582899
    ],
    "debt_ratio": [
        0.19496511066575464,
        0.22435714040330718,
        0.06519437324760105,
        0.0686127193683642
    ],
    "current_ratio": [
        3.4784221789219214,
        7.23452991537275,
        12.622081106155571,
        11.952000731578291
    ]
}