{
    "years": [
        "2022",
        "2023",
        "2024"
    ],
    "revenue": [
        2116780568.0,
        1425624612.0,
        1210456380.0
    ],
    "net_income": [
        242274378.0,
        87799333.0,
        12402344.0
    ],
    "roa": [
        0.11400970450084467,
        0.029523702619588494,
        0.0032541460338662478
    ],
    "roe": [
        0.1572097468185667,
        0.053901347436549174,
        0.007264068674027209
    ],
    "debt_ratio": [
        0.274792391642094,
        0.45226410797350125,
        0.5520215763513501
    ],
    "current_ratio": [
        2.0558658549884896,
        1.4920620345609914,
        0.7604387315134555
    ]
}