{
    "years": [
        "2021",
        "2022",
        "2023",
        "2024"
    ],
    "revenue": [
        236522186.0,
        257082322.0,
        214965688.0,
        196531067.0
    ],
    "net_income": [
        6602775.0,
        4499902.0,
        10101107.0,
        6165783.0
    ],
    "roa": [
        0.03759715120612446,
        0.02398700831072522,
        0.05575521123966345,
        0.03498247643050712
    ],
    "roe": [
        0.046591980063626366,
        0.03218880976436906,
        0.07040053262132788,
        0.04369201662143623
    ],
    "debt_ratio": [
        0.19305530362132067,
        0.25480288068068635,
        0.20802855939228534,
        0.19933939571596757
    ],
    "current_ratio": [
        4.500045658081611,
        3.361665656388679,
        4.002592290396384,
        3.9988963479266006
    ]
}