{
    "years": [
        "2020",
        "2021",
        "2022",
        "2023"
    ],
    "revenue": [
        37922371.0,
        65678640.0,
        49641110.0,
        39096653.0
    ],
    "net_income": [
        13652235.0,
        22719649.0,
        18841355.0,
        23024914.0
    ],
    "roa": [
        0.10506494755912554,
        0.1431802297516048,
        0.1068679542803445,
        0.11561876564904583
    ],
    "roe": [
        0.12445166139834622,
        0.1715742622789335,
        0.12456262260090238,
        0.132110691604148
    ],
    "debt_ratio": [
        0.1557770593127518,
        0.1654912115033177,
        0.14205439762818303,
        0.12483415047525466
    ],
    "current_ratio": [
        5.650211308344899,
        5.468180070271333,
        6.359932979172194,
        7.191626518804756
    ]
}