{
    "years": [
        "2021",
        "2022",
        "2023",
        "2024"
    ],
    "revenue": [
        193734182.0,
        203527993.0,
        210960202.0,
        220089037.0
    ],
    "net_income": [
        12249317.0,
        35703159.0,
        50501587.0,
        41019733.0
    ],
    "roa": [
        0.06160714203087856,
        0.15523763864337073,
        0.18487526330809853,
        0.1335018902763734
    ],
    "roe": [
        0.07985073247217155,
        0.18879986725741024,
        0.2107680306780465,
        0.15033357375378317
    ],
    "debt_ratio": [
        0.22847117210416307,
        0.1777661663727797,
        0.12284959576957774,
        0.11196223875431029
    ],
    "current_ratio": [
        1.442464778673073,
        2.9102636894249496,
        5.016902503252735,
        4.2309852647263195
    ]
}