{
    "years": [
        "2020",
        "2021",
        "2022",
        "2023"
    ],
    "revenue": [
        330490969.0,
        436477961.0,
        340366420.0,
        258764637.0
    ],
    "net_income": [
        4753000.0,
        11687279.0,
        -2378172.0,
        -36532872.0
    ],
    "roa": [
        0.010994577915065735,
        0.031544291112584256,
        -0.005388972512381617,
        -0.09167046993095297
    ],
    "roe": [
        0.03288934243382061,
        0.07482148552371658,
        -0.008413330191734843,
        -0.14842659598589583
    ],
    "debt_ratio": [
        0.6657100111627697,
        0.5784059766818518,
        0.35947212464385614,
        0.38238514922444283
    ],
    "current_ratio": [
        1.2340615116322908,
        1.2606980677191175,
        2.5054256527739396,
        1.8545463701975327
    ]
}