{
    "years": [
        "2021",
        "2022",
        "2023",
        "2024"
    ],
    "revenue": [
        314551171.0,
        273825264.0,
        236261143.0,
        237444365.0
    ],
    "net_income": [
        3575871.0,
        3044303.0,
        118133.0,
        715777.0
    ],
    "roa": [
        0.007441761572961786,
        0.00680755180479094,
        0.00028263939511642824,
        0.0018303448268984235
    ],
    "roe": [
        0.01181264578911456,
        0.00997640369677187,
        0.00038988831183238995,
        0.0023567958815765987
    ],
    "debt_ratio": [
        0.37001737749392055,
        0.3176346896433527,
        0.27507599859025067,
        0.22337575298459933
    ],
    "current_ratio": [
        1.0896253644286489,
        1.2206361559595056,
        1.4331235275994054,
        1.7936296264175409
    ]
}