{
    "years": [
        "2021",
        "2022",
        "2023",
        "2024"
    ],
    "revenue": [
        51652050.0,
        67443393.0,
        56328581.0,
        59872017.0
    ],
    "net_income": [
        25896884.0,
        34350152.0,
        29661578.0,
        31089342.0
    ],
    "roa": [
        0.0977354533267228,
        0.10311517830396605,
        0.07279977812711304,
        0.06124971532513689
    ],
    "roe": [
        0.20362589224623381,
        0.21265639849317358,
        0.15514151050668487,
        0.1398657941081819
    ],
    "debt_ratio": [
        0.5200244318215849,
        0.5151089784525053,
        0.5307524215192156,
        0.5620822395090961
    ],
    "current_ratio": [
        0.30661122073530017,
        1.2907983167836528,
        1.075418568042095,
        0.957640104720517
    ]
}