{
    "years": [
        "2016",
        "2017",
        "2018",
        "2019"
    ],
    "revenue": [
        338931218.0,
        436473875.0,
        567554536.0,
        546986380.0
    ],
    "net_income": [
        42564315.0,
        60652459.0,
        84171715.0,
        79708936.0
    ],
    "roa": [
        0.15047656693922848,
        0.16885752816521252,
        0.1928060306170288,
        0.1752034178728401
    ],
    "roe": [
        0.1840637421461972,
        0.22143122455786732,
        0.2451134112015333,
        0.2058166822398032
    ],
    "debt_ratio": [
        0.18247578157077374,
        0.2374267517945083,
        0.2134007287814094,
        0.14874044238695214
    ],
    "current_ratio": [
        2.481761036023457,
        1.4676555688481752,
        1.6795540424454798,
        2.667882378545198
    ]
}