{
    "years": [
        "2022",
        "2023",
        "2024"
    ],
    "revenue": [
        113798523.0,
        80248872.0,
        86058856.0
    ],
    "net_income": [
        991729.0,
        716994.0,
        467344.0
    ],
    "roa": [
        0.0043372187691408295,
        0.0030341381098667047,
        0.0020013769358891874
    ],
    "roe": [
        0.004454562618199724,
        0.003197879166629462,
        0.0020800745192090927
    ],
    "debt_ratio": [
        0.02634239522853936,
        0.051203015570891214,
        0.03783402113392959
    ],
    "current_ratio": [
        14.055290641362408,
        4.685392262026321,
        6.103881537610521
    ]
}