{
    "years": [
        "2021",
        "2022",
        "2023",
        "2024"
    ],
    "revenue": [
        108993554.0,
        166322566.0,
        71021764.0,
        2727273.0
    ],
    "net_income": [
        34088996.0,
        24842350.0,
        25549225.0,
        27581435.0
    ],
    "roa": [
        0.18382685241638266,
        0.11838331612672612,
        0.10864734964504834,
        0.11654114399049209
    ],
    "roe": [
        0.18508227562086088,
        0.11915065837869011,
        0.10925732371383007,
        0.11718854793157805
    ],
    "debt_ratio": [
        0.006783054726698581,
        0.006440100813586717,
        0.005582912413078952,
        0.005524464228910527
    ],
    "current_ratio": [
        38.87295196982164,
        52.25812877284425,
        27.201038493734686,
        50.00486516584089
    ]
}