{
    "years": [
        "2021",
        "2022",
        "2023",
        "2024"
    ],
    "revenue": [
        0.0,
        932679116.0,
        824072620.0,
        1151290482.0
    ],
    "net_income": [
        184790951.0,
        211743386.0,
        228443642.0,
        274354571.0
    ],
    "roa": [
        0.12059488640321665,
        0.12194843331064081,
        0.11737783828539818,
        0.12664219526619472
    ],
    "roe": [
        0.14583677050722946,
        0.14386292583492458,
        0.13577342314070745,
        0.1445255850291756
    ],
    "debt_ratio": [
        0.17308312585515948,
        0.15232897841539472,
        0.13548737617261952,
        0.12373857375751653
    ],
    "current_ratio": [
        2.900705801245507,
        2.92532050223359,
        3.619903486615709,
        3.552716335663234
    ]
}