{
    "years": [
        "2021",
        "2022",
        "2023",
        "2024"
    ],
    "revenue": [
        341117702.0,
        361157072.0,
        382603590.0,
        526843642.0
    ],
    "net_income": [
        104759884.0,
        106730790.0,
        116366184.0,
        196648864.0
    ],
    "roa": [
        0.08746235890706458,
        0.08277984645157159,
        0.07824540830858373,
        0.12461301707770717
    ],
    "roe": [
        0.17897014332403136,
        0.18610801048668418,
        0.19691164325269783,
        0.2897792706199625
    ],
    "debt_ratio": [
        0.5113019563899489,
        0.5552053550242299,
        0.6026369643964072,
        0.5699726318894159
    ],
    "current_ratio": [
        2.5146261687956644,
        2.1730806819107276,
        1.7239210386713484,
        2.4005669096208138
    ]
}