{
    "years": [
        "2021",
        "2022",
        "2023",
        "2024"
    ],
    "revenue": [
        713222296.0,
        858888564.0,
        817957115.0,
        872690975.0
    ],
    "net_income": [
        323628767.0,
        197366645.0,
        218873292.0,
        302127158.0
    ],
    "roa": [
        0.057622356585241376,
        0.03115497730713745,
        0.03144221324426179,
        0.036729212140485114
    ],
    "roe": [
        0.22081876147756335,
        0.12864029579681047,
        0.12598362500788077,
        0.09728616647387629
    ],
    "debt_ratio": [
        0.7390513550584505,
        0.7578132332939651,
        0.7504261903696218,
        0.622462129285896
    ],
    "current_ratio": [
        0.2797258893679764,
        1.1264660855203557,
        1.1537132914042356,
        1.6043705938475392
    ]
}