{
    "years": [
        "2021",
        "2022",
        "2023",
        "2024"
    ],
    "revenue": [
        355167679.0,
        481205546.0,
        425898585.0,
        396436407.0
    ],
    "net_income": [
        30044551.0,
        27529758.0,
        29354722.0,
        30571868.0
    ],
    "roa": [
        0.04361020524012468,
        0.0426537488226753,
        0.04686097190630432,
        0.049505716033805394
    ],
    "roe": [
        0.08434886045513236,
        0.076910641182497,
        0.08170488431775862,
        0.08456900290172904
    ],
    "debt_ratio": [
        0.4829781338501635,
        0.44541160797938767,
        0.4264605806911466,
        0.4146115676528423
    ],
    "current_ratio": [
        1.0781934601522547,
        1.2411101661594577,
        1.2739560033647237,
        1.254052701728461
    ]
}