{
    "years": [
        "2021",
        "2022",
        "2023",
        "2024"
    ],
    "revenue": [
        317754784.0,
        365110060.0,
        425252010.0,
        439780982.0
    ],
    "net_income": [
        58029570.0,
        110586457.0,
        189731958.0,
        184865290.0
    ],
    "roa": [
        0.01529010144728388,
        0.0300871008447547,
        0.05142004849917218,
        0.04717063868426862
    ],
    "roe": [
        0.08971384745444316,
        0.16494314180463923,
        0.24026992206505765,
        0.20367573478628767
    ],
    "debt_ratio": [
        0.8295681003420545,
        0.8175910770489007,
        0.7859904891247719,
        0.7684032477714456
    ],
    "current_ratio": [
        4.843779411964568,
        4.936412212676215,
        4.021430201420716,
        8.322132295794455
    ]
}