{
    "years": [
        "2021",
        "2022",
        "2023",
        "2024"
    ],
    "revenue": [
        387810424.0,
        410399350.0,
        441070578.0,
        488191876.0
    ],
    "net_income": [
        101123215.0,
        99236310.0,
        103593525.0,
        104572312.0
    ],
    "roa": [
        0.059841096003874036,
        0.05041942785834181,
        0.05407973621170876,
        0.05544910032644964
    ],
    "roe": [
        0.17069200747071803,
        0.1671158760478832,
        0.16691766734208527,
        0.16595880197870447
    ],
    "debt_ratio": [
        0.6494206325733225,
        0.6982966008334524,
        0.6760095137150678,
        0.6658863545329474
    ],
    "current_ratio": [
        2.8357131597103855,
        2.9159476324139186,
        2.31672619818193,
        1.3531715113620626
    ]
}