{
    "years": [
        "2020",
        "2021",
        "2022",
        "2023"
    ],
    "revenue": [
        160833119.0,
        166561247.0,
        183776214.0,
        142704578.0
    ],
    "net_income": [
        1412145.0,
        1601457.0,
        2223299.0,
        359378.0
    ],
    "roa": [
        0.00414109920220297,
        0.004284855109158819,
        0.006406828360567413,
        0.0011093669256125856
    ],
    "roe": [
        0.04872150576224456,
        0.05332851992916823,
        0.07236664455055779,
        0.011854468355900974
    ],
    "debt_ratio": [
        0.91500469582342,
        0.9196517151638555,
        0.9114671075278143,
        0.9064178255568619
    ],
    "current_ratio": [
        1.0233593893388746,
        1.0287929677787966,
        1.0358668290277258,
        1.039487530446946
    ]
}