{
    "years": [
        "2021",
        "2022",
        "2023",
        "2024"
    ],
    "revenue": [
        213610765.0,
        268267395.0,
        223540131.0,
        250862673.0
    ],
    "net_income": [
        768589.0,
        1223830.0,
        938413.0,
        1145034.0
    ],
    "roa": [
        0.002151574194383217,
        0.003427518272519364,
        0.0025789836324531814,
        0.0029965026513825285
    ],
    "roe": [
        0.02133067518492331,
        0.03327978821542585,
        0.02639718618444874,
        0.032231383951730135
    ],
    "debt_ratio": [
        0.8991323914629779,
        0.8970090118863605,
        0.9023008128808621,
        0.9070315238132466
    ],
    "current_ratio": [
        1.0609377037591239,
        1.0680062214247104,
        1.0671078656607427,
        1.0678777648930475
    ]
}