{
    "years": [
        "2021",
        "2022",
        "2023",
        "2024"
    ],
    "revenue": [
        1226156406.0,
        2201369239.0,
        2843811094.0,
        3455603547.0
    ],
    "net_income": [
        19610524.0,
        20307136.0,
        23010017.0,
        27063997.0
    ],
    "roa": [
        0.01372604707626134,
        0.012697737454669704,
        0.010333456459602014,
        0.013856078110001698
    ],
    "roe": [
        0.12860017673953045,
        0.1324980295560299,
        0.14454338326674313,
        0.16397267818881833
    ],
    "debt_ratio": [
        0.8932657215233664,
        0.9041665940450823,
        0.9285096541532278,
        0.9154976410518458
    ],
    "current_ratio": [
        1.0805844004310112,
        1.076773212533641,
        1.0392601236375807,
        1.023208281909152
    ]
}