{
    "years": [
        "2021",
        "2022",
        "2023",
        "2024"
    ],
    "revenue": [
        13751667.0,
        14696077.0,
        17872070.0,
        22624051.0
    ],
    "net_income": [
        1661812.0,
        1233202.0,
        1390006.0,
        5052047.0
    ],
    "roa": [
        0.08673422680737364,
        0.06275123414715934,
        0.05803946700123978,
        0.171361621622135
    ],
    "roe": [
        0.09303374943120948,
        0.0659746049541541,
        0.07937817575577119,
        0.22932324308346289
    ],
    "debt_ratio": [
        0.0677122298343335,
        0.04885775078508882,
        0.2688233705469098,
        0.25275074903869466
    ],
    "current_ratio": [
        12.310218327900856,
        9.443556517428272,
        1.2282088392637747,
        1.1393750648723058
    ]
}