{
    "years": [
        "2021",
        "2022",
        "2023",
        "2024"
    ],
    "revenue": [
        3122416498.0,
        3798072933.0,
        4511745623.0,
        4235655717.0
    ],
    "net_income": [
        96733287.0,
        75219287.0,
        -15562013.0,
        -58146923.0
    ],
    "roa": [
        0.048346579017029115,
        0.026930080460016822,
        -0.0051977634341225714,
        -0.022241042186835768
    ],
    "roe": [
        0.14131657262270692,
        0.06246073814018254,
        -0.013205906472766376,
        -0.04877839094839977
    ],
    "debt_ratio": [
        0.6578845770190953,
        0.5688478672862172,
        0.6064061603918248,
        0.5440390354334677
    ],
    "current_ratio": [
        1.089310911642867,
        1.319310887595463,
        1.2146788503379626,
        1.417594566734094
    ]
}