{
    "years": [
        "2021",
        "2022",
        "2023",
        "2024"
    ],
    "revenue": [
        261572323.0,
        301916544.0,
        318890303.0,
        230030851.0
    ],
    "net_income": [
        5326637.0,
        8489905.0,
        9175538.0,
        7899732.0
    ],
    "roa": [
        0.0374583876427307,
        0.060369610641803836,
        0.06260597828632655,
        0.05849414090961327
    ],
    "roe": [
        0.08619985452641653,
        0.13069977271994274,
        0.13888034465371085,
        0.11563307391417299
    ],
    "debt_ratio": [
        0.5654472058157438,
        0.5381047006779348,
        0.5492092243691467,
        0.4941400506828201
    ],
    "current_ratio": [
        1.5307613059353284,
        1.6904984067812383,
        1.7078911727484498,
        1.8627908400645399
    ]
}