{
    "years": [
        "2022",
        "2023",
        "2024"
    ],
    "revenue": [
        320043955.0,
        333181990.0,
        353149273.0
    ],
    "net_income": [
        2294408.0,
        2826778.0,
        3091965.0
    ],
    "roa": [
        0.029767769265199372,
        0.03577606660728242,
        0.04687069748616658
    ],
    "roe": [
        0.11701538172641661,
        0.1403555897912609,
        0.1515275071850188
    ],
    "debt_ratio": [
        0.745608065999419,
        0.7451040841302496,
        0.6906786209520605
    ],
    "current_ratio": [
        1.2100061402323676,
        1.2356594794709321,
        1.362477827498819
    ]
}