{
    "years": [
        "2021",
        "2022",
        "2023",
        "2024"
    ],
    "revenue": [
        2117015449.0,
        1691251291.0,
        1818057694.0,
        2248612115.0
    ],
    "net_income": [
        105437281.0,
        41720735.0,
        50330741.0,
        144237329.0
    ],
    "roa": [
        0.06609061377790212,
        0.028933645273312755,
        0.03390201017659236,
        0.07616805099514184
    ],
    "roe": [
        0.1620663563531345,
        0.07140043141632844,
        0.08997949016279784,
        0.22885797013980633
    ],
    "debt_ratio": [
        0.5922002859501945,
        0.5947693214260331,
        0.6232251359142597,
        0.6671820039799716
    ],
    "current_ratio": [
        1.4457624901952442,
        1.4304306308048431,
        1.3473050939132856,
        1.3151012718675217
    ]
}