{
    "years": [
        "2018",
        "2019",
        "2020",
        "2021"
    ],
    "revenue": [
        23756569.0,
        21294327.0,
        18625331.0,
        4536180.0
    ],
    "net_income": [
        -4094878.0,
        -113252390.0,
        -5487425.0,
        709102940.0
    ],
    "roa": [
        -0.04640522359558453,
        -4.1493354810011525,
        -0.005922185896851136,
        0.4919409357362675
    ],
    "roe": [
        0.015590496907354815,
        0.3013720005417077,
        0.0143922349533061,
        0.594321304018845
    ],
    "debt_ratio": [
        3.976507026770447,
        14.768151897133238,
        1.4114847983002616,
        0.17226434184720255
    ],
    "current_ratio": [
        0.21927209116030194,
        0.04533312125394162,
        0.5211585251229618,
        1.65652211794159
    ]
}