{
    "years": [
        "2021",
        "2022",
        "2023",
        "2024"
    ],
    "revenue": [
        18171538.0,
        21600029.0,
        13382606.0,
        7542407.0
    ],
    "net_income": [
        2363542.0,
        2464437.0,
        2832466.0,
        2921067.0
    ],
    "roa": [
        0.012088342729067518,
        0.013623738910237652,
        0.016125141664556898,
        0.016592040172605516
    ],
    "roe": [
        0.013718523433448064,
        0.014487462874596685,
        0.01695611922769059,
        0.017593159030824555
    ],
    "debt_ratio": [
        0.11883062432257768,
        0.05961871804852346,
        0.049007532441541476,
        0.05690387135505351
    ],
    "current_ratio": [
        12.731177611473809,
        19.60774019851722,
        19.385228125554832,
        11.030358182217146
    ]
}