{
    "years": [
        "2022",
        "2023",
        "2024"
    ],
    "revenue": [
        19851530.0,
        18240566.0,
        17804148.0
    ],
    "net_income": [
        346834.0,
        -259185.0,
        101870.0
    ],
    "roa": [
        0.01340674105879679,
        -0.010783520977596063,
        0.004192865559575096
    ],
    "roe": [
        0.01702254849392453,
        -0.012884654293965089,
        0.005038664217322875
    ],
    "debt_ratio": [
        0.21241281447476856,
        0.16307254105786556,
        0.16786168342790775
    ],
    "current_ratio": [
        3.5412996381351176,
        3.7041787271064255,
        3.964705533309484
    ]
}