{
    "years": [
        "2020",
        "2021",
        "2022",
        "2023"
    ],
    "revenue": [
        3124086175.0,
        2675815388.0,
        3237000595.0,
        2268369651.0
    ],
    "net_income": [
        7212793.0,
        37609206.0,
        1573990.0,
        60204733.0
    ],
    "roa": [
        0.004222403059724073,
        0.021009763206780226,
        0.0011083872278897348,
        0.045813368962394796
    ],
    "roe": [
        0.02158135071236958,
        0.10314897258889967,
        0.004741611813993086,
        0.15352191558970393
    ],
    "debt_ratio": [
        0.8043494535629803,
        0.7963163114526146,
        0.7662425201871764,
        0.7015841758721039
    ],
    "current_ratio": [
        0.5357259891348843,
        0.6516809740695529,
        0.7866018683646104,
        0.9304760902765771
    ]
}