{
    "years": [
        "2020",
        "2021",
        "2022",
        "2023"
    ],
    "revenue": [
        2852700849.0,
        3111850195.0,
        2944812375.0,
        1784919625.0
    ],
    "net_income": [
        146747194.0,
        335630481.0,
        333850838.0,
        175423265.0
    ],
    "roa": [
        0.02351927034989916,
        0.058170812874685625,
        0.0339193700935454,
        0.019106584540486523
    ],
    "roe": [
        0.2218615412795101,
        0.2643872367640202,
        0.09223785508529861,
        0.04632221404887047
    ],
    "debt_ratio": [
        0.8939912243723727,
        0.7799787403254788,
        0.6322619377675484,
        0.5875286850423674
    ],
    "current_ratio": [
        1.01864995503097,
        1.120593436666721,
        1.3992130991351852,
        1.445335277838362
    ]
}