{
    "years": [
        "2021",
        "2022",
        "2023",
        "2024"
    ],
    "revenue": [
        52345797.0,
        54198874.0,
        10226315.0,
        8090845.0
    ],
    "net_income": [
        -22948348.0,
        -8503164.0,
        325619.0,
        -4506564.0
    ],
    "roa": [
        -0.5245417255323328,
        -0.22837969784200254,
        0.01207917421849224,
        -0.19136463275115545
    ],
    "roe": [
        0.8946873306623857,
        0.24897459901969204,
        -0.009625974946314524,
        0.11756146676540316
    ],
    "debt_ratio": [
        1.586284959622694,
        1.917281115186933,
        2.254852031701679,
        2.6277836438790643
    ],
    "current_ratio": [
        0.27394364645630337,
        0.23751847211256108,
        0.16239037011227445,
        0.1328554208832525
    ]
}