{
    "years": [
        "2020",
        "2021",
        "2022",
        "2023"
    ],
    "revenue": [
        367970607.0,
        372697652.0,
        302888978.0,
        294895280.0
    ],
    "net_income": [
        -10472506.0,
        -2020966.0,
        -3595074.0,
        -23147865.0
    ],
    "roa": [
        -0.011101733563033414,
        -0.0020791486141328304,
        -0.0039249507309820795,
        -0.025362902264161068
    ],
    "roe": [
        0.1833390495635588,
        0.028624842004785656,
        0.04836810646070646,
        0.2373040856153191
    ],
    "debt_ratio": [
        1.0605530223346376,
        1.072634413625243,
        1.0811474961123535,
        1.1068793324750232
    ],
    "current_ratio": [
        0.7259751778741114,
        0.7329771386092211,
        0.7188609196726159,
        0.6943859914467877
    ]
}