{
    "years": [
        "2021",
        "2022",
        "2023",
        "2024"
    ],
    "revenue": [
        1185725670.0,
        1355069962.0,
        1529415505.0,
        1631183620.0
    ],
    "net_income": [
        113470511.0,
        124846334.0,
        134421319.0,
        146227999.0
    ],
    "roa": [
        0.12789043896905541,
        0.15282746431380653,
        0.14292806832014565,
        0.13166145239033009
    ],
    "roe": [
        0.19597932377876343,
        0.2247106672060265,
        0.22446159906246707,
        0.2247403266581336
    ],
    "debt_ratio": [
        0.3474289200353196,
        0.3198922587253665,
        0.36324044327792054,
        0.41416187140010496
    ],
    "current_ratio": [
        1.5727728892606754,
        1.8389304173041277,
        1.643181083229959,
        1.5715204946906502
    ]
}