{
    "years": [
        "2022",
        "2023",
        "2024"
    ],
    "revenue": [
        4340749507.0,
        3327935319.0,
        3810904288.0
    ],
    "net_income": [
        281069424.0,
        133804253.0,
        278069131.0
    ],
    "roa": [
        0.08083521507038618,
        0.04080188636920871,
        0.07138151058315872
    ],
    "roe": [
        0.1420362189128485,
        0.0665647546234583,
        0.12240360522323625
    ],
    "debt_ratio": [
        0.43088308257497643,
        0.3870346762334555,
        0.41683490079417895
    ],
    "current_ratio": [
        1.6516194812187002,
        1.8158575521339069,
        1.7717669532995401
    ]
}