{
    "years": [
        "2022",
        "2023",
        "2024"
    ],
    "revenue": [
        1106894928.0,
        895892526.0,
        914263719.0
    ],
    "net_income": [
        984102.0,
        -7384653.0,
        -61069507.0
    ],
    "roa": [
        0.001042882408788324,
        -0.007982551167317147,
        -0.06185573909341273
    ],
    "roe": [
        0.002097307987805333,
        -0.0173380034397163,
        -0.1673809407454901
    ],
    "debt_ratio": [
        0.5027519015556614,
        0.539592249184156,
        0.6304493282334515
    ],
    "current_ratio": [
        1.4518688607261983,
        1.3309609493062569,
        1.0478862035840955
    ]
}