{
    "years": [
        "2021",
        "2022",
        "2023",
        "2024"
    ],
    "revenue": [
        800514379.0,
        930415823.0,
        929059795.0,
        1059622547.0
    ],
    "net_income": [
        76593704.0,
        87706480.0,
        97411868.0,
        102576426.0
    ],
    "roa": [
        0.12536827318085703,
        0.150158791376575,
        0.15802272802454892,
        0.15696522656703835
    ],
    "roe": [
        0.22592859010755836,
        0.24865383317577727,
        0.26687510488434324,
        0.2756227335349856
    ],
    "debt_ratio": [
        0.44509779341705863,
        0.3961131044763528,
        0.40787759842555604,
        0.43050696670086436
    ],
    "current_ratio": [
        1.8704321873844305,
        2.164326052524329,
        1.8151658303964862,
        1.685208438428961
    ]
}