{
    "years": [
        "2022",
        "2023",
        "2024"
    ],
    "revenue": [
        73447048.0,
        72495409.0,
        66878891.0
    ],
    "net_income": [
        36067105.0,
        34277703.0,
        32368381.0
    ],
    "roa": [
        0.3690804332568224,
        0.3387914132800624,
        0.2901377991320636
    ],
    "roe": [
        0.41212558921435494,
        0.38000441734850604,
        0.3521733331306721
    ],
    "debt_ratio": [
        0.104446695580322,
        0.1084540131296598,
        0.1761505717856
    ],
    "current_ratio": [
        4.68797105741714,
        5.260728321152969,
        3.7000259570062215
    ]
}