{
    "years": [
        "2021",
        "2022",
        "2023",
        "2024"
    ],
    "revenue": [
        1685160077.0,
        2500285149.0,
        583802824.0,
        1194959392.0
    ],
    "net_income": [
        124382543.0,
        34721831.0,
        -402796465.0,
        417469164.0
    ],
    "roa": [
        0.02373804914858124,
        0.009043468944196097,
        -0.11156353624173046,
        0.09464148380725743
    ],
    "roe": [
        0.09716735408703402,
        0.028426468315571735,
        -0.5095485724355333,
        0.3452317219689486
    ],
    "debt_ratio": [
        0.7556993357324645,
        0.6818644917897811,
        0.7810541677931103,
        0.7258609861588274
    ],
    "current_ratio": [
        0.8026694535760969,
        0.7785964869637981,
        0.3750712910189128,
        0.6029523370079343
    ]
}