{
    "years": [
        "2021",
        "2022",
        "2023",
        "2024"
    ],
    "revenue": [
        802384445.0,
        696344217.0,
        522796155.0,
        483049215.0
    ],
    "net_income": [
        94526519.0,
        93042867.0,
        34816389.0,
        13607994.0
    ],
    "roa": [
        0.07642440463382344,
        0.05756879060964695,
        0.02041117819191657,
        0.008604145578436423
    ],
    "roe": [
        0.12968431725252466,
        0.12063692826188514,
        0.04533532640563134,
        0.01779823007955076
    ],
    "debt_ratio": [
        0.41068892327969114,
        0.5227929669704992,
        0.5497732163811841,
        0.5165729659646249
    ],
    "current_ratio": [
        1.4927543430749939,
        0.8778763434230722,
        1.2808338100793297,
        1.3271861087286432
    ]
}