{
    "years": [
        "2021",
        "2022",
        "2023",
        "2024"
    ],
    "revenue": [
        1458001878.0,
        1304480197.0,
        1355457685.0,
        1471321770.0
    ],
    "net_income": [
        15715224.0,
        11263530.0,
        3064969.0,
        5658226.0
    ],
    "roa": [
        0.0275325698037142,
        0.019511093335289144,
        0.004684452522183121,
        0.00657049022160245
    ],
    "roe": [
        0.07333094521592466,
        0.04993385217468119,
        0.012885741787546763,
        0.023165673155004188
    ],
    "debt_ratio": [
        0.6245436394874782,
        0.6092612028602474,
        0.6364623318224224,
        0.7163695534492548
    ],
    "current_ratio": [
        0.9923668700601297,
        1.1103336084708864,
        1.0612717193696364,
        1.0633407754182755
    ]
}