{
    "years": [
        "2021",
        "2022",
        "2023",
        "2024"
    ],
    "revenue": [
        522660070.0,
        172746937.0,
        120441565.0,
        48996848.0
    ],
    "net_income": [
        -890496622.0,
        8120980.0,
        -62753025.0,
        -304703373.0
    ],
    "roa": [
        -0.48340781132454996,
        0.00572531731512551,
        -0.047058798306141306,
        -0.4443747908484675
    ],
    "roe": [
        -1.4344953481877907,
        0.018512450056809838,
        -0.16703701446187863,
        -4.3229832442343294
    ],
    "debt_ratio": [
        0.6630119352180243,
        0.6907315186506369,
        0.7182732314885746,
        0.8972064507904024
    ],
    "current_ratio": [
        1.018900497988616,
        0.9559012204414448,
        0.9237918282526496,
        0.6898139037502797
    ]
}