{
    "years": [
        "2021",
        "2022"
    ],
    "revenue": [
        205259725.0,
        202050635.0
    ],
    "net_income": [
        259496.0,
        479007.0
    ],
    "roa": [
        0.0020169462471886484,
        0.0022096419115874393
    ],
    "roe": [
        0.007421306696904501,
        0.013484455366724955
    ],
    "debt_ratio": [
        0.7282222215624189,
        0.8361341373089429
    ],
    "current_ratio": [
        1.2569155664180514,
        1.1477787942574023
    ]
}