{
    "years": [
        "2010",
        "2011"
    ],
    "revenue": [
        175337912.0,
        166528302.0
    ],
    "net_income": [
        2290946.0,
        7909490.0
    ],
    "roa": [
        0.012971511177887123,
        7909490.0
    ],
    "roe": [
        0.08912070067093793,
        7909490.0
    ],
    "debt_ratio": [
        0.8544500763545152,
        0.0
    ],
    "current_ratio": [
        1.0788213374425513,
        0.0
    ]
}