{
    "years": [
        "2020",
        "2021",
        "2022",
        "2023"
    ],
    "revenue": [
        3014960190.0,
        3214243497.0,
        3792754746.0,
        3980500623.0
    ],
    "net_income": [
        44869937.0,
        45457772.0,
        49566425.0,
        102744630.0
    ],
    "roa": [
        0.03243367967120937,
        0.034257575498344246,
        0.03373062966587008,
        0.08150332380984976
    ],
    "roe": [
        0.1135072616796341,
        0.11497738408450775,
        0.1360980857957107,
        0.2424563635378958
    ],
    "debt_ratio": [
        0.7142589893257133,
        0.7020494441483804,
        0.7521594115842213,
        0.663843329906617
    ],
    "current_ratio": [
        0.9698856843628224,
        1.0258051191136277,
        1.0319200751029003,
        1.3596316536150213
    ]
}