{
    "years": [
        "2020",
        "2021",
        "2022",
        "2023"
    ],
    "revenue": [
        2176907764.0,
        2336352478.0,
        1853865926.0,
        1398128724.0
    ],
    "net_income": [
        21609433.0,
        44776521.0,
        -970275.0,
        8608545.0
    ],
    "roa": [
        0.0551028428985934,
        0.07890046100198021,
        -0.002629491974941713,
        0.020330800817071684
    ],
    "roe": [
        0.08098610170449036,
        0.15054168201240312,
        -0.003332813962453425,
        0.02872038516642648
    ],
    "debt_ratio": [
        0.3196012434373272,
        0.47588960115724216,
        0.21102947702306402,
        0.2921125291579321
    ],
    "current_ratio": [
        4.87071541120939,
        2.499794288183857,
        13.164010528658,
        5.674336549430104
    ]
}