{
    "years": [
        "2021",
        "2022",
        "2023",
        "2024"
    ],
    "revenue": [
        409068691.0,
        405543397.0,
        487142223.0,
        563129638.0
    ],
    "net_income": [
        18818396.0,
        18571316.0,
        12975052.0,
        14794749.0
    ],
    "roa": [
        0.03636839111648789,
        0.037817555406724275,
        0.02216649230576545,
        0.024049390428151938
    ],
    "roe": [
        0.07793871520106282,
        0.07152548354425013,
        0.04894753415005786,
        0.05291094190305766
    ],
    "debt_ratio": [
        0.5333719445763722,
        0.4712715869536488,
        0.5471377120283546,
        0.545474157836488
    ],
    "current_ratio": [
        1.3505988503024182,
        1.4471857157343513,
        1.3821007954265554,
        1.428337758486696
    ]
}