{
    "years": [
        "2021",
        "2022",
        "2023"
    ],
    "revenue": [
        1039963372.0,
        1184091147.0,
        1282670922.0
    ],
    "net_income": [
        32015393.0,
        47519739.0,
        53906316.0
    ],
    "roa": [
        0.08480856774349603,
        0.10287710457657354,
        0.11558569113023857
    ],
    "roe": [
        0.17969982566440226,
        0.20195913592839101,
        0.23113337308332974
    ],
    "debt_ratio": [
        0.5280542569814177,
        0.4906043536794947,
        0.4999177765273781
    ],
    "current_ratio": [
        0.9999898955951413,
        1.2160421264176284,
        0.8535144875867371
    ]
}