{
    "years": [
        "2021",
        "2022",
        "2023",
        "2024"
    ],
    "revenue": [
        956226792.0,
        1463887512.0,
        1481592381.0,
        1365232608.0
    ],
    "net_income": [
        60111277.0,
        90611305.0,
        96523923.0,
        86840703.0
    ],
    "roa": [
        0.059916632725676856,
        0.06789160209341208,
        0.0778905266995606,
        0.0669792762043225
    ],
    "roe": [
        0.21753964916062185,
        0.28260847590464655,
        0.2798610181774347,
        0.24175008956080704
    ],
    "debt_ratio": [
        0.7245714380947769,
        0.7597679904111615,
        0.7216814002649801,
        0.7229400149302725
    ],
    "current_ratio": [
        1.2759321610812484,
        1.2324222047978248,
        1.2794502975396604,
        1.285710136284728
    ]
}