{
    "years": [
        "2021",
        "2022",
        "2023",
        "2024"
    ],
    "revenue": [
        42989702.0,
        29161081.0,
        26107472.0,
        65233665.0
    ],
    "net_income": [
        55037.0,
        59453.0,
        -1932801.0,
        625830.0
    ],
    "roa": [
        0.0009296480710195249,
        0.0009339024724829586,
        -0.035747362893546304,
        0.008799816554133404
    ],
    "roe": [
        0.0020771535527375914,
        0.002235464881603609,
        -0.07836694687593053,
        0.024766810171143988
    ],
    "debt_ratio": [
        0.5524413350210473,
        0.582233440494478,
        0.543846426094141,
        0.6446931803762868
    ],
    "current_ratio": [
        1.6341560991725657,
        1.5898691163846541,
        1.705597370723971,
        1.4773288866666243
    ]
}