{
    "years": [
        "2021",
        "2022",
        "2023",
        "2024"
    ],
    "revenue": [
        22593129.0,
        22997605.0,
        23988586.0,
        23541851.0
    ],
    "net_income": [
        11339839.0,
        9756881.0,
        10983143.0,
        4918603.0
    ],
    "roa": [
        0.10232835598075185,
        0.0851999245809487,
        0.09096721405555773,
        0.0413416350069583
    ],
    "roe": [
        0.10746697186961846,
        0.08950483189339062,
        0.0950138031639989,
        0.042761440064904566
    ],
    "debt_ratio": [
        0.047815768877352394,
        0.048096926404705156,
        0.04258948672390843,
        0.033202928989090476
    ],
    "current_ratio": [
        13.794167607907745,
        14.414251864445122,
        16.717123775048652,
        24.43105286625979
    ]
}