{
    "years": [
        "2021",
        "2022",
        "2023",
        "2024"
    ],
    "revenue": [
        673653124.0,
        850188743.0,
        782528625.0,
        907985807.0
    ],
    "net_income": [
        -28628120.0,
        29684878.0,
        52082986.0,
        161540775.0
    ],
    "roa": [
        -0.04851743784450448,
        0.04159707110126272,
        0.07625015551292426,
        0.17679555081476375
    ],
    "roe": [
        -0.16254851934863218,
        0.14461738224381993,
        0.20967678827490208,
        0.4167480840192922
    ],
    "debt_ratio": [
        0.7015202719844845,
        0.7123646517737993,
        0.636344317650676,
        0.575773572586888
    ],
    "current_ratio": [
        1.1087753993962768,
        1.0845777511761323,
        1.1614472537501235,
        1.3573136149668663
    ]
}