{
    "years": [
        "2021",
        "2022",
        "2023",
        "2024"
    ],
    "revenue": [
        317382474.0,
        516216523.0,
        466490137.0,
        310279276.0
    ],
    "net_income": [
        3598774.0,
        13768205.0,
        1634646.0,
        14186530.0
    ],
    "roa": [
        0.008217004200643814,
        0.032701648686977454,
        0.005419349918369402,
        0.0675433249412959
    ],
    "roe": [
        0.027658022785539773,
        0.09913115657380406,
        0.011632551902984543,
        0.09169759163263136
    ],
    "debt_ratio": [
        0.7029070275789979,
        0.6701173494063819,
        0.5341220083463398,
        0.26341222556972765
    ],
    "current_ratio": [
        1.2026700042932756,
        1.2751471394818563,
        1.5466656865845596,
        2.9237185317118617
    ]
}