{
    "years": [
        "2021",
        "2022",
        "2023",
        "2024"
    ],
    "revenue": [
        1308753517.0,
        1629585307.0,
        1531851841.0,
        1655106128.0
    ],
    "net_income": [
        5604956.0,
        9986370.0,
        5050911.0,
        3811599.0
    ],
    "roa": [
        0.018195883617305782,
        0.03186426009053888,
        0.01590036171111331,
        0.013612431586049405
    ],
    "roe": [
        0.03752409912968713,
        0.06495161303624364,
        0.03394036749081504,
        0.025827708095296626
    ],
    "debt_ratio": [
        0.5150880623564354,
        0.5094154155531394,
        0.5315206379124718,
        0.47295239918991083
    ],
    "current_ratio": [
        1.6321361529024883,
        1.6265264152977483,
        1.577691963714739,
        1.8073289922504299
    ]
}