{
    "years": [
        "2021",
        "2022",
        "2023",
        "2024"
    ],
    "revenue": [
        8479606260.0,
        4139122623.0,
        1887010119.0,
        1021307508.0
    ],
    "net_income": [
        1156542973.0,
        301166656.0,
        224505008.0,
        84195461.0
    ],
    "roa": [
        0.10939674052177796,
        0.036394783570185045,
        0.033231811865064666,
        0.0188793385469056
    ],
    "roe": [
        0.18279549410458143,
        0.05070880696841714,
        0.036376919554302396,
        0.01951872775033123
    ],
    "debt_ratio": [
        0.401534807749749,
        0.28227884373511825,
        0.08645887908520697,
        0.032757729479308884
    ],
    "current_ratio": [
        0.8296639923456569,
        1.1367940360731656,
        5.6573298339957985,
        12.40827525435751
    ]
}