{
    "years": [
        "2020",
        "2021",
        "2022",
        "2023"
    ],
    "revenue": [
        1782150004.0,
        1318963695.0,
        1648053438.0,
        1669780465.0
    ],
    "net_income": [
        169214595.0,
        128538440.0,
        143908044.0,
        118834764.0
    ],
    "roa": [
        0.11679508395625379,
        0.08262694701821355,
        0.07784775275053221,
        0.06415766813429803
    ],
    "roe": [
        0.3431220990852004,
        0.24226163613025406,
        0.2242476636390291,
        0.17260602538437983
    ],
    "debt_ratio": [
        0.6596107208843681,
        0.6589350739223586,
        0.6528492137343133,
        0.6282999507611392
    ],
    "current_ratio": [
        1.1208826181232483,
        1.2069963392760532,
        1.3779218939724114,
        1.3253587087723497
    ]
}