{
    "years": [
        "2023",
        "2024"
    ],
    "revenue": [
        79651183.0,
        79651183.0
    ],
    "net_income": [
        6486663.0,
        6486663.0
    ],
    "roa": [
        0.037133788059151226,
        0.037133788059151226
    ],
    "roe": [
        0.05296636440710559,
        0.05296636440710559
    ],
    "debt_ratio": [
        0.2989175588164472,
        0.2989175588164472
    ],
    "current_ratio": [
        1.8185862549073952,
        1.8185862549073952
    ]
}