{
    "years": [
        "2021",
        "2022",
        "2023",
        "2024"
    ],
    "revenue": [
        389045298.0,
        410254794.0,
        428501285.0,
        456084144.0
    ],
    "net_income": [
        40849434.0,
        42723728.0,
        47568907.0,
        62147000.0
    ],
    "roa": [
        0.05759395528330665,
        0.06092961089127864,
        0.06871305361587829,
        0.08972813940289176
    ],
    "roe": [
        0.10575919946327537,
        0.1083667745992984,
        0.117307844392543,
        0.14546894218071257
    ],
    "debt_ratio": [
        0.4554236834658907,
        0.4377463838286729,
        0.41425013841404945,
        0.3831800928927864
    ],
    "current_ratio": [
        0.8082962339796691,
        0.8121774359776083,
        0.8424191829474726,
        0.6889307937621095
    ]
}