{
    "years": [
        "2021",
        "2022",
        "2023",
        "2024"
    ],
    "revenue": [
        2685577102.0,
        3146130952.0,
        2908601656.0,
        3092133475.0
    ],
    "net_income": [
        15959445.0,
        20383286.0,
        14204957.0,
        16453995.0
    ],
    "roa": [
        0.011591963293024525,
        0.015321583413990194,
        0.009294191102508158,
        0.012418897401286435
    ],
    "roe": [
        0.04708212846635566,
        0.05818772803064701,
        0.040104975578367515,
        0.04625169933374061
    ],
    "debt_ratio": [
        0.7537927092376886,
        0.7366870312255457,
        0.7682534157302564,
        0.7314931650040618
    ],
    "current_ratio": [
        1.0090639607340353,
        1.0154065075093681,
        1.0232440821075075,
        1.024475960409752
    ]
}