{
    "years": [
        "2021",
        "2022",
        "2023",
        "2024"
    ],
    "revenue": [
        278554313.0,
        252825652.0,
        226619858.0,
        268453264.0
    ],
    "net_income": [
        3777096.0,
        3419656.0,
        2360299.0,
        1088709.0
    ],
    "roa": [
        0.051041190166519375,
        0.04818901757919143,
        0.031168129648910144,
        0.009121704424013534
    ],
    "roe": [
        0.09528915702042996,
        0.08510668586488353,
        0.05845056821489789,
        0.027695596594266018
    ],
    "debt_ratio": [
        0.46435468879658404,
        0.43378105856810195,
        0.466760878451717,
        0.6706442342570063
    ],
    "current_ratio": [
        1.4493394767806693,
        1.530392877476718,
        1.4624282089513434,
        1.1453846474878957
    ]
}