{
    "years": [
        "2021",
        "2022",
        "2023",
        "2024"
    ],
    "revenue": [
        3592045565.0,
        4540017541.0,
        4344213085.0,
        4239149584.0
    ],
    "net_income": [
        41159598.0,
        68567309.0,
        71355231.0,
        22420523.0
    ],
    "roa": [
        0.02418941286537502,
        0.04364868943778874,
        0.04426858655351164,
        0.014314569647029348
    ],
    "roe": [
        0.11563559654774477,
        0.19404927282409562,
        0.17694555364627623,
        0.06082788548718246
    ],
    "debt_ratio": [
        0.790813438183912,
        0.7750638855660336,
        0.7498180336195001,
        0.7646709312286437
    ],
    "current_ratio": [
        0.804818287390272,
        0.8159162300511168,
        0.7277751123372022,
        0.7863772004091922
    ]
}