{
    "years": [
        "2021",
        "2022",
        "2023",
        "2024"
    ],
    "revenue": [
        224742780.0,
        235688251.0,
        246281377.0,
        276609458.0
    ],
    "net_income": [
        1132667.0,
        2273246.0,
        2828102.0,
        2943559.0
    ],
    "roa": [
        0.007196162475315163,
        0.013046227555786157,
        0.016396349337226123,
        0.017494106354593836
    ],
    "roe": [
        0.03407231223456656,
        0.0663733571780507,
        0.08079739236107064,
        0.08381945602647815
    ],
    "debt_ratio": [
        0.788797354703312,
        0.8034418008902453,
        0.7970683352755562,
        0.7912882380307081
    ],
    "current_ratio": [
        1.8998820865030976,
        1.7008633255994807,
        1.7431714932030833,
        1.7693907760902436
    ]
}