{
    "years": [
        "2021",
        "2022",
        "2023",
        "2024"
    ],
    "revenue": [
        151288129.0,
        162112213.0,
        171660602.0,
        179807352.0
    ],
    "net_income": [
        6308067.0,
        7658661.0,
        8329630.0,
        9544754.0
    ],
    "roa": [
        0.05245261385320517,
        0.06972642252203959,
        0.07052786422717024,
        0.0809726222260213
    ],
    "roe": [
        0.1096656519630256,
        0.13044033643753292,
        0.13857925991894335,
        0.15477192046856514
    ],
    "debt_ratio": [
        0.5217042627814782,
        0.4654535213083328,
        0.4910647937619033,
        0.47682614533127016
    ],
    "current_ratio": [
        1.7536958467790875,
        2.0147292061806614,
        1.8962463527707734,
        1.969593253677906
    ]
}