{
    "years": [
        "2021",
        "2022",
        "2023",
        "2024"
    ],
    "revenue": [
        7068552992.0,
        9725386529.0,
        8596981527.0,
        11737055058.0
    ],
    "net_income": [
        379126462.0,
        142378825.0,
        259657621.0,
        424554958.0
    ],
    "roa": [
        0.026547127690285,
        0.00973046873353409,
        0.016668963455948017,
        0.023480150732272595
    ],
    "roe": [
        0.10017723527248718,
        0.03530977797778573,
        0.063393724046339,
        0.10068008698206411
    ],
    "debt_ratio": [
        0.734998399406058,
        0.7244256607997995,
        0.7370565666127535,
        0.766784560521332
    ],
    "current_ratio": [
        1.3346327315542694,
        1.2111101183005237,
        1.2318907436057025,
        0.9839998296942082
    ]
}