{
    "years": [
        "2020",
        "2021",
        "2022",
        "2023"
    ],
    "revenue": [
        471497866.0,
        906312821.0,
        943536981.0,
        1232618318.0
    ],
    "net_income": [
        87528508.0,
        205531912.0,
        221291144.0,
        226421559.0
    ],
    "roa": [
        0.047133478332377673,
        0.05841373496244921,
        0.05127557289447387,
        0.05467054246320132
    ],
    "roe": [
        0.06710173948888569,
        0.10230590588167812,
        0.08850051603744638,
        0.0876665146988694
    ],
    "debt_ratio": [
        0.2975818705834806,
        0.42902871091325256,
        0.42061837387729895,
        0.3763805638790111
    ],
    "current_ratio": [
        1.698133313035638,
        2.230078735345916,
        1.5811950086679225,
        2.404555488443739
    ]
}