{
    "years": [
        "2020",
        "2022",
        "2023"
    ],
    "revenue": [
        261044397.0,
        222831013.0,
        157744638.0
    ],
    "net_income": [
        138392408.0,
        103539380.0,
        178381748.0
    ],
    "roa": [
        0.13544351698486223,
        0.053094659774882494,
        0.09010571152232058
    ],
    "roe": [
        0.22631977723587535,
        0.06225360028227397,
        0.10235110797061243
    ],
    "debt_ratio": [
        0.4015391909665054,
        0.14712306542693857,
        0.11964107366388066
    ],
    "current_ratio": [
        2.226963450398165,
        14.889750214508243,
        27.79769843687315
    ]
}