{
    "years": [
        "2021",
        "2022",
        "2023",
        "2024"
    ],
    "revenue": [
        12859722494.0,
        11699406208.0,
        9531404995.0,
        10601238012.0
    ],
    "net_income": [
        122412990.0,
        -8902379.0,
        -176434915.0,
        -7674739.0
    ],
    "roa": [
        0.01185341656891251,
        -0.000874389946147178,
        -0.01720970947955642,
        -0.0007386610466476039
    ],
    "roe": [
        0.05974490834759483,
        -0.004555518140581793,
        -0.10332834471563519,
        -0.004859163317932932
    ],
    "debt_ratio": [
        0.801599552217077,
        0.8080591671103503,
        0.8334463836915378,
        0.8479859600681569
    ],
    "current_ratio": [
        0.4514890017962199,
        0.4128806855322801,
        0.3682664613968648,
        0.44096113158813977
    ]
}