{
    "years": [
        "2021",
        "2022",
        "2023",
        "2024"
    ],
    "revenue": [
        265446786.0,
        230645835.0,
        209234306.0,
        217995997.0
    ],
    "net_income": [
        117547324.0,
        110969092.0,
        105439257.0,
        105150718.0
    ],
    "roa": [
        0.0971033887917854,
        0.09195537303353417,
        0.08686640820218508,
        0.08675614351762163
    ],
    "roe": [
        0.1423977329289963,
        0.13153952960685777,
        0.12504870161791437,
        0.12468844199681156
    ],
    "debt_ratio": [
        0.31808332341776807,
        0.3009297409807668,
        0.30533938315005527,
        0.304216636856846
    ],
    "current_ratio": [
        4.195514867042379,
        3.759105767664867,
        4.559133725916312,
        4.660018622254689
    ]
}