{
    "years": [
        "2020",
        "2021",
        "2022",
        "2023"
    ],
    "revenue": [
        102751618.0,
        144660728.0,
        167446382.0,
        65445578.0
    ],
    "net_income": [
        2167430.0,
        17241736.0,
        49362375.0,
        40024903.0
    ],
    "roa": [
        0.02018391600880496,
        0.12577274702105254,
        0.2835580231065233,
        0.2026465259952252
    ],
    "roe": [
        0.02265888355139515,
        0.15289774980673107,
        0.3236997656529078,
        0.22070255044264822
    ],
    "debt_ratio": [
        0.10922725018540469,
        0.17740616078369775,
        0.1240091801284378,
        0.08181158038821609
    ],
    "current_ratio": [
        4.133743183544914,
        3.4230555572916685,
        6.58505335750627,
        9.593852493282094
    ]
}