{
    "years": [
        "2021",
        "2022",
        "2023",
        "2024"
    ],
    "revenue": [
        170317506.0,
        187831343.0,
        182580851.0,
        178249263.0
    ],
    "net_income": [
        10749355.0,
        10198638.0,
        10805260.0,
        10788351.0
    ],
    "roa": [
        0.11107013267053997,
        0.10064697210812452,
        0.12145618379982326,
        0.12569875274611905
    ],
    "roe": [
        0.2070654070067587,
        0.19118552995664345,
        0.19650943265318216,
        0.19247871946511355
    ],
    "debt_ratio": [
        0.4635988006103086,
        0.47356386160108993,
        0.38193204183648394,
        0.34694727242872303
    ],
    "current_ratio": [
        1.9308904710451147,
        1.8486507401107193,
        2.2816620653479958,
        2.571336401985999
    ]
}