{
    "years": [
        "2015",
        "2016",
        "2017",
        "2018"
    ],
    "revenue": [
        1664180.0,
        31579081.0,
        111309491.0,
        192858656.0
    ],
    "net_income": [
        -20172999.0,
        -6598691.0,
        365173.0,
        -27946997.0
    ],
    "roa": [
        -0.011158331178248111,
        -0.003407375899719616,
        0.0001794187000285261,
        -0.012859325705385602
    ],
    "roe": [
        -0.016617002573394993,
        -0.005227298588269474,
        0.00027477629159548735,
        -0.02078721384386372
    ],
    "debt_ratio": [
        0.32849916048557426,
        0.3481574005804695,
        0.3470371880094451,
        0.38138291153522674
    ],
    "current_ratio": [
        1.0757621847012708,
        1.6877714859855644,
        0.4456075171101636,
        0.8382267068317744
    ]
}