{
    "years": [
        "2021",
        "2022",
        "2023",
        "2024"
    ],
    "revenue": [
        892683911.0,
        1194676997.0,
        772692546.0,
        819057551.0
    ],
    "net_income": [
        97228793.0,
        67264592.0,
        -36578907.0,
        52619927.0
    ],
    "roa": [
        0.07692128633683497,
        0.058435648760351795,
        -0.04576445318239934,
        0.048855361985871794
    ],
    "roe": [
        0.17654600672551854,
        0.11725401756423716,
        -0.07419725913301332,
        0.09644143955407733
    ],
    "debt_ratio": [
        0.5642989169592104,
        0.5016320124951108,
        0.3832056100568692,
        0.49341940340410134
    ],
    "current_ratio": [
        1.3702001529080998,
        1.4070165328927322,
        1.6147916425896842,
        1.496596265142179
    ]
}