{
    "years": [
        "2021",
        "2022",
        "2023",
        "2024"
    ],
    "revenue": [
        213700185.0,
        108249416.0,
        77227649.0,
        33940310.0
    ],
    "net_income": [
        -11480530.0,
        -3104555.0,
        -48176569.0,
        1714609.0
    ],
    "roa": [
        -0.012229374466334417,
        -0.003563912811547904,
        -0.08004673806308518,
        0.0031928973739456376
    ],
    "roe": [
        -0.03826367754085178,
        -0.010530423805772645,
        -0.27360442845027416,
        0.009430996419199375
    ],
    "debt_ratio": [
        0.6803920780150349,
        0.661560362879772,
        0.7074362483221533,
        0.6614464440421565
    ],
    "current_ratio": [
        1.1079985966139778,
        1.358380657485169,
        1.1248272746371164,
        0.5972041723339495
    ]
}