{
    "years": [
        "2020",
        "2021",
        "2022",
        "2023"
    ],
    "revenue": [
        375943937.0,
        414055499.0,
        537632072.0,
        329315675.0
    ],
    "net_income": [
        19535738.0,
        18248740.0,
        13663628.0,
        4954219.0
    ],
    "roa": [
        0.031227521948897673,
        0.02909141312375306,
        0.013145663613936754,
        0.004903124694694022
    ],
    "roe": [
        0.0443594726522579,
        0.03988591726375308,
        0.017286411643909507,
        0.006229252642804554
    ],
    "debt_ratio": [
        0.29603486962759934,
        0.2706344715258608,
        0.23953774301282799,
        0.21288716707330058
    ],
    "current_ratio": [
        2.053733383515761,
        2.400609590288292,
        3.629226974600658,
        4.069230167289618
    ]
}