{
    "years": [
        "2021",
        "2022",
        "2023",
        "2024"
    ],
    "revenue": [
        4645958488.0,
        5326723971.0,
        6158687455.0,
        6305418453.0
    ],
    "net_income": [
        456344147.0,
        7542906.0,
        4103923.0,
        -597714931.0
    ],
    "roa": [
        0.10877741192984479,
        0.001795932952171691,
        0.0009942109474610748,
        -0.15202314283098473
    ],
    "roe": [
        0.2378480896059105,
        0.003947642500353912,
        0.0022053321052555616,
        -0.4750756374327296
    ],
    "debt_ratio": [
        0.5426601403018304,
        0.545061906692239,
        0.5491785817239249,
        0.6800022336390359
    ],
    "current_ratio": [
        1.5972290648154592,
        1.6092461702526144,
        1.5767732798323992,
        1.3081135453402029
    ]
}