{
    "years": [
        "2021",
        "2022",
        "2023",
        "2024"
    ],
    "revenue": [
        73936958.0,
        99398670.0,
        60550281.0,
        53582280.0
    ],
    "net_income": [
        -4801760.0,
        -4541694.0,
        -2572960.0,
        -979028.0
    ],
    "roa": [
        -0.0941530190090172,
        -0.10788819663751455,
        -0.06870739434438294,
        -0.027518731667293714
    ],
    "roe": [
        -0.12717515948474695,
        -0.13673472693331154,
        -0.08396729682388518,
        -0.03300460251020636
    ],
    "debt_ratio": [
        0.2596587306005331,
        0.21096711086325615,
        0.18173625990972034,
        0.16621532833840943
    ],
    "current_ratio": [
        3.933779719994552,
        4.615488270542292,
        5.274108566297987,
        5.820056742875026
    ]
}