{
    "years": [
        "2021",
        "2022",
        "2023",
        "2024"
    ],
    "revenue": [
        11904520096.0,
        25508217273.0,
        19933917252.0,
        20271716329.0
    ],
    "net_income": [
        107729449.0,
        43153096.0,
        120974168.0,
        85910578.0
    ],
    "roa": [
        0.013590394382236864,
        0.00534991196212742,
        0.013190561943885409,
        0.00948153145291224
    ],
    "roe": [
        0.04005707649097467,
        0.01645589815168513,
        0.044369656651301985,
        0.030208650586202746
    ],
    "debt_ratio": [
        0.6607242571659233,
        0.6748939551756052,
        0.7027121023822855,
        0.6861319102666983
    ],
    "current_ratio": [
        0.9506534202485696,
        1.0367221682417798,
        0.9621743295333166,
        1.0243664884340205
    ]
}