{
    "years": [
        "2021",
        "2022",
        "2023",
        "2024"
    ],
    "revenue": [
        11028902229.0,
        24839013750.0,
        37113183011.0,
        41775818154.0
    ],
    "net_income": [
        61126147.0,
        194715276.0,
        331623553.0,
        199650125.0
    ],
    "roa": [
        0.060469982921945185,
        0.08582248749906765,
        0.08409524240685998,
        0.04938737680158977
    ],
    "roe": [
        0.213998407153533,
        0.4321938113449819,
        0.47662549596593556,
        0.23626958340931717
    ],
    "debt_ratio": [
        0.7174278831030689,
        0.8014259222454179,
        0.8235611751393378,
        0.7909702294771042
    ],
    "current_ratio": [
        1.2637459043328672,
        1.1961047429901408,
        1.1869688425725429,
        1.2326306358040204
    ]
}