{
    "years": [
        "2020",
        "2021",
        "2022",
        "2023"
    ],
    "revenue": [
        755382415.0,
        1011444191.0,
        1253461066.0,
        966714640.0
    ],
    "net_income": [
        57241713.0,
        174619803.0,
        181305490.0,
        37444882.0
    ],
    "roa": [
        0.13612144012868238,
        0.2953796259790426,
        0.3067742657653044,
        0.07829002865321628
    ],
    "roe": [
        0.24333147497527363,
        0.6433569021614717,
        0.5869659313630724,
        0.1503737829348386
    ],
    "debt_ratio": [
        0.44059254914509316,
        0.5408775051815526,
        0.4773559258321812,
        0.4793638417200579
    ],
    "current_ratio": [
        0.9143321116256954,
        0.9111544169558929,
        0.971148892553102,
        0.8440704982426508
    ]
}