{
    "years": [
        "2021",
        "2022",
        "2023",
        "2024"
    ],
    "revenue": [
        748324033.0,
        1070306279.0,
        854040208.0,
        763629129.0
    ],
    "net_income": [
        359912024.0,
        580075364.0,
        460182688.0,
        355153097.0
    ],
    "roa": [
        0.1808800887607392,
        0.25282395386044165,
        0.21451889585448697,
        0.17539019484073265
    ],
    "roe": [
        0.2567380493964339,
        0.34365728906990733,
        0.28999202031921095,
        0.23063319416269132
    ],
    "debt_ratio": [
        0.29546832194927636,
        0.2643137163052816,
        0.26025931465854246,
        0.23952752994865786
    ],
    "current_ratio": [
        4.841155389438367,
        4.950178703584792,
        4.496415239025778,
        4.606136160132512
    ]
}