{
    "years": [
        "2020",
        "2021",
        "2022",
        "2023"
    ],
    "revenue": [
        3421254473.0,
        6389529795.0,
        3656259678.0,
        2403225044.0
    ],
    "net_income": [
        321629220.0,
        620899931.0,
        682314632.0,
        173050460.0
    ],
    "roa": [
        0.08205695370849733,
        0.10828232282433974,
        0.12248487056347529,
        0.023032728695088718
    ],
    "roe": [
        0.13706704739546696,
        0.17791257895827894,
        0.1645088651696035,
        0.03628918156608164
    ],
    "debt_ratio": [
        0.4013371173616519,
        0.39137342925183344,
        0.25545124612465586,
        0.3653004090724193
    ],
    "current_ratio": [
        1.2921324963479925,
        1.4790885683348673,
        2.0311810979201175,
        1.9151186630217705
    ]
}