{
    "years": [
        "2021",
        "2022",
        "2023",
        "2024"
    ],
    "revenue": [
        2523252793.0,
        3043357314.0,
        2652366477.0,
        2337998632.0
    ],
    "net_income": [
        41364633.0,
        48412249.0,
        2395394.0,
        -325355356.0
    ],
    "roa": [
        0.013254619941733884,
        0.013806740850332632,
        0.0011039942259952634,
        -0.22196897685616257
    ],
    "roe": [
        0.0901571294144245,
        0.11115438478947454,
        0.005475773526441342,
        -2.8952381871065307
    ],
    "debt_ratio": [
        0.8529831192738349,
        0.8757877084517854,
        0.7983857037431679,
        0.9233330860843626
    ],
    "current_ratio": [
        1.0499071980586614,
        1.0170980713794555,
        1.0595125776584453,
        1.0096456118229171
    ]
}