{
    "years": [
        "2020",
        "2021",
        "2022",
        "2023"
    ],
    "revenue": [
        78362701.0,
        45751445.0,
        45677902.0,
        91860556.0
    ],
    "net_income": [
        -6670408.0,
        8980618.0,
        6176882.0,
        10104377.0
    ],
    "roa": [
        -0.07421546589530621,
        0.09563408885950822,
        0.0619563121919553,
        0.07575280174073803
    ],
    "roe": [
        -0.09349121459187779,
        0.11179853487769684,
        0.07462202683772,
        0.11334119565542077
    ],
    "debt_ratio": [
        0.20617711279842751,
        0.1445854906405695,
        0.1697315817125786,
        0.3316392922919107
    ],
    "current_ratio": [
        1.3235798879647698,
        2.8800217637157437,
        3.5264190274922096,
        1.997508994092035
    ]
}