{
    "years": [
        "2021",
        "2022",
        "2023",
        "2024"
    ],
    "revenue": [
        516494067.0,
        641533943.0,
        545862803.0,
        530115056.0
    ],
    "net_income": [
        3083245.0,
        5741241.0,
        3520636.0,
        1282389.0
    ],
    "roa": [
        0.022937997181848684,
        0.04057522612070964,
        0.025161841818839365,
        0.009388834491980406
    ],
    "roe": [
        0.03260150032173316,
        0.06001172735256819,
        0.038012730819895424,
        0.014320599589797959
    ],
    "debt_ratio": [
        0.29641283513085714,
        0.32387838326447976,
        0.3380680294173986,
        0.34438258446461684
    ],
    "current_ratio": [
        3.5208572850800333,
        3.194383393998142,
        3.0218754384320508,
        2.9915227239853195
    ]
}