{
    "years": [
        "2021",
        "2022",
        "2023",
        "2024"
    ],
    "revenue": [
        718924738.0,
        899730752.0,
        978884265.0,
        965470122.0
    ],
    "net_income": [
        107994304.0,
        55386349.0,
        51843397.0,
        52009796.0
    ],
    "roa": [
        0.06711421715076252,
        0.03266639675410052,
        0.030700003345038886,
        0.02428961554472224
    ],
    "roe": [
        0.12641523229939822,
        0.06215794966077703,
        0.05631882937685533,
        0.05675625590045441
    ],
    "debt_ratio": [
        0.4690970705823557,
        0.4744614818800289,
        0.4548891785443379,
        0.5720363304562561
    ],
    "current_ratio": [
        1.7988486101227206,
        4.758769981986366,
        5.087148908339779,
        2.566848862851689
    ]
}