{
    "years": [
        "2019",
        "2020",
        "2021",
        "2022"
    ],
    "revenue": [
        4640055453.0,
        5232919942.0,
        5447191976.0,
        6447640217.0
    ],
    "net_income": [
        133315649.0,
        42897378.0,
        18846825.0,
        11515033.0
    ],
    "roa": [
        0.07624889792024372,
        0.02014504012742095,
        0.00806004384452245,
        0.004313227630145219
    ],
    "roe": [
        0.23840388553934586,
        0.07582925431711239,
        0.03265276906264944,
        0.019868061336275424
    ],
    "debt_ratio": [
        0.6801692315217752,
        0.7343368293828149,
        0.7531589486619651,
        0.7829064669601126
    ],
    "current_ratio": [
        1.3158379189521958,
        1.2341690595550554,
        1.2147919936004807,
        1.109078498563367
    ]
}