{
    "years": [
        "2022",
        "2023",
        "2024"
    ],
    "revenue": [
        2012251347.0,
        1457624191.0,
        1405237750.0
    ],
    "net_income": [
        -8385277.0,
        1776466.0,
        1934509.0
    ],
    "roa": [
        -0.022948538178651414,
        0.004347195000412276,
        0.003997392608708121
    ],
    "roe": [
        -0.04699512952065952,
        0.009858022612622433,
        0.010636580051859643
    ],
    "debt_ratio": [
        0.5116826272696404,
        0.5590195750975424,
        0.6241844099119774
    ],
    "current_ratio": [
        1.3578117519062403,
        1.3692805581335326,
        1.3085725078500396
    ]
}