{
    "years": [
        "2021",
        "2022",
        "2023"
    ],
    "revenue": [
        70190860.0,
        97357828.0,
        129522968.0
    ],
    "net_income": [
        39269882.0,
        51793228.0,
        32838689.0
    ],
    "roa": [
        0.10180939693498248,
        0.1281980058182921,
        0.08954478359215791
    ],
    "roe": [
        0.11595379895432331,
        0.15066141518742585,
        0.09875279710647084
    ],
    "debt_ratio": [
        0.12198308418435369,
        0.14909862184149014,
        0.09324306535221748
    ],
    "current_ratio": [
        5.887253457959575,
        4.729331386417522,
        5.923970748084286
    ]
}