{
    "years": [
        "2021",
        "2022",
        "2023",
        "2024"
    ],
    "revenue": [
        5446378398.0,
        6772345207.0,
        7095204710.0,
        7655752760.0
    ],
    "net_income": [
        232286348.0,
        292996521.0,
        219442316.0,
        314824208.0
    ],
    "roa": [
        0.053186718169697375,
        0.05536756750844854,
        0.041955053078850155,
        0.05412256505528013
    ],
    "roe": [
        0.15885528687675515,
        0.17748457549861885,
        0.11830408563715947,
        0.1663605145513619
    ],
    "debt_ratio": [
        0.6651876105894966,
        0.6880429335738001,
        0.6453626022052444,
        0.6746670013540358
    ],
    "current_ratio": [
        0.8278602229183081,
        0.89160440023281,
        0.887908733301044,
        0.9588046994380184
    ]
}