{
    "years": [
        "2020",
        "2021",
        "2022",
        "2023"
    ],
    "revenue": [
        335604967.0,
        412425997.0,
        463163295.0,
        531948900.0
    ],
    "net_income": [
        108969175.0,
        142724369.0,
        140575702.0,
        139223044.0
    ],
    "roa": [
        0.09417475064038473,
        0.11099015949235508,
        0.10083422363727977,
        0.06534544525967648
    ],
    "roe": [
        0.17093144638521104,
        0.18292682235973043,
        0.15266654389112386,
        0.08077790318676296
    ],
    "debt_ratio": [
        0.4490495889904743,
        0.3932537718602579,
        0.3395132878020018,
        0.1910480133583784
    ],
    "current_ratio": [
        1.3161800874558138,
        0.7473278381316707,
        0.6778343487058242,
        2.7659537106264422
    ]
}