{
    "years": [
        "2021",
        "2022",
        "2023",
        "2024"
    ],
    "revenue": [
        1905792806.0,
        1710499476.0,
        761387125.0,
        992703710.0
    ],
    "net_income": [
        -16269677.0,
        2805177.0,
        478172.0,
        -27761177.0
    ],
    "roa": [
        -0.014464219532087132,
        0.0029980714575157646,
        0.0005287137711894617,
        -0.029830092557445162
    ],
    "roe": [
        -0.02845269545700923,
        0.005279953834770888,
        0.0008998299936815138,
        -0.055171287621238234
    ],
    "debt_ratio": [
        0.4916397445035768,
        0.4321784713775137,
        0.4124292645255001,
        0.45931853607922607
    ],
    "current_ratio": [
        2.0063029714791702,
        1.8221248768671368,
        1.7329341188898602,
        1.547892137838627
    ]
}