{
    "years": [
        "2021",
        "2022",
        "2023",
        "2024"
    ],
    "revenue": [
        95252337.0,
        78974917.0,
        71855016.0,
        69573698.0
    ],
    "net_income": [
        28552465.0,
        18782699.0,
        16853619.0,
        10591805.0
    ],
    "roa": [
        0.26508666434326583,
        0.16724351154139408,
        0.14641824290574587,
        0.10104628813240345
    ],
    "roe": [
        0.29393736973225937,
        0.18251314532568308,
        0.1665831294108363,
        0.11329995080796108
    ],
    "debt_ratio": [
        0.09815256023850578,
        0.08366320002343566,
        0.12104999213551022,
        0.10815240949510299
    ],
    "current_ratio": [
        1.3741605377038395,
        3.080945813027682,
        2.573036907447283,
        2.303483078544203
    ]
}