{
    "years": [
        "2021",
        "2022",
        "2023",
        "2024"
    ],
    "revenue": [
        1552737315.0,
        624702679.0,
        1108254311.0,
        2556153106.0
    ],
    "net_income": [
        31907289.0,
        262863.0,
        3778321.0,
        49473981.0
    ],
    "roa": [
        0.08405209468293272,
        0.0007653723081489663,
        0.00947606279035094,
        0.10980489825603702
    ],
    "roe": [
        0.89177655697824,
        0.007294267297464018,
        0.12258989613481719,
        0.6274725559602268
    ],
    "debt_ratio": [
        0.9057475843862268,
        0.8950720782586262,
        0.9227011108653709,
        0.8250044608118332
    ],
    "current_ratio": [
        0.4130801368669912,
        0.3664098234568083,
        0.527530522772734,
        0.6610951064615429
    ]
}