{
    "years": [
        "2020",
        "2022",
        "2023",
        "2024"
    ],
    "revenue": [
        12866921.0,
        379278024.0,
        637508890.0,
        918232191.0
    ],
    "net_income": [
        -2665353.0,
        6931645.0,
        18680488.0,
        -75281.0
    ],
    "roa": [
        -0.0075588324421643404,
        0.011506201612508425,
        0.011641511351462073,
        -0.00011319790903142904
    ],
    "roe": [
        -0.00994501801294887,
        0.012387017582041773,
        0.027534146741529996,
        -0.00012048777091138559
    ],
    "debt_ratio": [
        0.23993778268451663,
        0.07110799380880203,
        0.5771973084641451,
        0.060502919298905375
    ],
    "current_ratio": [
        2.7700332551526805,
        12.871468803425756,
        6.875106857293789,
        10.751041624764406
    ]
}