{
    "years": [
        "2021",
        "2022",
        "2023",
        "2024"
    ],
    "revenue": [
        196230766.0,
        188147278.0,
        221592978.0,
        230077135.0
    ],
    "net_income": [
        5729524.0,
        7496280.0,
        -6207862.0,
        -4573096.0
    ],
    "roa": [
        0.007053179662432752,
        0.008039576326335037,
        -0.007192668455732867,
        -0.005520907974213847
    ],
    "roe": [
        0.025376423304339285,
        0.03359355505368866,
        -0.02858179220080673,
        -0.022543446528193064
    ],
    "debt_ratio": [
        0.722057770795986,
        0.7606809903421557,
        0.7483478850731462,
        0.7550992051144734
    ],
    "current_ratio": [
        0.6209692874992067,
        0.4832535545622554,
        0.431484181945337,
        0.4625823700908315
    ]
}