{
    "years": [
        "2018",
        "2019",
        "2020",
        "2021"
    ],
    "revenue": [
        67972280.0,
        31525183.0,
        5182613.0,
        6467799.0
    ],
    "net_income": [
        284438.0,
        -2790741.0,
        -87956890.0,
        -780261.0
    ],
    "roa": [
        0.0010698397937871178,
        -0.010617508526049486,
        -0.5165129709266966,
        -0.004766367067533103
    ],
    "roe": [
        0.001116398318900488,
        -0.011018996969976314,
        -0.5360904643565738,
        -0.004778354767762004
    ],
    "debt_ratio": [
        0.04170422359577217,
        0.036436024532974405,
        0.03651901074825979,
        0.002508750566152736
    ],
    "current_ratio": [
        19.257438701141517,
        4.164874258180959,
        1.6993559062297239,
        10.547391437740755
    ]
}