{
    "years": [
        "2021",
        "2022",
        "2023",
        "2024"
    ],
    "revenue": [
        1536159852.0,
        1490564467.0,
        1580591704.0,
        3904819500.0
    ],
    "net_income": [
        208594222.0,
        161790598.0,
        200672195.0,
        490310088.0
    ],
    "roa": [
        0.10071034674572078,
        0.0667203208397683,
        0.0568104720969226,
        0.08660365389519904
    ],
    "roe": [
        0.21757745486662242,
        0.15754437549967074,
        0.17586026382344092,
        0.3215859303736238
    ],
    "debt_ratio": [
        0.5371287580900446,
        0.5764982365879019,
        0.6769567447370668,
        0.7306982497816944
    ],
    "current_ratio": [
        1.3885536712501407,
        1.109922669526698,
        1.0116613680021131,
        1.035744712142396
    ]
}