{
    "years": [
        "2021",
        "2022",
        "2023",
        "2024"
    ],
    "revenue": [
        64315207.0,
        69133860.0,
        73335298.0,
        103172465.0
    ],
    "net_income": [
        18814786.0,
        15458969.0,
        18502992.0,
        37492085.0
    ],
    "roa": [
        0.10586360624281776,
        0.08385266509895481,
        0.09779954832477673,
        0.18156329458277512
    ],
    "roe": [
        0.12281278644539774,
        0.09800002897089272,
        0.11426793054228589,
        0.20083353333880252
    ],
    "debt_ratio": [
        0.1380082700925896,
        0.14436081315996205,
        0.14412077071278437,
        0.09595130073979659
    ],
    "current_ratio": [
        1.537415382125801,
        1.0430932784904274,
        0.5551548913518735,
        2.152314370880703
    ]
}