{
    "years": [
        "2022",
        "2023",
        "2024"
    ],
    "revenue": [
        1033094122.0,
        567046034.0,
        436556738.0
    ],
    "net_income": [
        14959333.0,
        -48776129.0,
        11903791.0
    ],
    "roa": [
        0.023317034737119338,
        -0.10559633232018334,
        0.024556046820118565
    ],
    "roe": [
        0.04453049592365561,
        -0.1698578967774174,
        0.03980372540052558
    ],
    "debt_ratio": [
        0.47638052859113117,
        0.37832544542478774,
        0.38307164535422306
    ],
    "current_ratio": [
        1.4573917055461962,
        1.3696862885634964,
        2.2619535828952406
    ]
}