{
    "years": [
        "2021",
        "2022",
        "2023",
        "2024"
    ],
    "revenue": [
        29821771.0,
        35637721.0,
        42426280.0,
        40545435.0
    ],
    "net_income": [
        1580160.0,
        1599548.0,
        1657140.0,
        1390283.0
    ],
    "roa": [
        0.03315843261774469,
        0.0332097270956562,
        0.03319291665714395,
        0.027263333944312976
    ],
    "roe": [
        0.06214985984069143,
        0.06283245058255267,
        0.06514502270192828,
        0.055180989946284106
    ],
    "debt_ratio": [
        0.46647614809205346,
        0.4714558036850168,
        0.4904765509251799,
        0.505928872047195
    ],
    "current_ratio": [
        0.6779478525755518,
        0.7591363903381148,
        0.7240105496628036,
        0.7097734632758418
    ]
}