{
    "years": [
        "2021",
        "2022",
        "2023",
        "2024"
    ],
    "revenue": [
        1378760811.0,
        2119358886.0,
        2522488165.0,
        3194215299.0
    ],
    "net_income": [
        8239092.0,
        14695881.0,
        19983677.0,
        41594285.0
    ],
    "roa": [
        0.006622352778398424,
        0.007591390941698802,
        0.010149214745930259,
        0.017269867647599944
    ],
    "roe": [
        0.025006794539425684,
        0.029750070901940706,
        0.038881646693303955,
        0.07486965593434824
    ],
    "debt_ratio": [
        0.7351778626421859,
        0.7448278033783244,
        0.7389715814768175,
        0.7693342191562419
    ],
    "current_ratio": [
        1.085821512317063,
        1.063926469551584,
        1.040991334387294,
        1.0560068799564262
    ]
}