{
    "years": [
        "2022",
        "2023",
        "2024"
    ],
    "revenue": [
        42795043.0,
        68881953.0,
        84666957.0
    ],
    "net_income": [
        12949012.0,
        24899900.0,
        31879243.0
    ],
    "roa": [
        0.14223279445838086,
        0.22809846953373608,
        0.25962197523851177
    ],
    "roe": [
        0.1676291840313654,
        0.2704293202166984,
        0.30401736541125846
    ],
    "debt_ratio": [
        0.1515033895782287,
        0.15653203080583886,
        0.14602912604249085
    ],
    "current_ratio": [
        3.2173346279015407,
        3.589519986455594,
        4.107306967802188
    ]
}