{
    "years": [
        "2021",
        "2022",
        "2023",
        "2024"
    ],
    "revenue": [
        1560370312.0,
        1434520440.0,
        934260074.0,
        1126530392.0
    ],
    "net_income": [
        90196154.0,
        48430637.0,
        6074580.0,
        20718134.0
    ],
    "roa": [
        0.16514913227184055,
        0.08328225433715826,
        0.010967021664064429,
        0.03971935000300357
    ],
    "roe": [
        0.4307680991006024,
        0.2127706619309276,
        0.02821935357705664,
        0.09011549344944676
    ],
    "debt_ratio": [
        0.6166170786168841,
        0.6085820592869405,
        0.6113652414426312,
        0.5592394994176507
    ],
    "current_ratio": [
        1.4755168528627927,
        1.5014099289312792,
        1.4056603067518099,
        1.573268311998972
    ]
}