{
    "years": [
        "2021",
        "2022",
        "2023",
        "2024"
    ],
    "revenue": [
        66521052.0,
        64437087.0,
        73821787.0,
        71217416.0
    ],
    "net_income": [
        3158151.0,
        3360396.0,
        5801686.0,
        5492113.0
    ],
    "roa": [
        0.023645994252366406,
        0.025917570751007087,
        0.04734969178799526,
        0.04709953369162203
    ],
    "roe": [
        0.03414580867102271,
        0.03625320031645314,
        0.060984560190383036,
        0.05791894937103182
    ],
    "debt_ratio": [
        0.3074993630936263,
        0.2850956460457737,
        0.22357902327773008,
        0.1868026923295871
    ],
    "current_ratio": [
        1.221688676622729,
        1.242829556401139,
        1.2815429053342042,
        1.305956672978988
    ]
}