{
    "years": [
        "2021",
        "2022",
        "2023",
        "2024"
    ],
    "revenue": [
        402948810.0,
        378901233.0,
        377271829.0,
        501536417.0
    ],
    "net_income": [
        9638308.0,
        8910405.0,
        11420334.0,
        14077510.0
    ],
    "roa": [
        0.05695127144229869,
        0.05002272899174981,
        0.06327897667522575,
        0.06750082911721368
    ],
    "roe": [
        0.1003211830235295,
        0.08807342186323022,
        0.10703415384328162,
        0.12511521545606905
    ],
    "debt_ratio": [
        0.43231060753199807,
        0.43203377439529467,
        0.408796403735968,
        0.46049064559286285
    ],
    "current_ratio": [
        1.2336735863612052,
        1.3102588080889666,
        1.4571158813074296,
        1.4525340995649305
    ]
}