{
    "years": [
        "2022",
        "2023",
        "2024"
    ],
    "revenue": [
        2408434865.0,
        2302413360.0,
        2352291428.0
    ],
    "net_income": [
        293515478.0,
        285268919.0,
        257358010.0
    ],
    "roa": [
        0.16160388139214002,
        0.13431368355477555,
        0.1186577110022729
    ],
    "roe": [
        0.21260626812903893,
        0.1915771813706946,
        0.1679115711326387
    ],
    "debt_ratio": [
        0.23989126560437812,
        0.298905628562915,
        0.2933321378516469
    ],
    "current_ratio": [
        2.814967717827491,
        2.4108127825428967,
        2.5055072089423422
    ]
}