{
    "years": [
        "2021",
        "2022",
        "2023",
        "2024"
    ],
    "revenue": [
        417464154.0,
        523464065.0,
        562678529.0,
        744134539.0
    ],
    "net_income": [
        97217946.0,
        74991485.0,
        67591480.0,
        221284799.0
    ],
    "roa": [
        0.049243723637433914,
        0.037823395817208366,
        0.03385902203816302,
        0.10085566758069386
    ],
    "roe": [
        0.06229921248338033,
        0.04752437061702235,
        0.04094689983630631,
        0.11790658851590895
    ],
    "debt_ratio": [
        0.2095610574440127,
        0.20412631822080934,
        0.17309925358155437,
        0.1446138095405451
    ],
    "current_ratio": [
        2.1935528838511065,
        1.87280863627288,
        2.2243390175321167,
        2.100161364528455
    ]
}