{
    "years": [
        "2021",
        "2022",
        "2023",
        "2024"
    ],
    "revenue": [
        525260455.0,
        737006564.0,
        1019334582.0,
        1080942002.0
    ],
    "net_income": [
        15299688.0,
        22915745.0,
        27711765.0,
        35782017.0
    ],
    "roa": [
        0.03636696395467393,
        0.05326492014002489,
        0.07019025263251963,
        0.07902456977875914
    ],
    "roe": [
        0.08049515060492077,
        0.10759301653830022,
        0.1184806614358727,
        0.13541933584874385
    ],
    "debt_ratio": [
        0.5482092563169789,
        0.5049407307855895,
        0.4075805132932188,
        0.4164454486246679
    ],
    "current_ratio": [
        1.1884447542122725,
        1.251967315146711,
        1.3644697228247367,
        1.395644990120723
    ]
}