{
    "years": [
        "2021",
        "2022",
        "2023",
        "2024"
    ],
    "revenue": [
        624601194.0,
        675971053.0,
        510715815.0,
        637937788.0
    ],
    "net_income": [
        24291008.0,
        28684024.0,
        -33667896.0,
        4692012.0
    ],
    "roa": [
        0.04436938748826902,
        0.04769593904869814,
        -0.06226328659467502,
        0.009785526704940659
    ],
    "roe": [
        0.15797328105668748,
        0.16875157303614507,
        -0.2686186433483135,
        0.036084304347533847
    ],
    "debt_ratio": [
        0.7191335953049718,
        0.7173600329136955,
        0.7682093624680428,
        0.7288148716767643
    ],
    "current_ratio": [
        0.9210142407565975,
        0.9922700801857097,
        0.8114759091286917,
        0.7915154885240964
    ]
}