{
    "years": [
        "2021",
        "2022",
        "2023"
    ],
    "revenue": [
        144812289.0,
        108559839.0,
        72550947.0
    ],
    "net_income": [
        62563.0,
        64438.0,
        105931.0
    ],
    "roa": [
        0.00020585962105272246,
        0.00023409638517406464,
        0.0003869507541961734
    ],
    "roe": [
        0.001560478370439851,
        0.0016211041913787487,
        0.0026621259748942252
    ],
    "debt_ratio": [
        0.8680791576786182,
        0.8555944852779847,
        0.854645964223557
    ],
    "current_ratio": [
        2.068385932944047,
        2.133260898257787,
        2.790082141741857
    ]
}