{
    "years": [
        "2021",
        "2022",
        "2023",
        "2024"
    ],
    "revenue": [
        182297057.0,
        184976278.0,
        160833648.0,
        187739564.0
    ],
    "net_income": [
        4599994.0,
        3449498.0,
        4231512.0,
        5214771.0
    ],
    "roa": [
        0.04483657743126682,
        0.03364917796410386,
        0.03885005735497165,
        0.0447363774965539
    ],
    "roe": [
        0.05797598903637328,
        0.04374213462197225,
        0.053315881204313326,
        0.06485391980002377
    ],
    "debt_ratio": [
        0.2266354024053471,
        0.23073763420769514,
        0.27132298149414,
        0.3101977855078312
    ],
    "current_ratio": [
        3.2328207238574853,
        3.259215669029684,
        2.920577888381711,
        2.676667953396656
    ]
}