{
    "years": [
        "2020",
        "2021",
        "2022",
        "2023"
    ],
    "revenue": [
        461915175.0,
        522034005.0,
        912134986.0,
        477533713.0
    ],
    "net_income": [
        16788015.0,
        132055251.0,
        -46422663.0,
        -11200183.0
    ],
    "roa": [
        0.008428094472978861,
        0.05732853757154765,
        -0.017043739791077567,
        -0.0037652885919002687
    ],
    "roe": [
        0.009148341724360007,
        0.06554909540677993,
        -0.018587194324072274,
        -0.004504647986358643
    ],
    "debt_ratio": [
        0.07872981498529803,
        0.1254106984118961,
        0.08303859668566424,
        0.16413255746006464
    ],
    "current_ratio": [
        6.378148108177192,
        3.6991632596715935,
        7.4134030076818025,
        4.053295196116007
    ]
}