{
    "years": [
        "2021",
        "2022",
        "2023",
        "2024"
    ],
    "revenue": [
        12879845.0,
        27990007.0,
        32592953.0,
        34071358.0
    ],
    "net_income": [
        -357667.0,
        1676411.0,
        950669.0,
        2302387.0
    ],
    "roa": [
        -0.024484420871879145,
        0.14638496390740155,
        0.08074556054806509,
        0.20515453684212778
    ],
    "roe": [
        9.908222062164109,
        13.10679103077308,
        1.8433963654414445,
        0.7236904018384053
    ],
    "debt_ratio": [
        1.0024711215310138,
        0.9888313650867167,
        0.9561973962508444,
        0.716516156189208
    ],
    "current_ratio": [
        0.33971078818732847,
        0.4819676410609052,
        0.6410528837556501,
        0.7625052494993623
    ]
}