{
    "years": [
        "2021",
        "2022",
        "2023"
    ],
    "revenue": [
        154005049.0,
        291990340.0,
        241309423.0
    ],
    "net_income": [
        6280963.0,
        6336146.0,
        6653011.0
    ],
    "roa": [
        0.041253235624743936,
        0.04772903681060833,
        0.04331969534603732
    ],
    "roe": [
        0.1561750954679043,
        0.15512756144627363,
        0.15922917506379985
    ],
    "debt_ratio": [
        0.735852662672315,
        0.6923239405968574,
        0.7279412185067214
    ],
    "current_ratio": [
        1.22682728674999,
        1.2739386195655813,
        1.238001034824404
    ]
}