{
    "years": [
        "2018",
        "2019",
        "2020",
        "2021"
    ],
    "revenue": [
        295584707.0,
        296395817.0,
        287098932.0,
        473174997.0
    ],
    "net_income": [
        23989962.0,
        21147091.0,
        14038468.0,
        28364523.0
    ],
    "roa": [
        0.040438537978972525,
        0.03519355193662375,
        0.024209939039981268,
        0.02906047106552533
    ],
    "roe": [
        0.06155249766960951,
        0.05146591474007852,
        0.03303685520991288,
        0.04244358201778674
    ],
    "debt_ratio": [
        0.34302360570270796,
        0.3161774717429213,
        0.26718391063090813,
        0.3153153036577586
    ],
    "current_ratio": [
        1.5351894401126391,
        2.090810806552797,
        1.8721192010248606,
        3.234179170247586
    ]
}