{
    "years": [
        "2021",
        "2022",
        "2023",
        "2024"
    ],
    "revenue": [
        63105071.0,
        129392890.0,
        140652251.0,
        144189717.0
    ],
    "net_income": [
        28677352.0,
        30493177.0,
        75443113.0,
        81576104.0
    ],
    "roa": [
        0.034732448269237895,
        0.036507161375751385,
        0.0854729908574479,
        0.09147506847249333
    ],
    "roe": [
        0.03583150742888285,
        0.03800441163188428,
        0.08885790373498256,
        0.09497853251084501
    ],
    "debt_ratio": [
        0.030672981364971274,
        0.03939674874157936,
        0.03809354863502196,
        0.036886904290205066
    ],
    "current_ratio": [
        26.58841589259118,
        19.849875193702168,
        19.530835847622452,
        21.075563966749264
    ]
}