{
    "years": [
        "2021",
        "2022",
        "2023",
        "2024"
    ],
    "revenue": [
        661346377.0,
        808703630.0,
        655479233.0,
        734110258.0
    ],
    "net_income": [
        133391505.0,
        204984265.0,
        101460435.0,
        231545748.0
    ],
    "roa": [
        0.02806102419784522,
        0.04459453260637595,
        0.02318281530718347,
        0.05447466636539666
    ],
    "roe": [
        0.075792043171188,
        0.10701928526073635,
        0.0512015259592072,
        0.10628310026871261
    ],
    "debt_ratio": [
        0.6297629272974594,
        0.5833037709256972,
        0.5472241330140538,
        0.4874569312743995
    ],
    "current_ratio": [
        0.3747583818912281,
        0.501633423016846,
        0.4777189787206924,
        0.7856296650017213
    ]
}