{
    "years": [
        "2021",
        "2022",
        "2023",
        "2024"
    ],
    "revenue": [
        430385899.0,
        723827803.0,
        741753104.0,
        778436639.0
    ],
    "net_income": [
        10825581.0,
        92200961.0,
        83076575.0,
        84280653.0
    ],
    "roa": [
        0.04045798552887492,
        0.27094242405081814,
        0.21642132118102003,
        0.21460167074763584
    ],
    "roe": [
        0.049706690477824535,
        0.33641242235676744,
        0.2745005799906388,
        0.2600312301628608
    ],
    "debt_ratio": [
        0.1860655951953935,
        0.19461230904403995,
        0.2115815522560989,
        0.17470808943514918
    ],
    "current_ratio": [
        1.9097569801070227,
        2.654069314403899,
        2.5539120230564474,
        3.4549614110425058
    ]
}