{
    "years": [
        "2020",
        "2021",
        "2022",
        "2023"
    ],
    "revenue": [
        112924336.0,
        143283066.0,
        153137757.0,
        142661692.0
    ],
    "net_income": [
        -32712354.0,
        27767900.0,
        21801415.0,
        -1665559.0
    ],
    "roa": [
        -0.03460677265090503,
        0.02527530419595336,
        0.016317741865231352,
        -0.0013323394201361402
    ],
    "roe": [
        -0.12090610114368941,
        0.0926746159354576,
        0.06782646880530736,
        -0.005187429225283566
    ],
    "debt_ratio": [
        0.7137714943782942,
        0.7272683146207358,
        0.7594192628239184,
        0.743159981124695
    ],
    "current_ratio": [
        0.5424968772418797,
        1.003539536738866,
        0.6446975184866917,
        1.5791102083481867
    ]
}