{
    "years": [
        "2020",
        "2021",
        "2022",
        "2023"
    ],
    "revenue": [
        1224381258.0,
        1626523010.0,
        2014424647.0,
        1567371980.0
    ],
    "net_income": [
        18112873.0,
        2511779.0,
        -1229591.0,
        -144246908.0
    ],
    "roa": [
        0.00808311110523769,
        0.0008849466764206846,
        -0.00040903672203417083,
        -0.05060477262174353
    ],
    "roe": [
        -0.030969782882329565,
        0.005517109380579783,
        -0.00284061235373474,
        -0.5399882141162167
    ],
    "debt_ratio": [
        1.2609999280895725,
        0.839599577355545,
        0.8560040332513574,
        0.9062854127204111
    ],
    "current_ratio": [
        0.5461178943793172,
        0.8924563650946621,
        1.2933582869863585,
        1.199646276564401
    ]
}