{
    "years": [
        "2021",
        "2022",
        "2023",
        "2024"
    ],
    "revenue": [
        25421278.0,
        26026485.0,
        32070891.0,
        37072540.0
    ],
    "net_income": [
        -4332292.0,
        -1585791.0,
        1810234.0,
        2160164.0
    ],
    "roa": [
        -0.45918850367845404,
        -0.17838956438749026,
        0.14791151426450744,
        0.08592400733783045
    ],
    "roe": [
        -0.7812046041081524,
        -0.40046592497471506,
        0.3137266251884716,
        0.09715211210646488
    ],
    "debt_ratio": [
        0.41220456041387776,
        0.5545449606011958,
        0.5285337539469294,
        0.11557242066266167
    ],
    "current_ratio": [
        1.599168838168235,
        1.4111910902629778,
        1.1784475540648507,
        5.371606006049828
    ]
}