{
    "years": [
        "2021",
        "2022",
        "2023",
        "2024"
    ],
    "revenue": [
        252043185.0,
        462548616.0,
        857764962.0,
        783143603.0
    ],
    "net_income": [
        722957.0,
        -1803630.0,
        19308685.0,
        -16033824.0
    ],
    "roa": [
        0.0010555609012423265,
        -0.002293169074705039,
        0.029386439366837536,
        -0.024855383223385836
    ],
    "roe": [
        0.001769028317035209,
        -0.004432928329294265,
        0.04530644115233751,
        -0.039100106415933825
    ],
    "debt_ratio": [
        0.4033103421366445,
        0.48269655984487386,
        0.3513849549994638,
        0.36431417963463836
    ],
    "current_ratio": [
        2.045833973387282,
        1.8806968304386202,
        2.8004190385719774,
        2.6013707691874135
    ]
}