{
    "years": [
        "2021",
        "2022",
        "2023",
        "2024"
    ],
    "revenue": [
        1264546647.0,
        1496329027.0,
        1459810715.0,
        1664861035.0
    ],
    "net_income": [
        12621769.0,
        8706843.0,
        29170212.0,
        2238652.0
    ],
    "roa": [
        0.005742305631745481,
        0.0038244902948448576,
        0.010351168228720646,
        0.0008159765464759492
    ],
    "roe": [
        0.02076844217900066,
        0.014371989088685533,
        0.04593154307388652,
        0.00360830885221309
    ],
    "debt_ratio": [
        0.7235081195665398,
        0.7338927638168249,
        0.7746392231571771,
        0.7738617784961825
    ],
    "current_ratio": [
        1.2016993501970055,
        1.1428798560141307,
        1.1498620382665363,
        1.1539541152302537
    ]
}