{
    "years": [
        "2021",
        "2022",
        "2023",
        "2024"
    ],
    "revenue": [
        298162316.0,
        387948150.0,
        363381559.0,
        360801792.0
    ],
    "net_income": [
        25686310.0,
        33553632.0,
        33129288.0,
        61074831.0
    ],
    "roa": [
        0.05277045359000011,
        0.0634978700653553,
        0.06264349578231924,
        0.10585474903744532
    ],
    "roe": [
        0.08267643254333897,
        0.07616884150041624,
        0.07464035093083024,
        0.1286720738722799
    ],
    "debt_ratio": [
        0.3617231420533554,
        0.16635373711167303,
        0.1607288148956932,
        0.17732926926695133
    ],
    "current_ratio": [
        1.948285052230792,
        4.762091716000946,
        5.0047372145482,
        4.6491509229409935
    ]
}