{
    "years": [
        "2021",
        "2022",
        "2023",
        "2024"
    ],
    "revenue": [
        6066998508.0,
        5471416824.0,
        4171627011.0,
        5338111610.0
    ],
    "net_income": [
        8908949.0,
        2717508.0,
        2947194.0,
        11222769.0
    ],
    "roa": [
        0.006578216403265112,
        0.002066252631156834,
        0.002469433929021606,
        0.008709049248103078
    ],
    "roe": [
        0.030819012312907606,
        0.00931321105343125,
        0.009999373884292447,
        0.03668043583503881
    ],
    "debt_ratio": [
        0.786553302342203,
        0.7781374630830934,
        0.7530411446159918,
        0.7625696355607694
    ],
    "current_ratio": [
        0.5864313748566008,
        0.5829060507284447,
        0.5540638355865,
        0.6190881748755059
    ]
}