{
    "years": [
        "2021",
        "2022",
        "2023",
        "2024"
    ],
    "revenue": [
        65594077.0,
        146442117.0,
        143237460.0,
        125985463.0
    ],
    "net_income": [
        6205943.0,
        41421879.0,
        33460820.0,
        26282263.0
    ],
    "roa": [
        0.015300617828399756,
        0.09212883493873521,
        0.06937687814348889,
        0.05588842490534176
    ],
    "roe": [
        0.016263011911368884,
        0.10094422040328112,
        0.0775494868149415,
        0.05900338284996351
    ],
    "debt_ratio": [
        0.05917686638945108,
        0.08732927382397589,
        0.10538572216415996,
        0.05279287041122044
    ],
    "current_ratio": [
        15.809565317982436,
        10.865687346148398,
        9.080724915445233,
        18.17430259506984
    ]
}