{
    "years": [
        "2021",
        "2022",
        "2023"
    ],
    "revenue": [
        94651232.0,
        94972928.0,
        94600046.0
    ],
    "net_income": [
        8093375.0,
        13299787.0,
        8760385.0
    ],
    "roa": [
        0.14783273335958752,
        0.19465928050201706,
        0.11565431583464943
    ],
    "roe": [
        0.19234779756766054,
        0.260355466858401,
        0.1580048151474507
    ],
    "debt_ratio": [
        0.23143006975379765,
        0.2523326556154628,
        0.2680329664211792
    ],
    "current_ratio": [
        3.7786053189150963,
        3.6842663748839994,
        3.546471365942976
    ]
}