{
    "years": [
        "2021",
        "2022",
        "2023",
        "2024"
    ],
    "revenue": [
        316338431.0,
        251241255.0,
        200933523.0,
        185085686.0
    ],
    "net_income": [
        20145823.0,
        19885723.0,
        14827664.0,
        11753627.0
    ],
    "roa": [
        0.061384943266693574,
        0.07379804729042219,
        0.05221937183264531,
        0.044242569447868786
    ],
    "roe": [
        0.1613098322929908,
        0.13999227265118808,
        0.09922899770973775,
        0.07596820097958784
    ],
    "debt_ratio": [
        0.6194593820220539,
        0.47284199411276656,
        0.47374887343520145,
        0.4176172546226746
    ],
    "current_ratio": [
        1.0214648054703568,
        1.20722100659203,
        1.3260346204876599,
        1.3838412829756945
    ]
}