{
    "years": [
        "2020",
        "2021",
        "2022",
        "2023"
    ],
    "revenue": [
        251014677.0,
        291923782.0,
        299704889.0,
        202012906.0
    ],
    "net_income": [
        27677516.0,
        35270538.0,
        41519215.0,
        32757797.0
    ],
    "roa": [
        0.08245239284555482,
        0.09959715274636118,
        0.10227425566600297,
        0.08760866495021834
    ],
    "roe": [
        0.14910956254547092,
        0.16201706524936343,
        0.16260427147095866,
        0.1264880816717885
    ],
    "debt_ratio": [
        0.44703484177675734,
        0.3852675173873235,
        0.37102356081544086,
        0.30737612751891147
    ],
    "current_ratio": [
        1.3000111835194348,
        1.5533694285682267,
        1.7511735863599456,
        1.9889112309602535
    ]
}