{
    "years": [
        "2021",
        "2022",
        "2023",
        "2024"
    ],
    "revenue": [
        37232653.0,
        19867.0,
        0.0,
        1446001.0
    ],
    "net_income": [
        364022.0,
        544224.0,
        -300956.0,
        1426435.0
    ],
    "roa": [
        0.0022021894913694363,
        0.010433824145591939,
        -0.009219325698574771,
        0.04131922465902338
    ],
    "roe": [
        0.011295413467359175,
        0.016606553208611066,
        -0.009221287522224331,
        0.04187572948261434
    ],
    "debt_ratio": [
        0.8050368410387814,
        0.37170441002882865,
        0.000212749428410139,
        0.013289435920680623
    ],
    "current_ratio": [
        1.2421791761848406,
        2.713549910454644,
        4700.365154787617,
        31.49325169688436
    ]
}