{
    "years": [
        "2022",
        "2023",
        "2024"
    ],
    "revenue": [
        216609123.0,
        162554540.0,
        173831241.0
    ],
    "net_income": [
        6467736.0,
        76905.0,
        -1630909.0
    ],
    "roa": [
        0.03616826728407099,
        0.0004513508357411736,
        -0.011836193959697478
    ],
    "roe": [
        0.06692183537541557,
        0.0008363680517518297,
        -0.018125337444876755
    ],
    "debt_ratio": [
        0.4595446003359648,
        0.46034424103624166,
        0.3469807668026035
    ],
    "current_ratio": [
        1.6800182397652945,
        1.7008210769574947,
        2.19054269212385
    ]
}