{
    "years": [
        "2021",
        "2022",
        "2023",
        "2024"
    ],
    "revenue": [
        431645280.0,
        152632314.0,
        65244188.0,
        246691353.0
    ],
    "net_income": [
        546634717.0,
        -886874415.0,
        278641737.0,
        441322236.0
    ],
    "roa": [
        0.1398491874239551,
        -0.510342201516369,
        0.14090789566999684,
        0.19346270170495222
    ],
    "roe": [
        0.2213906075030995,
        -0.5841662153206414,
        0.15735240007418286,
        0.21975958353656586
    ],
    "debt_ratio": [
        0.36831472210492394,
        0.12637501428211037,
        0.10450749017131834,
        0.11966204799090406
    ],
    "current_ratio": [
        3.2252683559906417,
        7.823018849401541,
        10.302030713505967,
        8.697945100137087
    ]
}