{
    "years": [
        "2021",
        "2022",
        "2023",
        "2024"
    ],
    "revenue": [
        5339563380.0,
        6754206823.0,
        6536409932.0,
        6473476825.0
    ],
    "net_income": [
        101657856.0,
        176314601.0,
        138186124.0,
        95328871.0
    ],
    "roa": [
        0.043101607152615885,
        0.0651822069102144,
        0.06501005296536722,
        0.03856057903215631
    ],
    "roe": [
        0.1842740497502754,
        0.2653975441732682,
        0.1953198637359867,
        0.14064805883941728
    ],
    "debt_ratio": [
        0.7661005051388063,
        0.7543978520477215,
        0.6671610776196265,
        0.7258363936882893
    ],
    "current_ratio": [
        0.7157411109097593,
        1.1675152108658335,
        1.2616030290016644,
        1.1423174405945604
    ]
}