{
    "years": [
        "2021",
        "2022",
        "2023",
        "2024"
    ],
    "revenue": [
        30262118.0,
        71682552.0,
        34062026.0,
        23232808.0
    ],
    "net_income": [
        132331.0,
        1709862.0,
        164246.0,
        57694.0
    ],
    "roa": [
        0.0011142993639918983,
        0.01658079143750802,
        0.0017395801509759335,
        0.0006228477132051315
    ],
    "roe": [
        0.004394721007896224,
        0.05380187155003053,
        0.005414542347944492,
        0.0018983330047373105
    ],
    "debt_ratio": [
        0.7464459377535505,
        0.6918175714001047,
        0.6787207414424739,
        0.6718975481905396
    ],
    "current_ratio": [
        1.354162429127019,
        1.4756048994452637,
        1.5193675452717832,
        1.547199981270493
    ]
}