{
    "years": [
        "2021",
        "2022",
        "2023",
        "2024"
    ],
    "revenue": [
        105063297.0,
        114884241.0,
        124662615.0,
        149123449.0
    ],
    "net_income": [
        22202980.0,
        24175764.0,
        26768796.0,
        26450656.0
    ],
    "roa": [
        0.06343377338387896,
        0.0593342112277504,
        0.06418258685599512,
        0.06127075540823718
    ],
    "roe": [
        0.2603020920871856,
        0.2721761468805439,
        0.2872177441038959,
        0.2798493036707341
    ],
    "debt_ratio": [
        0.7563070935187396,
        0.7820006936398003,
        0.7765368325127635,
        0.7810580387209849
    ],
    "current_ratio": [
        0.9042756308865384,
        0.7056958840184447,
        0.9075984866669286,
        0.9838748431294826
    ]
}