{
    "years": [
        "2020",
        "2021",
        "2023",
        "2024"
    ],
    "revenue": [
        226184941.0,
        181268368.0,
        160579735.0,
        161790350.0
    ],
    "net_income": [
        1140828.0,
        1248641.0,
        1766092.0,
        1810501.0
    ],
    "roa": [
        0.004620525228554252,
        0.0066583664317027315,
        0.008583906429912113,
        0.01060890100893552
    ],
    "roe": [
        0.025118082142347203,
        0.02371430649706221,
        0.035733408826849535,
        0.04646026839624169
    ],
    "debt_ratio": [
        0.816047849419029,
        0.7192257579816813,
        0.759779245481268,
        0.7716564846665047
    ],
    "current_ratio": [
        1.152777552748349,
        1.2817945157427935,
        1.215465652278542,
        1.180573033276651
    ]
}