{
    "years": [
        "2021",
        "2022",
        "2023",
        "2024"
    ],
    "revenue": [
        40857130709.0,
        38703295376.0,
        30459170329.0,
        36479916932.0
    ],
    "net_income": [
        859381585.0,
        -760355705.0,
        -288277026.0,
        310007632.0
    ],
    "roa": [
        0.03137003017539065,
        -0.03271839028748983,
        -0.012348163486980852,
        0.012343030865276676
    ],
    "roe": [
        0.07906564836884349,
        -0.0768693869223486,
        -0.031069222941657218,
        0.03304549871877569
    ],
    "debt_ratio": [
        0.6032407142347259,
        0.574363844991491,
        0.6025596291813081,
        0.6264837468389106
    ],
    "current_ratio": [
        0.9835476057593777,
        0.9832533217938954,
        0.9819147579684999,
        1.0333144398720522
    ]
}