{
    "years": [
        "2019",
        "2020",
        "2021",
        "2022"
    ],
    "revenue": [
        458489025.0,
        528124671.0,
        760621371.0,
        1029356057.0
    ],
    "net_income": [
        44660527.0,
        60138274.0,
        80292557.0,
        106636890.0
    ],
    "roa": [
        0.12220295719622135,
        0.13837298018602656,
        0.17228422782330424,
        0.15757800216681983
    ],
    "roe": [
        0.16937402375003863,
        0.20270672956917232,
        0.23984674564812328,
        0.2604549746702348
    ],
    "debt_ratio": [
        0.27850236718371946,
        0.31737352538753427,
        0.28169036708106654,
        0.394989470382237
    ],
    "current_ratio": [
        3.012331722355881,
        2.6184234312909447,
        2.940092226910586,
        1.941497663310142
    ]
}