{
    "years": [
        "2020",
        "2021",
        "2022",
        "2023"
    ],
    "revenue": [
        635319020.0,
        1042045790.0,
        1022130310.0,
        1332482343.0
    ],
    "net_income": [
        232635220.0,
        516928900.0,
        43651460.0,
        251281461.0
    ],
    "roa": [
        0.0594810635405071,
        0.07192437273790128,
        0.00461452636577013,
        0.01857339674534005
    ],
    "roe": [
        0.177831543163394,
        0.2945611232498319,
        0.024683005183896687,
        0.12225333253370933
    ],
    "debt_ratio": [
        0.6655201744166663,
        0.7558253039492294,
        0.8130484383327574,
        0.8480745157583435
    ],
    "current_ratio": [
        1.523200059637635,
        1.3220686005854543,
        1.2562291504583916,
        1.0265995514529507
    ]
}