{
    "years": [
        "2020",
        "2021",
        "2022",
        "2023"
    ],
    "revenue": [
        1861903326.0,
        1478153513.0,
        1960197276.0,
        1683510313.0
    ],
    "net_income": [
        75527259.0,
        87850977.0,
        55224658.0,
        12685672.0
    ],
    "roa": [
        0.04679501979376019,
        0.06316635317054511,
        0.030455666641878994,
        0.008710892357395679
    ],
    "roe": [
        0.12745264026856876,
        0.13956905815050666,
        0.08878622317259019,
        0.02202886440014782
    ],
    "debt_ratio": [
        0.6328438571758613,
        0.5474186470297119,
        0.6569775630316352,
        0.6045691598456966
    ],
    "current_ratio": [
        1.059130008058539,
        1.234237790665661,
        1.2073143297716922,
        1.2553033146580286
    ]
}