{
    "years": [
        "2021",
        "2022",
        "2023",
        "2024"
    ],
    "revenue": [
        220418084.0,
        317728138.0,
        348630543.0,
        256008527.0
    ],
    "net_income": [
        2419253.0,
        3149925.0,
        3289112.0,
        4678253.0
    ],
    "roa": [
        0.013676856728730697,
        0.013764438108690236,
        0.015649317334981653,
        0.026839608969078155
    ],
    "roe": [
        0.09864666766730167,
        0.11490645006054072,
        0.1099630300767231,
        0.14072387720421142
    ],
    "debt_ratio": [
        0.8613551065418893,
        0.8802117887948138,
        0.8576856483123204,
        0.8092746625355564
    ],
    "current_ratio": [
        1.0622086401833115,
        1.0618991190884732,
        1.0880704335966374,
        1.128240292743029
    ]
}