{
    "years": [
        "2021",
        "2022",
        "2023",
        "2024"
    ],
    "revenue": [
        232328092.0,
        252542712.0,
        111051711.0,
        236194468.0
    ],
    "net_income": [
        8942.0,
        17695.0,
        -4667110.0,
        -754376.0
    ],
    "roa": [
        5.5223924491220106e-05,
        8.987724135148309e-05,
        -0.03447199062773943,
        -0.004519250510935976
    ],
    "roe": [
        7.740534647090138e-05,
        0.00015315117831937394,
        -0.04209445565769296,
        -0.006850618216676673
    ],
    "debt_ratio": [
        0.28656188481786365,
        0.413146915761513,
        0.18108002374323343,
        0.34031493684254316
    ],
    "current_ratio": [
        3.466742410988353,
        2.412114137235993,
        5.502630082940847,
        2.9329538313349994
    ]
}