{
    "years": [
        "2022",
        "2023",
        "2024"
    ],
    "revenue": [
        2087710407.0,
        1467791489.0,
        1860879482.0
    ],
    "net_income": [
        31950212.0,
        961317.0,
        77574250.0
    ],
    "roa": [
        0.03049855288954121,
        0.0010062535642772373,
        0.06328217813908857
    ],
    "roe": [
        0.06495783980552723,
        0.0020038495952725845,
        0.14114296848735294
    ],
    "debt_ratio": [
        0.5304869592208006,
        0.4978397746761248,
        0.5516448405663301
    ],
    "current_ratio": [
        1.7232064401785991,
        1.8326821067004153,
        1.6907460151686933
    ]
}