{
    "years": [
        "2021",
        "2022",
        "2023",
        "2024"
    ],
    "revenue": [
        63479844.0,
        78439863.0,
        83154178.0,
        79798764.0
    ],
    "net_income": [
        -5607085.0,
        -3705919.0,
        -6521545.0,
        -10280510.0
    ],
    "roa": [
        -0.09830628396957036,
        -0.06819241294429956,
        -0.1303873428042628,
        -0.23117479405888666
    ],
    "roe": [
        -0.11143273817586796,
        -0.07956643204791232,
        -0.1629487261877622,
        -0.34607780163434204
    ],
    "debt_ratio": [
        0.11779710721620128,
        0.14294997036895774,
        0.199825946144431,
        0.33201496031478867
    ],
    "current_ratio": [
        7.105524945670949,
        5.944353058284089,
        4.297556238922182,
        2.689314183019307
    ]
}