{
    "years": [
        "2022",
        "2023",
        "2024"
    ],
    "revenue": [
        86646909.0,
        83767107.0,
        42732464.0
    ],
    "net_income": [
        31167777.0,
        14609869.0,
        6777211.0
    ],
    "roa": [
        0.0565968061729631,
        0.02805218803661991,
        0.015389699568991012
    ],
    "roe": [
        0.12726694385508452,
        0.06201994945383983,
        0.029303605139655135
    ],
    "debt_ratio": [
        0.5552906005395369,
        0.5476908916622292,
        0.47481890041697
    ],
    "current_ratio": [
        1.0905458874028167,
        2.2090830895974896,
        1.9132009559031906
    ]
}