{
    "years": [
        "2021",
        "2022",
        "2023",
        "2024"
    ],
    "revenue": [
        141406531.0,
        167566556.0,
        171229871.0,
        212404942.0
    ],
    "net_income": [
        8154473.0,
        11026322.0,
        11552215.0,
        23793639.0
    ],
    "roa": [
        0.008883080669591877,
        0.020496876510191216,
        0.025303505208837253,
        0.09771967349552214
    ],
    "roe": [
        0.009575851909305719,
        0.023782147500060056,
        0.029115867958568527,
        0.12449700099158546
    ],
    "debt_ratio": [
        0.07234565094314097,
        0.1381402158850686,
        0.1309376301320027,
        0.2150841167481067
    ],
    "current_ratio": [
        1.5375892619192706,
        1.681499301472145,
        1.9352496506914483,
        2.2261066036378683
    ]
}