{
    "years": [
        "2021",
        "2022",
        "2023",
        "2024"
    ],
    "revenue": [
        165983067.0,
        234176257.0,
        180695919.0,
        152661144.0
    ],
    "net_income": [
        3447524.0,
        3670890.0,
        3272299.0,
        1644468.0
    ],
    "roa": [
        0.0405670527293529,
        0.03425870475985445,
        0.040285945476083794,
        0.01589848577245391
    ],
    "roe": [
        0.12234440410882703,
        0.12924662801779763,
        0.11685271404197028,
        0.06234763488393219
    ],
    "debt_ratio": [
        0.6684192217466035,
        0.734935407714181,
        0.6552416791824434,
        0.7450025842672156
    ],
    "current_ratio": [
        1.2425796729076273,
        1.2031098202045551,
        1.2954275348450528,
        1.153604860479449
    ]
}