{
    "years": [
        "2022",
        "2023",
        "2024"
    ],
    "revenue": [
        2546694864.0,
        2450028021.0,
        2967385499.0
    ],
    "net_income": [
        51819225.0,
        48654367.0,
        57426599.0
    ],
    "roa": [
        0.10695631754037972,
        0.08524588914506985,
        0.07955195486458724
    ],
    "roe": [
        0.14420478282601878,
        0.11955486012297452,
        0.12392013728462695
    ],
    "debt_ratio": [
        0.258302564975108,
        0.2869726161079052,
        0.35803851893846994
    ],
    "current_ratio": [
        2.146886855541471,
        2.2858104267763024,
        1.6393573454054917
    ]
}