{
    "years": [
        "2021",
        "2022",
        "2023",
        "2024"
    ],
    "revenue": [
        52136713.0,
        58641124.0,
        59429613.0,
        65854639.0
    ],
    "net_income": [
        714757.0,
        1070083.0,
        1913546.0,
        2239519.0
    ],
    "roa": [
        0.020289109383954018,
        0.03158221842976417,
        1913546.0,
        0.06557214955570158
    ],
    "roe": [
        0.026872848101863096,
        0.041245139666217026,
        1913546.0,
        0.08145399105166667
    ],
    "debt_ratio": [
        0.24499594136628292,
        0.23428024040290826,
        0.0,
        0.1949792918789106
    ],
    "current_ratio": [
        2.8687394974501457,
        3.1415442866542427,
        0.0,
        3.743843093134961
    ]
}