{
    "years": [
        "2021",
        "2022",
        "2023",
        "2024"
    ],
    "revenue": [
        229361819.0,
        266390927.0,
        254598278.0,
        278813518.0
    ],
    "net_income": [
        12648033.0,
        14628931.0,
        14205957.0,
        6546521.0
    ],
    "roa": [
        0.08384905538796396,
        0.08271542010819481,
        0.08503578511331002,
        0.03001723138993678
    ],
    "roe": [
        0.20555982955351051,
        0.22881636734370708,
        0.21757228174038626,
        0.10479751277312138
    ],
    "debt_ratio": [
        0.5920941578415899,
        0.6385074150576507,
        0.6091607605844882,
        0.7135692384711286
    ],
    "current_ratio": [
        1.0288027676271057,
        1.0594383860603187,
        1.092742691808173,
        1.0095210390616425
    ]
}