{
    "years": [
        "2021",
        "2022",
        "2023",
        "2024"
    ],
    "revenue": [
        166145524.0,
        158126026.0,
        140425032.0,
        130580737.0
    ],
    "net_income": [
        -7239791.0,
        2080425.0,
        2210924.0,
        3070313.0
    ],
    "roa": [
        -0.01940677350956093,
        0.005552483571715922,
        0.005939921733051376,
        0.007936831105471371
    ],
    "roe": [
        -0.048986868853129216,
        0.013881450262902327,
        0.01453772980265777,
        0.019789051524631264
    ],
    "debt_ratio": [
        0.6038372330400282,
        0.6000069541325423,
        0.5914133902828868,
        0.5989281701756921
    ],
    "current_ratio": [
        1.2203041352944721,
        1.2319638327235096,
        1.261563543244363,
        1.2690204504275668
    ]
}