{
    "years": [
        "2021",
        "2022",
        "2023",
        "2024"
    ],
    "revenue": [
        140898561.0,
        151172797.0,
        101660492.0,
        84758020.0
    ],
    "net_income": [
        2323263.0,
        2117268.0,
        708478.0,
        734793.0
    ],
    "roa": [
        0.0098831073905053,
        0.009481580811602087,
        0.0037003358379717973,
        0.003894970969441483
    ],
    "roe": [
        0.03917629751230343,
        0.035827132092620416,
        0.012281205310235653,
        0.012731558729812196
    ],
    "debt_ratio": [
        0.7477273755284944,
        0.7353519453611226,
        0.6986992933920103,
        0.6940695909982314
    ],
    "current_ratio": [
        1.2579011180565323,
        1.289019612389994,
        1.364166362616745,
        1.3821292790574635
    ]
}