{
    "years": [
        "2021",
        "2022",
        "2023",
        "2024"
    ],
    "revenue": [
        146514580.0,
        186543356.0,
        192345665.0,
        216960655.0
    ],
    "net_income": [
        15801595.0,
        18371913.0,
        19170284.0,
        20145581.0
    ],
    "roa": [
        0.07349496926320401,
        0.09533583264677406,
        0.09852857994989343,
        0.0995011483765847
    ],
    "roe": [
        0.21071157236226476,
        0.229211797007664,
        0.23887688804024815,
        0.24864377955884448
    ],
    "debt_ratio": [
        0.6512058239646745,
        0.5840710037992225,
        0.5875340609205674,
        0.5998245017304502
    ],
    "current_ratio": [
        1.1161226940610571,
        1.2461127248222867,
        1.2696394742578325,
        1.2969994166658456
    ]
}