{
    "years": [
        "2021",
        "2022",
        "2023",
        "2024"
    ],
    "revenue": [
        1313202163.0,
        1158635186.0,
        347367197.0,
        587294857.0
    ],
    "net_income": [
        -133447275.0,
        -92906161.0,
        -84412540.0,
        -37799123.0
    ],
    "roa": [
        -0.11543645275687073,
        -0.0866935274424668,
        -0.08870771840361143,
        -0.043523983690019655
    ],
    "roe": [
        -1.0554500822105235,
        -2.7708197038324367,
        1.658975457335564,
        0.42623480861923163
    ],
    "debt_ratio": [
        0.8906282213602165,
        0.9687119564933953,
        1.0534713868197199,
        1.1021126919010056
    ],
    "current_ratio": [
        1.013758024835159,
        0.9313969586345495,
        0.8527764528025126,
        0.8124078468855347
    ]
}