{
    "years": [
        "2021",
        "2022",
        "2023",
        "2024"
    ],
    "revenue": [
        468237136.0,
        337355469.0,
        371646018.0,
        460882196.0
    ],
    "net_income": [
        6141906.0,
        6183047.0,
        9367848.0,
        9065560.0
    ],
    "roa": [
        0.010921025382409058,
        0.014254376632099885,
        0.015664011166815307,
        0.014412157525017196
    ],
    "roe": [
        0.0694848432310494,
        0.06966258418258772,
        0.05831344654637771,
        0.05593816376959432
    ],
    "debt_ratio": [
        0.8428286677413271,
        0.795379732185376,
        0.7313825181923103,
        0.7423555484520382
    ],
    "current_ratio": [
        1.146241205208224,
        1.1840621359039745,
        1.3110565898571926,
        1.2962717462381494
    ]
}