{
    "years": [
        "2021",
        "2022",
        "2023",
        "2024"
    ],
    "revenue": [
        125499976.0,
        61220235.0,
        107609657.0,
        119230524.0
    ],
    "net_income": [
        3713924.0,
        928885.0,
        59008.0,
        -1176066.0
    ],
    "roa": [
        0.011067182938767722,
        0.0029291815979476895,
        0.0001824361038477205,
        -0.003485160729481794
    ],
    "roe": [
        0.03071448735090495,
        0.007623400275758327,
        0.00048404685482992843,
        -0.012743753684347265
    ],
    "debt_ratio": [
        0.6396754791207138,
        0.6157644237490452,
        0.6231023876566245,
        0.7265200806758763
    ],
    "current_ratio": [
        1.2859268128340573,
        1.2891915889139678,
        1.2821105111032935,
        1.259698121577484
    ]
}