{
    "years": [
        "2021",
        "2022",
        "2023",
        "2024"
    ],
    "revenue": [
        839036039.0,
        913041618.0,
        1001606093.0,
        1220293850.0
    ],
    "net_income": [
        27980337.0,
        37867213.0,
        63197614.0,
        60895061.0
    ],
    "roa": [
        0.04197376803704198,
        0.06180313035378723,
        0.09567709319449227,
        0.056805277932741226
    ],
    "roe": [
        0.06039212323268805,
        0.0796700375821569,
        0.12516810989097527,
        0.11684039886315471
    ],
    "debt_ratio": [
        0.304979427940975,
        0.22426131291760792,
        0.23561126489942558,
        0.5138216020704238
    ],
    "current_ratio": [
        2.773965904181385,
        3.8723434958008416,
        3.731805704886869,
        1.8760393624071983
    ]
}