{
    "years": [
        "2021",
        "2022",
        "2023",
        "2024"
    ],
    "revenue": [
        656933369.0,
        675529619.0,
        838631396.0,
        1071342794.0
    ],
    "net_income": [
        74179504.0,
        87248532.0,
        108225162.0,
        230404755.0
    ],
    "roa": [
        0.0976714918514518,
        0.11096403356442128,
        0.12402773076901114,
        0.20683014577791614
    ],
    "roe": [
        0.1825192017856865,
        0.19316926616984645,
        0.20752907730660464,
        0.3229224490146705
    ],
    "debt_ratio": [
        0.46487004711900193,
        0.42556061963369063,
        0.4023597445780002,
        0.3595052112077851
    ],
    "current_ratio": [
        1.1145930241781172,
        1.3510745812782607,
        1.46195374117924,
        1.834050369421143
    ]
}