{
    "years": [
        "2021",
        "2022",
        "2023",
        "2024"
    ],
    "revenue": [
        1026871149.0,
        995451464.0,
        874808591.0,
        822071219.0
    ],
    "net_income": [
        28112069.0,
        27261706.0,
        28069440.0,
        27907774.0
    ],
    "roa": [
        0.06476820418146527,
        0.05933134588809643,
        0.07231311903290386,
        0.06975255000022144
    ],
    "roe": [
        0.19767144981836518,
        0.1815189007844688,
        0.1778726901674109,
        0.1677245474736072
    ],
    "debt_ratio": [
        0.672344163808284,
        0.6731395704156172,
        0.5934557521739626,
        0.5841243810110887
    ],
    "current_ratio": [
        1.2252250803640081,
        1.2162355194200487,
        1.351280350667282,
        1.40015016795952
    ]
}