{
    "years": [
        "2021",
        "2022",
        "2023",
        "2024"
    ],
    "revenue": [
        139905169.0,
        184141021.0,
        170842858.0,
        196183045.0
    ],
    "net_income": [
        610058.0,
        3940574.0,
        1694422.0,
        2155879.0
    ],
    "roa": [
        0.0035317555104331455,
        0.021305015011738274,
        0.010261919248562066,
        0.011760324424683978
    ],
    "roe": [
        0.006950513222675277,
        0.0436120512559974,
        0.019230972650107574,
        0.024340833060283333
    ],
    "debt_ratio": [
        0.49187126226719696,
        0.5114878938695077,
        0.4663858435415817,
        0.5168479075651207
    ],
    "current_ratio": [
        1.7568705691810023,
        1.7069031291796588,
        1.8083635997112213,
        1.6902946629166582
    ]
}