{
    "years": [
        "2021",
        "2022",
        "2023",
        "2024"
    ],
    "revenue": [
        307821852.0,
        429289094.0,
        222687685.0,
        508497358.0
    ],
    "net_income": [
        6933498.0,
        4071880.0,
        2620614.0,
        3587938.0
    ],
    "roa": [
        0.00831064992313285,
        0.006005257049580937,
        0.0036933242611590514,
        0.005065797137588506
    ],
    "roe": [
        0.028189624853047282,
        0.01623407670518715,
        0.010574705116868127,
        0.014271429710560182
    ],
    "debt_ratio": [
        0.7051876367118638,
        0.6300832404184635,
        0.6507397397523942,
        0.6450392679410349
    ],
    "current_ratio": [
        1.3088996386684635,
        1.4400894996452476,
        1.3560494961966028,
        1.370363485571422
    ]
}