{
    "years": [
        "2021",
        "2022",
        "2023",
        "2024"
    ],
    "revenue": [
        885140561.0,
        969624193.0,
        1088148711.0,
        1234099700.0
    ],
    "net_income": [
        61401110.0,
        29365675.0,
        15337729.0,
        57524288.0
    ],
    "roa": [
        0.0280449583980432,
        0.012799065537057263,
        0.005529687376221577,
        0.02062021449082455
    ],
    "roe": [
        0.09419977286728183,
        0.04348961802500319,
        0.01720487081303019,
        0.06177879645194863
    ],
    "debt_ratio": [
        0.7022821017036233,
        0.7056983685232925,
        0.6785975648225361,
        0.6662250533342311
    ],
    "current_ratio": [
        1.1377215231546018,
        1.1583953813152026,
        1.2531464635292284,
        1.4435139933063617
    ]
}