{
    "years": [
        "2021",
        "2022",
        "2023",
        "2024"
    ],
    "revenue": [
        200866647.0,
        514209618.0,
        806322344.0,
        611367733.0
    ],
    "net_income": [
        61261912.0,
        73438575.0,
        141148420.0,
        65513814.0
    ],
    "roa": [
        0.040307681074044505,
        73438575.0,
        0.04189948473185307,
        0.021224051806403393
    ],
    "roe": [
        0.07826399263975545,
        73438575.0,
        0.1053158558001877,
        0.04660407725258156
    ],
    "debt_ratio": [
        0.4849779609433116,
        0.0,
        0.6021540686964783,
        0.544588090621884
    ],
    "current_ratio": [
        2.5185035577258352,
        0.0,
        1.573775446562744,
        1.5836366759418328
    ]
}