{
    "years": [
        "2021",
        "2022",
        "2023",
        "2024"
    ],
    "revenue": [
        938638904.0,
        786499293.0,
        1283261245.0,
        1647088311.0
    ],
    "net_income": [
        8884450.0,
        8912610.0,
        15783351.0,
        24118527.0
    ],
    "roa": [
        0.01369771589267355,
        0.012480993152427008,
        0.018118410779268537,
        0.02402270501801978
    ],
    "roe": [
        0.07753035767565812,
        0.06653893489012835,
        0.11204255242180025,
        0.15024513317758298
    ],
    "debt_ratio": [
        0.823324484713758,
        0.812425714763302,
        0.8382899140760451,
        0.8401099289543973
    ],
    "current_ratio": [
        1.1110877453487675,
        1.1455306189121526,
        1.1069729653774263,
        1.105486616649764
    ]
}