{
    "years": [
        "2021",
        "2022",
        "2023",
        "2024"
    ],
    "revenue": [
        124563547.0,
        325139451.0,
        373424321.0,
        293915225.0
    ],
    "net_income": [
        10491151.0,
        12988882.0,
        42466970.0,
        15096406.0
    ],
    "roa": [
        0.01373538542999486,
        0.015450516709690543,
        0.028519701506590646,
        0.010132358705391585
    ],
    "roe": [
        0.020455073941912528,
        0.024884292639671655,
        0.04067855763424629,
        0.014296491617501827
    ],
    "debt_ratio": [
        0.32850961727148786,
        0.3791056497600162,
        0.2989008665690595,
        0.2912695662348721
    ],
    "current_ratio": [
        1.2721129785752483,
        1.0384241866170452,
        1.1113225034614225,
        1.1145175596487535
    ]
}