{
    "years": [
        "2021",
        "2022",
        "2023",
        "2024"
    ],
    "revenue": [
        209881535.0,
        394024950.0,
        268465173.0,
        233707109.0
    ],
    "net_income": [
        1691182.0,
        1852640.0,
        1396164.0,
        789293.0
    ],
    "roa": [
        0.0014236418082992717,
        0.0015621523946577611,
        0.001401372796179065,
        0.0009462510037147125
    ],
    "roe": [
        0.17678050342839915,
        0.1622389791792843,
        0.022288566020420474,
        0.012443594607204433
    ],
    "debt_ratio": [
        0.9919468392685289,
        0.9903712880680081,
        0.9371259328709103,
        0.9239567798868291
    ],
    "current_ratio": [
        1.046158291560329,
        1.0077210355263506,
        1.0478952954644516,
        1.0981618755511873
    ]
}