{
    "years": [
        "2020",
        "2021",
        "2022",
        "2023"
    ],
    "revenue": [
        826703863.0,
        862843341.0,
        1007771649.0,
        1197807421.0
    ],
    "net_income": [
        6287333.0,
        7155812.0,
        8370335.0,
        8304516.0
    ],
    "roa": [
        0.007175089773826844,
        0.007184792752481435,
        0.0070206903315126286,
        0.006462581056189886
    ],
    "roe": [
        0.04185391145060104,
        0.04749670331960632,
        0.055055822462194905,
        0.03053139525431745
    ],
    "debt_ratio": [
        0.8285682383044319,
        0.8487307065474669,
        0.8724805112786479,
        0.7883299796043218
    ],
    "current_ratio": [
        1.0920375241761795,
        1.1354014718246384,
        1.14114357240905,
        1.2249895327049392
    ]
}