{
    "years": [
        "2021",
        "2022",
        "2023",
        "2024"
    ],
    "revenue": [
        11042782.0,
        14344920.0,
        1169915.0,
        1191748.0
    ],
    "net_income": [
        2535141.0,
        -889615.0,
        -893901.0,
        24457.0
    ],
    "roa": [
        0.03630882214057862,
        -0.011114433974322767,
        -0.011299064892508585,
        0.00030865424892288095
    ],
    "roe": [
        0.04283937654886995,
        -0.015262349723675666,
        -0.015574733145131156,
        0.00042594091457422926
    ],
    "debt_ratio": [
        0.1524427975939718,
        0.27177438759108363,
        0.27452593972431527,
        0.2753590031814344
    ],
    "current_ratio": [
        6.559664101293109,
        3.679522595428003,
        3.6426430267544885,
        3.6316226760201435
    ]
}