{
    "years": [
        "2021",
        "2022",
        "2023",
        "2024"
    ],
    "revenue": [
        2219081722.0,
        2212293319.0,
        2372453654.0,
        2573987027.0
    ],
    "net_income": [
        428532166.0,
        319106725.0,
        449952830.0,
        446437315.0
    ],
    "roa": [
        0.22025960250557522,
        0.15150467389641642,
        0.16925657432796878,
        0.17940102754601925
    ],
    "roe": [
        0.3394339644358093,
        0.19190557837847738,
        0.21296671416888655,
        0.2356188400992865
    ],
    "debt_ratio": [
        0.3510973397382903,
        0.21052490929879092,
        0.2052439979247405,
        0.2385964234845475
    ],
    "current_ratio": [
        2.2142109937125665,
        4.037038677811869,
        3.3126392877506374,
        1.4294372366981036
    ]
}