{
    "years": [
        "2020",
        "2021",
        "2022",
        "2023"
    ],
    "revenue": [
        1729591590.0,
        3707068720.0,
        3156242740.0,
        2472460543.0
    ],
    "net_income": [
        768912290.0,
        1498718380.0,
        868978190.0,
        491904659.0
    ],
    "roa": [
        0.09172931611812946,
        0.09008743155416024,
        0.06101196113561014,
        0.028507726469723372
    ],
    "roe": [
        0.17005741067652239,
        0.22909656205363205,
        0.13378222589304137,
        0.06673305428889476
    ],
    "debt_ratio": [
        0.46059794893258754,
        0.606770914645718,
        0.5439456868927485,
        0.5728095053718015
    ],
    "current_ratio": [
        2.226161990901248,
        1.7231549841413465,
        1.890852667029847,
        1.8143737771468962
    ]
}