{
    "years": [
        "2021",
        "2022",
        "2023",
        "2024"
    ],
    "revenue": [
        28977187.0,
        18166693.0,
        24916531.0,
        58714086.0
    ],
    "net_income": [
        971098.0,
        226419.0,
        859304.0,
        3558285.0
    ],
    "roa": [
        0.01060137681066152,
        0.0023864036994585194,
        0.009992638414637444,
        0.03780328973193176
    ],
    "roe": [
        0.013664466154478663,
        0.003351881965979684,
        0.012699364725845371,
        0.04980431955301642
    ],
    "debt_ratio": [
        0.22416458200331413,
        0.28804065188464223,
        0.2131387175375221,
        0.2409636338532771
    ],
    "current_ratio": [
        2.762576831117499,
        2.4699160350712144,
        3.1905565694468576,
        2.958543594956509
    ]
}