{
    "years": [
        "2021",
        "2022",
        "2023",
        "2024"
    ],
    "revenue": [
        592106659.0,
        989523165.0,
        766237232.0,
        1772499363.0
    ],
    "net_income": [
        68656789.0,
        447965615.0,
        136584822.0,
        333575179.0
    ],
    "roa": [
        0.021033862218833275,
        0.13151401568275525,
        0.03025985733373549,
        0.06946026234819351
    ],
    "roe": [
        0.0566155244018447,
        0.27580343337218954,
        0.07867704766805186,
        0.16287321143502656
    ],
    "debt_ratio": [
        0.6284788944187907,
        0.523160338960391,
        0.615391550259924,
        0.5735316953831746
    ],
    "current_ratio": [
        0.8104805696647527,
        1.053140819734713,
        0.7210309862132436,
        1.5625466754165638
    ]
}