{
    "years": [
        "2021",
        "2022",
        "2023",
        "2024"
    ],
    "revenue": [
        7108211834.0,
        5679350995.0,
        4363038846.0,
        4345179878.0
    ],
    "net_income": [
        1772059864.0,
        1148702305.0,
        846380430.0,
        807122190.0
    ],
    "roa": [
        0.2570843006398191,
        0.17431242676725625,
        0.13085155785807512,
        0.12480681664109958
    ],
    "roe": [
        0.3635593428380204,
        0.23593431984237995,
        0.16975757252649623,
        0.15796122832795545
    ],
    "debt_ratio": [
        0.2928683976790002,
        0.2611824049858082,
        0.22918573875311843,
        0.20988955351766095
    ],
    "current_ratio": [
        3.1131384702157097,
        3.4034861997248353,
        3.8285334886986457,
        4.125792283092444
    ]
}