{
    "years": [
        "2021",
        "2022",
        "2023",
        "2024"
    ],
    "revenue": [
        4987642.0,
        21059810.0,
        9523228.0,
        12335595.0
    ],
    "net_income": [
        -1723292.0,
        6062881.0,
        361347.0,
        351292.0
    ],
    "roa": [
        -0.04671931834210905,
        0.14472551669073871,
        0.008533593412308754,
        0.008885867001367691
    ],
    "roe": [
        0.21791416243778708,
        -3.285683395457073,
        -0.24351251267778382,
        -0.3101634023572249
    ],
    "debt_ratio": [
        1.2143932171248717,
        1.0440473104897576,
        1.0350437573760345,
        1.028648986095186
    ],
    "current_ratio": [
        0.6210386382234554,
        0.7289739088063437,
        0.7260684025511023,
        0.66927575799506
    ]
}