{
    "years": [
        "2021",
        "2022",
        "2023",
        "2024"
    ],
    "revenue": [
        524968138.0,
        548914691.0,
        573502580.0,
        594399968.0
    ],
    "net_income": [
        198674851.0,
        201411332.0,
        34044845.0,
        -92582853.0
    ],
    "roa": [
        0.08718258835739255,
        0.06938317358009485,
        0.009257933618731631,
        -0.023937420439131957
    ],
    "roe": [
        0.14568699799452997,
        0.15029332887292207,
        0.026205145510623216,
        -0.07673140573295593
    ],
    "debt_ratio": [
        0.4015760530622922,
        0.5383482813215176,
        0.6467131382659719,
        0.6880362061599649
    ],
    "current_ratio": [
        2.391132957126297,
        0.8976166435508703,
        1.3111166182843281,
        1.3699775305417512
    ]
}