{
    "years": [
        "2021",
        "2022",
        "2023",
        "2024"
    ],
    "revenue": [
        824711559.0,
        818157502.0,
        797267426.0,
        832963438.0
    ],
    "net_income": [
        27377291.0,
        7570087.0,
        7473254.0,
        22236872.0
    ],
    "roa": [
        0.04261833945399524,
        0.012293243080032335,
        0.012608668523173905,
        0.03759253682229788
    ],
    "roe": [
        0.1357733080299846,
        0.03618418909542388,
        0.03448933281838767,
        0.09307248744859827
    ],
    "debt_ratio": [
        0.6861066429597247,
        0.660259262751116,
        0.6344183116104899,
        0.5960939924050128
    ],
    "current_ratio": [
        0.39038674212058827,
        0.3836268018531674,
        0.3963217500561529,
        0.5526784898116881
    ]
}