{
    "years": [
        "2022",
        "2023",
        "2024"
    ],
    "revenue": [
        5516327277.0,
        5093879956.0,
        5776363411.0
    ],
    "net_income": [
        48416040.0,
        51458556.0,
        34387448.0
    ],
    "roa": [
        0.0914792676230603,
        0.0394253253274958,
        0.030256594167959297
    ],
    "roe": [
        0.33202371882880977,
        0.35114615280173533,
        0.2691043502674876
    ],
    "debt_ratio": [
        0.7244797210700882,
        0.8877238864417911,
        0.8875655702411185
    ],
    "current_ratio": [
        0.9802505883298931,
        1.020006142060638,
        0.9998525875404655
    ]
}