{
    "years": [
        "2023",
        "2024"
    ],
    "revenue": [
        163794670.0,
        215138590.0
    ],
    "net_income": [
        3182824.0,
        2572406.0
    ],
    "roa": [
        0.043757748766865126,
        0.029259240428523348
    ],
    "roe": [
        0.05967668932993791,
        0.04601234488801429
    ],
    "debt_ratio": [
        0.2667530779909862,
        0.36410021050361513
    ],
    "current_ratio": [
        2.718651883324778,
        2.1363978804195973
    ]
}