{
    "years": [
        "2020",
        "2021",
        "2022",
        "2023"
    ],
    "revenue": [
        295261608.0,
        244388075.0,
        189285609.0,
        202442885.0
    ],
    "net_income": [
        11450999.0,
        3254865.0,
        -16287198.0,
        -19259266.0
    ],
    "roa": [
        0.05206037960717237,
        0.013845026173289152,
        -0.07744353087463723,
        -0.10911199540393242
    ],
    "roe": [
        0.0561683662794275,
        0.01572687332587013,
        -0.08541872698096348,
        -0.1123542683058943
    ],
    "debt_ratio": [
        0.07313701544778127,
        0.11965806003443832,
        0.09336589748175024,
        0.028857585482507043
    ],
    "current_ratio": [
        9.515080856984289,
        6.102425937382816,
        8.890476112163167,
        25.134285192279922
    ]
}