{
    "years": [
        "2021",
        "2022",
        "2023",
        "2024"
    ],
    "revenue": [
        449764771.0,
        677793860.0,
        634435149.0,
        706828994.0
    ],
    "net_income": [
        -5468600.0,
        11536159.0,
        -2521694.0,
        2424078.0
    ],
    "roa": [
        -0.014052759841281778,
        0.02334186859134825,
        -0.006000128478291702,
        0.005155832731161799
    ],
    "roe": [
        -0.07498088594813006,
        0.14186661126533756,
        -0.03463714037440205,
        0.034403507716462736
    ],
    "debt_ratio": [
        0.8125821045779169,
        0.835466087593428,
        0.8267718289259818,
        0.850136422900429
    ],
    "current_ratio": [
        0.9295841655392993,
        0.948393863836924,
        0.9296967788571229,
        0.8875708924929904
    ]
}