{
    "years": [
        "2020",
        "2021",
        "2022",
        "2023"
    ],
    "revenue": [
        702450329.0,
        824117959.0,
        1093707278.0,
        1075906263.0
    ],
    "net_income": [
        50181432.0,
        60217022.0,
        73548374.0,
        80218844.0
    ],
    "roa": [
        0.056018680207549965,
        0.05837250710495285,
        0.06672903727090287,
        0.07336337556555717
    ],
    "roe": [
        0.09223297190503023,
        0.10307152342935527,
        0.11737813167888654,
        0.1095912521684971
    ],
    "debt_ratio": [
        0.3926393235465635,
        0.43366989093780994,
        0.43150366838812276,
        0.3305727043545355
    ],
    "current_ratio": [
        1.7944297559262343,
        1.66365176112455,
        1.9358489899552238,
        2.420762010304363
    ]
}