{
    "years": [
        "2022",
        "2023",
        "2024"
    ],
    "revenue": [
        108743363.0,
        84704529.0,
        73773933.0
    ],
    "net_income": [
        1886074.0,
        1980054.0,
        1146405.0
    ],
    "roa": [
        0.061642446591415934,
        0.060884633285250137,
        0.03667655080043248
    ],
    "roe": [
        0.07241013672962199,
        0.07103009628118083,
        0.042681978797007865
    ],
    "debt_ratio": [
        0.14870418182487885,
        0.1428332992224691,
        0.1407017239087422
    ],
    "current_ratio": [
        4.6310551304181935,
        5.556091541140836,
        5.642289503064395
    ]
}