{
    "years": [
        "2021",
        "2022",
        "2023",
        "2024"
    ],
    "revenue": [
        14508803.0,
        4195669.0,
        5953962.0,
        800173.0
    ],
    "net_income": [
        1154792.0,
        -4942205.0,
        -3665092.0,
        493381.0
    ],
    "roa": [
        0.030646964611825825,
        -0.15702167714752946,
        -0.13037751970910003,
        0.016861377970748995
    ],
    "roe": [
        0.03294216476251382,
        -0.16412236086366755,
        -0.13857813254905751,
        0.018313240329371892
    ],
    "debt_ratio": [
        0.06967362853153447,
        0.04326457210810205,
        0.05917681736008691,
        0.07927938106585715
    ],
    "current_ratio": [
        13.233788449854972,
        21.23409055192702,
        15.628850969798178,
        12.086418411971747
    ]
}