{
    "years": [
        "2021",
        "2022",
        "2023",
        "2024"
    ],
    "revenue": [
        126773419.0,
        117097793.0,
        89293504.0,
        170870957.0
    ],
    "net_income": [
        1278027.0,
        29046.0,
        228236.0,
        254515.0
    ],
    "roa": [
        0.01309715165515088,
        0.00029880566923422204,
        0.0018314990537610645,
        0.0013172686133693517
    ],
    "roe": [
        0.06730774446664874,
        0.0015454683262263037,
        0.011998188674928656,
        0.013203003591887204
    ],
    "debt_ratio": [
        0.8054138976289635,
        0.8066568792361858,
        0.847352037596462,
        0.9002296254634992
    ],
    "current_ratio": [
        1.1397345463583222,
        1.1225469082958657,
        1.0988763930431638,
        1.0644030139293585
    ]
}