{
    "years": [
        "2021",
        "2022",
        "2023",
        "2024"
    ],
    "revenue": [
        75586027.0,
        82261439.0,
        91882045.0,
        72961639.0
    ],
    "net_income": [
        898478.0,
        -1903414.0,
        -3919399.0,
        467652.0
    ],
    "roa": [
        0.017086377126780693,
        -0.03004962572198731,
        -0.048769844624566044,
        0.007572666194091568
    ],
    "roe": [
        0.0577183496554673,
        -0.14251501435621933,
        -0.41534522653297284,
        0.04721783965449593
    ],
    "debt_ratio": [
        0.7039697560867073,
        0.7891476497565538,
        0.8825799804378048,
        0.839622772886211
    ],
    "current_ratio": [
        1.2123295629148516,
        1.1100735805120854,
        1.0107523567846095,
        1.0937816514342638
    ]
}