{
    "years": [
        "2021",
        "2022",
        "2023",
        "2024"
    ],
    "revenue": [
        337489089.0,
        239413231.0,
        33926988.0,
        27574941.0
    ],
    "net_income": [
        1007770.0,
        -6784160.0,
        -11842155.0,
        -20284308.0
    ],
    "roa": [
        0.004042921490642488,
        -0.033754015670389936,
        -0.11186545571172138,
        -0.21845379472463636
    ],
    "roe": [
        0.05114777594698906,
        -0.5251327043448752,
        -10.997645780514306,
        1.0560608061874102
    ],
    "debt_ratio": [
        0.9209560647400841,
        0.9357228841564925,
        0.9898282361566941,
        1.2068572126195063
    ],
    "current_ratio": [
        1.0505396258848012,
        1.0333890949945785,
        0.9596054437539826,
        0.7938853356336215
    ]
}