{
    "years": [
        "2021",
        "2022",
        "2023",
        "2024"
    ],
    "revenue": [
        4023489581.0,
        4754084777.0,
        3811365211.0,
        4115440223.0
    ],
    "net_income": [
        5792240682.0,
        7665420319.0,
        6265207695.0,
        7431722503.0
    ],
    "roa": [
        0.23163843445400822,
        0.2793008528801681,
        0.2308799577753667,
        0.2698208344040993
    ],
    "roe": [
        0.24457117200926798,
        0.3039022100974722,
        0.24350628859457124,
        0.28313277193314884
    ],
    "debt_ratio": [
        0.05287923940099398,
        0.08095155744149916,
        0.05185217553139624,
        0.04701659026667751
    ],
    "current_ratio": [
        13.690691334613186,
        8.399152544348036,
        14.186186421393563,
        15.047911842608459
    ]
}