{
    "years": [
        "2021",
        "2022",
        "2023",
        "2024"
    ],
    "revenue": [
        630122132.0,
        593016309.0,
        423330836.0,
        296566641.0
    ],
    "net_income": [
        1180333.0,
        12611686.0,
        3557461.0,
        332851.0
    ],
    "roa": [
        0.001421825383484965,
        0.015115645724899093,
        0.004210308825579121,
        0.00044613230084470653
    ],
    "roe": [
        0.0019922593764185093,
        0.02194938932361666,
        0.006335656882977797,
        0.0006043955375497009
    ],
    "debt_ratio": [
        0.2863251641254741,
        0.3113409442951898,
        0.3354582005709485,
        0.2618537478728158
    ],
    "current_ratio": [
        3.364733033052896,
        3.2032249085680977,
        2.944444848839698,
        4.472459868217115
    ]
}