{
    "years": [
        "2021",
        "2022",
        "2023",
        "2024"
    ],
    "revenue": [
        6264768.0,
        989091.0,
        8997549.0,
        4635820.0
    ],
    "net_income": [
        328180774.0,
        319568585.0,
        434749849.0,
        942156529.0
    ],
    "roa": [
        0.037972716424842776,
        0.03674100139435103,
        0.04436589418508972,
        0.008963778231203005
    ],
    "roe": [
        0.14134857515713384,
        0.12098674765941152,
        0.14133142329946488,
        0.23446887836283434
    ],
    "debt_ratio": [
        0.7313540912412494,
        0.6963221005181475,
        0.6860861289772513,
        0.9617698592077888
    ],
    "current_ratio": [
        1.2437098744540482,
        0.7948084516721734,
        1.0103447600218178,
        0.9153266932558547
    ]
}