{
    "years": [
        "2021",
        "2022",
        "2023",
        "2024"
    ],
    "revenue": [
        607952002.0,
        460764232.0,
        412646744.0,
        371268763.0
    ],
    "net_income": [
        67036454.0,
        53108370.0,
        28582481.0,
        -39596364.0
    ],
    "roa": [
        0.07298487803982419,
        0.059814433848327464,
        0.031829444417043086,
        -0.04759345308573901
    ],
    "roe": [
        0.19997936082350368,
        0.15579421743170435,
        0.08391465291207438,
        -0.1318380451827295
    ],
    "debt_ratio": [
        0.6350379472197701,
        0.6160676895819425,
        0.6206926524454088,
        0.6390006160985339
    ],
    "current_ratio": [
        1.3006100908747964,
        1.431215261406864,
        1.5306860825113358,
        1.543503125788099
    ]
}