{
    "years": [
        "2021",
        "2022",
        "2023",
        "2024"
    ],
    "revenue": [
        124619270.0,
        154491220.0,
        200015106.0,
        278942731.0
    ],
    "net_income": [
        88917900.0,
        62995140.0,
        85655566.0,
        125172470.0
    ],
    "roa": [
        0.09331877811475622,
        0.061883936564071394,
        0.04518499897424585,
        0.03363560824461598
    ],
    "roe": [
        0.09447540131079746,
        0.06364903710976644,
        0.08002959966584801,
        0.07868806761422276
    ],
    "debt_ratio": [
        0.012242585688906257,
        0.02773177138015509,
        0.4353964137905318,
        0.5725449961547106
    ],
    "current_ratio": [
        59.17766816427966,
        84.09338684392048,
        1.5643689332506008,
        1.3419036996001812
    ]
}