{
    "years": [
        "2021",
        "2022",
        "2023",
        "2024"
    ],
    "revenue": [
        6009964446.0,
        8468423449.0,
        8606837411.0,
        9756363239.0
    ],
    "net_income": [
        83462290.0,
        177265623.0,
        191148018.0,
        363607370.0
    ],
    "roa": [
        0.018614587054008903,
        0.031148081001342216,
        0.03853295098129945,
        0.06870822434843643
    ],
    "roe": [
        0.04431956094885139,
        0.09043298732092957,
        0.095424263615503,
        0.16683439568984607
    ],
    "debt_ratio": [
        0.5799916187010122,
        0.6555672667231088,
        0.5961933629735736,
        0.5881651138883337
    ],
    "current_ratio": [
        1.2544234235148453,
        1.1944582738786127,
        1.2754794122123165,
        1.3313701729479939
    ]
}