{
    "years": [
        "2021",
        "2022",
        "2023",
        "2024"
    ],
    "revenue": [
        19267316065.0,
        23644552111.0,
        28212158823.0,
        35367654090.0
    ],
    "net_income": [
        346840276.0,
        1540695401.0,
        1647144573.0,
        7173049458.0
    ],
    "roa": [
        0.006562599552072826,
        0.030628277012598407,
        0.03139546658786776,
        0.11307053798558023
    ],
    "roe": [
        0.01211267445115284,
        0.05292941122295698,
        0.05397461119609379,
        0.20018537994497276
    ],
    "debt_ratio": [
        0.458203918668992,
        0.42133728101411305,
        0.41832899038761606,
        0.4351708500557772
    ],
    "current_ratio": [
        1.7509331872057798,
        2.0772791693523147,
        2.0736864805132535,
        2.1540909810679145
    ]
}