{
    "years": [
        "2022",
        "2023",
        "2024"
    ],
    "revenue": [
        381641186.0,
        335511964.0,
        357653909.0
    ],
    "net_income": [
        18469980.0,
        17440255.0,
        18234066.0
    ],
    "roa": [
        0.1301034177479315,
        0.11818533837034953,
        0.11708556776113922
    ],
    "roe": [
        0.15296595933098664,
        0.14850883345130275,
        0.15327495675066943
    ],
    "debt_ratio": [
        0.14946162978382227,
        0.2041864741392406,
        0.2361076444366516
    ],
    "current_ratio": [
        5.290651973080023,
        4.056975026271785,
        3.626240022018123
    ]
}