{
    "years": [
        "2022",
        "2023",
        "2024"
    ],
    "revenue": [
        817563111.0,
        895539758.0,
        1093033467.0
    ],
    "net_income": [
        273163564.0,
        271430601.0,
        340725434.0
    ],
    "roa": [
        0.21900013537729307,
        0.2145888549178724,
        0.2856499726194297
    ],
    "roe": [
        0.23402364103631743,
        0.2310152468397596,
        0.3410488082948538
    ],
    "debt_ratio": [
        0.06419652985696817,
        0.07110522853619755,
        0.16243667864550634
    ],
    "current_ratio": [
        7.340376094485346,
        8.023223911053119,
        3.69987335236517
    ]
}