{
    "years": [
        "2021",
        "2022",
        "2023",
        "2024"
    ],
    "revenue": [
        6694120793.0,
        8490902301.0,
        7567753807.0,
        7352018843.0
    ],
    "net_income": [
        128974763.0,
        100124922.0,
        58077594.0,
        109869863.0
    ],
    "roa": [
        0.06199804853386902,
        0.04624911733115506,
        0.02373136167399036,
        0.04707170257640248
    ],
    "roe": [
        0.15480411858617646,
        0.10805650421625693,
        0.05918100538085231,
        0.10130170614211385
    ],
    "debt_ratio": [
        0.5995064659771575,
        0.5719913607551542,
        0.5990037424800405,
        0.5353315914505263
    ],
    "current_ratio": [
        1.3255670705208489,
        1.2130180805691888,
        1.1761154406849952,
        1.2713020066595613
    ]
}