{
    "years": [
        "2021",
        "2022",
        "2023",
        "2024"
    ],
    "revenue": [
        16032921424.0,
        18297216296.0,
        16490720404.0,
        17355740531.0
    ],
    "net_income": [
        1323913301.0,
        1083067389.0,
        395883747.0,
        655438523.0
    ],
    "roa": [
        0.06507051944434156,
        0.054062168037605315,
        0.02075268032459722,
        0.03402074227135786
    ],
    "roe": [
        0.1433892743513043,
        0.11485261591741089,
        0.043304252623949525,
        0.07065699933965752
    ],
    "debt_ratio": [
        0.5461967449188806,
        0.5292909298950512,
        0.5207703847284528,
        0.5185085329223272
    ],
    "current_ratio": [
        1.365963253227518,
        1.349985935622572,
        1.307209191620453,
        1.3515937394141024
    ]
}