{
    "years": [
        "2021",
        "2022",
        "2023",
        "2024"
    ],
    "revenue": [
        633781581.0,
        741838928.0,
        622683289.0,
        737147083.0
    ],
    "net_income": [
        28153530.0,
        31443624.0,
        34777936.0,
        55776584.0
    ],
    "roa": [
        0.024416669806395463,
        0.02673081042931617,
        0.031131716625170048,
        0.048262165631614444
    ],
    "roe": [
        0.061204275817653885,
        0.06802535915505367,
        0.07443793614887957,
        0.11470318070053971
    ],
    "debt_ratio": [
        0.6010626793601784,
        0.607046390326477,
        0.581776198591736,
        0.5792430049728572
    ],
    "current_ratio": [
        1.299408518874223,
        1.308123088424342,
        1.3732068684992915,
        1.391371687376398
    ]
}