{
    "years": [
        "2020",
        "2021",
        "2022",
        "2023"
    ],
    "revenue": [
        7165405539.0,
        9060328594.0,
        13463916114.0,
        10075768817.0
    ],
    "net_income": [
        719298771.0,
        1106553958.0,
        2012919885.0,
        977846274.0
    ],
    "roa": [
        0.09987677349809951,
        0.12664238874168782,
        0.17377791081912303,
        0.08187918973034163
    ],
    "roe": [
        0.13897529963454253,
        0.1880631370249623,
        0.2616088287905215,
        0.11382143237059575
    ],
    "debt_ratio": [
        0.28133435394101514,
        0.3265964253011577,
        0.3357337685331999,
        0.2806346922102693
    ],
    "current_ratio": [
        2.439707321032601,
        2.068079260480603,
        2.066004680616737,
        2.4399518299354637
    ]
}