{
    "years": [
        "2020",
        "2021",
        "2022",
        "2023"
    ],
    "revenue": [
        8327837.0,
        360231646.0,
        423760337.0,
        310792903.0
    ],
    "net_income": [
        537205.0,
        13070090.0,
        21198199.0,
        -163742467.0
    ],
    "roa": [
        0.006170440735133862,
        0.028747929525466145,
        0.03600509737576174,
        -0.032910730016209276
    ],
    "roe": [
        0.007456189154707392,
        0.03342018233675338,
        0.051505765971178105,
        -0.6655643154487995
    ],
    "debt_ratio": [
        0.17244042404178897,
        0.13980333093960995,
        0.3009501616593824,
        0.9505521416153192
    ],
    "current_ratio": [
        4.059065619670955,
        2.1193584018368936,
        1.2094593714432404,
        1.7014676062736216
    ]
}