{
    "years": [
        "2021",
        "2022",
        "2023",
        "2024"
    ],
    "revenue": [
        231110142.0,
        265381477.0,
        314426485.0,
        436107350.0
    ],
    "net_income": [
        2117660.0,
        1431250.0,
        1627279.0,
        1933740.0
    ],
    "roa": [
        0.0053309491421067775,
        0.003760328057929582,
        0.0039454543558089675,
        0.00391357730700094
    ],
    "roe": [
        0.006532809805284595,
        0.004305083925569504,
        0.00487088164194238,
        0.005394185908126013
    ],
    "debt_ratio": [
        0.18397300686843732,
        0.12653780438620796,
        0.18999174156988477,
        0.274482308608353
    ],
    "current_ratio": [
        4.80865673854234,
        7.1835915461902555,
        4.740402451306358,
        2.179441756229152
    ]
}