{
    "years": [
        "2021",
        "2022",
        "2023",
        "2024"
    ],
    "revenue": [
        425815854.0,
        496994133.0,
        662895814.0,
        579958791.0
    ],
    "net_income": [
        6527711.0,
        7101210.0,
        8232688.0,
        4945461.0
    ],
    "roa": [
        0.020635142332627747,
        0.021283277248915683,
        0.02476036491598518,
        0.013795115718962497
    ],
    "roe": [
        0.028478677434945286,
        0.030859548597821345,
        0.03554695023566086,
        0.02162188255125501
    ],
    "debt_ratio": [
        0.27541781461708553,
        0.3103179334768926,
        0.30344615355650195,
        0.36198359757708604
    ],
    "current_ratio": [
        3.4408965136285934,
        2.9713524753527527,
        2.945401045208867,
        2.5087433543542708
    ]
}