{
    "years": [
        "2021",
        "2022",
        "2023",
        "2024"
    ],
    "revenue": [
        1636105578.0,
        1623131627.0,
        1229279759.0,
        1148291689.0
    ],
    "net_income": [
        44014584.0,
        169828.0,
        -69477533.0,
        -66535082.0
    ],
    "roa": [
        0.039943949292951794,
        0.00016545113886198015,
        -0.08294579816914383,
        -0.09127737107941213
    ],
    "roe": [
        0.06733424429122559,
        0.00027922112596364605,
        -0.12896608721706662,
        -0.14100757605952735
    ],
    "debt_ratio": [
        0.4067810560078278,
        0.4074547966563193,
        0.35684023638295465,
        0.35267753953249487
    ],
    "current_ratio": [
        1.3235580451088935,
        1.5019265092659224,
        1.7857750391402443,
        2.0963220231002166
    ]
}