{
    "years": [
        "2020",
        "2021",
        "2022",
        "2023"
    ],
    "revenue": [
        71546737000.0,
        84985606000.0,
        62392603073.0,
        103556722315.0
    ],
    "net_income": [
        28206540000.0,
        38948478000.0,
        29161589912.0,
        33532876720.0
    ],
    "roa": [
        0.13099435560558378,
        0.1689618005647848,
        0.08059859197426146,
        0.07541737141197752
    ],
    "roe": [
        0.31646546504616324,
        0.29639483575245235,
        0.19634546204396897,
        0.18360466010207083
    ],
    "debt_ratio": [
        0.5860706140985227,
        0.4299435071604927,
        0.58950621453012,
        0.5892404290280489
    ],
    "current_ratio": [
        0.9896197211910551,
        1.2524692423771686,
        1.0467231290997743,
        1.1481351134877613
    ]
}