{
    "years": [
        "2021",
        "2022",
        "2023",
        "2024"
    ],
    "revenue": [
        125780761000.0,
        101793581792.0,
        161452750870.0,
        189090599498.0
    ],
    "net_income": [
        -7558164000.0,
        2044343630.0,
        2056061274.0,
        5276059233.0
    ],
    "roa": [
        -0.01764341290947607,
        0.0035405576535829522,
        0.003079522971697243,
        0.006306519987166375
    ],
    "roe": [
        -0.047365266756985845,
        0.015070118124777898,
        0.013871528073889583,
        0.034296987175618736
    ],
    "debt_ratio": [
        0.6275031448677767,
        0.7650610549786163,
        0.7779968468294537,
        0.8161202919990128
    ],
    "current_ratio": [
        1.101942114587421,
        0.9487457568855135,
        0.8560624715514167,
        0.78465497141637
    ]
}