{
    "years": [
        "2021",
        "2022",
        "2023",
        "2024"
    ],
    "revenue": [
        1063513532.0,
        1386845829.0,
        1312326024.0,
        1188877855.0
    ],
    "net_income": [
        64997316.0,
        48760573.0,
        38082723.0,
        9607838.0
    ],
    "roa": [
        0.055607570648571546,
        0.04024111824976987,
        0.030398851121811735,
        0.008565043973332201
    ],
    "roe": [
        0.1194568400328384,
        0.0834037419015123,
        0.05873722228046769,
        0.014384016266716327
    ],
    "debt_ratio": [
        0.5344965542928712,
        0.5175142345856761,
        0.4824601855249719,
        0.4045443348704248
    ],
    "current_ratio": [
        1.0835950659384332,
        1.1695180226584672,
        1.3334091545369635,
        1.4469069387310105
    ]
}