{
    "years": [
        "2020",
        "2021",
        "2022",
        "2023"
    ],
    "revenue": [
        6328900.0,
        11644650.0,
        72012830.0,
        41389080.0
    ],
    "net_income": [
        -3495500.0,
        1424430.0,
        2648020.0,
        31063099.0
    ],
    "roa": [
        -0.016448150094839784,
        0.006616191324109629,
        0.008346969029763592,
        0.07691802474082184
    ],
    "roe": [
        -0.018312763453895632,
        0.007407246780614389,
        0.008683449185563874,
        0.07923110370343307
    ],
    "debt_ratio": [
        0.10182042506857121,
        0.10679480243253708,
        0.03874959691820127,
        0.029194077256190096
    ],
    "current_ratio": [
        9.460814751484623,
        9.04967654444915,
        25.06682556403822,
        21.554919344339048
    ]
}