{
    "years": [
        "2022",
        "2023",
        "2024"
    ],
    "revenue": [
        614926132.0,
        564348601.0,
        566690984.0
    ],
    "net_income": [
        6401181.0,
        1850154.0,
        5312402.0
    ],
    "roa": [
        0.015541773565539657,
        0.004766080101632191,
        0.015157586295613788
    ],
    "roe": [
        0.07977259384539127,
        0.02444324540121113,
        0.06708439368618957
    ],
    "debt_ratio": [
        0.8051740226015284,
        0.8050144314553239,
        0.7740519744947143
    ],
    "current_ratio": [
        0.8726880529079503,
        0.7280200056412093,
        0.7124521198214014
    ]
}