{
    "years": [
        "2022",
        "2023",
        "2024"
    ],
    "revenue": [
        83981514.0,
        76769533.0,
        65892699.0
    ],
    "net_income": [
        3632553.0,
        2979387.0,
        994371.0
    ],
    "roa": [
        0.08715723473191882,
        0.06090620960875388,
        0.021776885837719407
    ],
    "roe": [
        0.14653203960506592,
        0.12292711727761911,
        0.04274233426718142
    ],
    "debt_ratio": [
        0.40520015303939294,
        0.5045339795026427,
        0.49050780189980836
    ],
    "current_ratio": [
        2.010780404419453,
        1.589527540828856,
        1.694879148006326
    ]
}