{
    "years": [
        "2021",
        "2022",
        "2023",
        "2024"
    ],
    "revenue": [
        226039262.0,
        214175613.0,
        142428665.0,
        165676939.0
    ],
    "net_income": [
        49168785.0,
        86100514.0,
        43342137.0,
        29289527.0
    ],
    "roa": [
        0.09079999358308696,
        0.1417343834856731,
        0.07309437041964671,
        0.04911734603179718
    ],
    "roe": [
        0.0988041103622042,
        0.15358090023531146,
        0.07738496873776413,
        0.051248936005302025
    ],
    "debt_ratio": [
        0.08100995747823746,
        0.07713535167125297,
        0.05544485431863455,
        0.041592862987132335
    ],
    "current_ratio": [
        4.94275336048306,
        5.8370947898015615,
        6.810833327997167,
        8.154189706708483
    ]
}