{
    "years": [
        "2021",
        "2022",
        "2023",
        "2024"
    ],
    "revenue": [
        681572163.0,
        876132151.0,
        549613585.0,
        569810705.0
    ],
    "net_income": [
        10497185.0,
        247545366.0,
        86938072.0,
        92905968.0
    ],
    "roa": [
        0.007129746394309775,
        0.16963213620902404,
        0.06090686770434622,
        0.06677981459493039
    ],
    "roe": [
        0.009686385536829338,
        0.19092014737713253,
        0.06820222317568335,
        0.07246935981681522
    ],
    "debt_ratio": [
        0.26394150148151474,
        0.11150217229854428,
        0.10696653469117709,
        0.07850966582658672
    ],
    "current_ratio": [
        4.076150977787721,
        7.0241364671344675,
        6.945482283220722,
        15.666833745518346
    ]
}