{
    "years": [
        "2021",
        "2022",
        "2023",
        "2024"
    ],
    "revenue": [
        13859563.0,
        62939340.0,
        49785171.0,
        28011269.0
    ],
    "net_income": [
        -14358521.0,
        7103721.0,
        -6395380.0,
        213946.0
    ],
    "roa": [
        -0.1739383474045901,
        0.07083321812345843,
        -0.0632191498574431,
        0.0020057329127743558
    ],
    "roe": [
        -0.19491199068279016,
        0.09269632571469404,
        -0.09170061658153761,
        0.0030582982438450007
    ],
    "debt_ratio": [
        0.10760571068371898,
        0.23585732684299812,
        0.31059187806844873,
        0.34416699979767923
    ],
    "current_ratio": [
        2.6942444703977895,
        1.889842615034115,
        1.4795182016667856,
        2.8521925579136367
    ]
}