{
    "years": [
        "2021",
        "2022",
        "2023",
        "2024"
    ],
    "revenue": [
        1257920546.0,
        2001525551.0,
        2001844651.0,
        2153998226.0
    ],
    "net_income": [
        46166695.0,
        50911906.0,
        85366.0,
        52435099.0
    ],
    "roa": [
        0.02777991681334489,
        0.02306713749521444,
        3.77806554942135e-05,
        0.0247891266467967
    ],
    "roe": [
        0.07507743046410581,
        0.08180209631080589,
        0.00014765949435543361,
        0.08315606911874376
    ],
    "debt_ratio": [
        0.6299831168752327,
        0.7180128806531904,
        0.7441366323301158,
        0.7018963629533913
    ],
    "current_ratio": [
        0.9546536839115146,
        0.78271220353163,
        0.894023058036447,
        0.9647396092512573
    ]
}