{
    "years": [
        "2021",
        "2022",
        "2023",
        "2024"
    ],
    "revenue": [
        828546689.0,
        1125006618.0,
        1355133321.0,
        881589057.0
    ],
    "net_income": [
        17854789.0,
        -1026216.0,
        14278956.0,
        15296734.0
    ],
    "roa": [
        0.008028898649619833,
        -0.0004773681862062664,
        0.006912042635387861,
        0.007713441075387333
    ],
    "roe": [
        0.024184707027832476,
        -0.0014334631245370118,
        0.01997101336732059,
        0.02133202872816707
    ],
    "debt_ratio": [
        0.668017535197762,
        0.6669825836221287,
        0.6538962491158147,
        0.6384103371658031
    ],
    "current_ratio": [
        1.2888198465181233,
        1.268773659131053,
        1.263698827707718,
        1.2694243415760869
    ]
}