{
    "years": [
        "2020",
        "2021",
        "2022",
        "2023"
    ],
    "revenue": [
        18220292889.0,
        12874919725.0,
        40141863488.0,
        58340618715.0
    ],
    "net_income": [
        68665335.0,
        79659307.0,
        -2261974844.0,
        231413415.0
    ],
    "roa": [
        0.0015192511210970713,
        0.001542179956408083,
        -0.03324626345179611,
        0.002662206435801595
    ],
    "roe": [
        0.004584290688795536,
        0.004726374329473777,
        -0.15182776759847452,
        0.015171526019420007
    ],
    "debt_ratio": [
        0.6685962509292283,
        0.6737076141449453,
        0.7810264619070237,
        0.8245261266141658
    ],
    "current_ratio": [
        1.2797734465727988,
        1.7308607230171258,
        1.1042220078394127,
        1.050576903368746
    ]
}