{
    "years": [
        "2021",
        "2022",
        "2023",
        "2024"
    ],
    "revenue": [
        885969643.0,
        264392568.0,
        29966045.0,
        24870208.0
    ],
    "net_income": [
        2322245.0,
        -239556584.0,
        -88418323.0,
        -158541858.0
    ],
    "roa": [
        0.0034071742239949044,
        -0.5896904259336885,
        -0.246502602719021,
        -0.6501714063691478
    ],
    "roe": [
        0.009524151960260276,
        -56.09733105343935,
        1.0507484026734863,
        0.656273392194359
    ],
    "debt_ratio": [
        0.6422595693336887,
        0.9894880841056067,
        1.234597171018132,
        1.990702067312514
    ],
    "current_ratio": [
        1.6728008842394118,
        0.7108979719470276,
        0.5778029705700117,
        0.39864159306264324
    ]
}