{
    "years": [
        "2021",
        "2022",
        "2023",
        "2024"
    ],
    "revenue": [
        14454238.0,
        32478572.0,
        10986743.0,
        14762080.0
    ],
    "net_income": [
        5667821.0,
        3639207.0,
        131943.0,
        516590.0
    ],
    "roa": [
        0.22437731448372408,
        0.1388254130736651,
        0.0029080812006677193,
        0.010312439014496624
    ],
    "roe": [
        0.27339803732792156,
        0.15344378858697819,
        0.0030294581588049757,
        0.011722053876110786
    ],
    "debt_ratio": [
        0.17930166333052563,
        0.0952686038837395,
        0.04006556676958228,
        0.12025323177254096
    ],
    "current_ratio": [
        3.687170361211693,
        2.925772314133476,
        14.583810507195153,
        7.610946139991202
    ]
}