{
    "years": [
        "2021",
        "2022",
        "2023",
        "2024"
    ],
    "revenue": [
        941951976.0,
        1274618434.0,
        1003204446.0,
        1303727923.0
    ],
    "net_income": [
        161228674.0,
        -23254056.0,
        142526688.0,
        217976116.0
    ],
    "roa": [
        0.1862552079728975,
        -0.03252890062201951,
        0.1729457733114809,
        0.21830526248493273
    ],
    "roe": [
        0.23847578831461838,
        -0.04391534402825439,
        0.23466170398782202,
        0.3316936452547817
    ],
    "debt_ratio": [
        0.21897644499166885,
        0.2592816624391927,
        0.26299958462563594,
        0.34184671425571833
    ],
    "current_ratio": [
        2.6580736569764087,
        1.9953730286771538,
        2.289682485946425,
        2.1171528134074102
    ]
}