{
    "years": [
        "2021",
        "2022",
        "2023",
        "2024"
    ],
    "revenue": [
        2930382017.0,
        3141724415.0,
        3154135416.0,
        2959887012.0
    ],
    "net_income": [
        323404509.0,
        237541890.0,
        289108115.0,
        117050233.0
    ],
    "roa": [
        0.10107796812343375,
        0.048494003688822174,
        0.048880945243432485,
        0.017173909262119053
    ],
    "roe": [
        0.11409417460962724,
        0.05329764194065693,
        0.05346677899124276,
        0.01948344056836493
    ],
    "debt_ratio": [
        0.11408300669800539,
        0.09012853246271672,
        0.08576977768870983,
        0.11853816568701112
    ],
    "current_ratio": [
        8.491571958213886,
        11.822106344964794,
        11.46694620275614,
        5.8370445573948455
    ]
}