{
    "years": [
        "2013",
        "2014"
    ],
    "revenue": [
        0.0,
        0.0
    ],
    "net_income": [
        -206218816.0,
        110170335.0
    ],
    "roa": [
        -0.08890625490493186,
        0.13398101083677125
    ],
    "roe": [
        3.1122990563787716,
        2.5089452496384963
    ],
    "debt_ratio": [
        1.028566102837295,
        0.9465986709530325
    ],
    "current_ratio": [
        1306.728328113203,
        15.362993130259001
    ]
}