{
    "years": [
        "2021",
        "2022",
        "2023",
        "2024"
    ],
    "revenue": [
        621347815.0,
        225892207.0,
        140556723.0,
        178828665.0
    ],
    "net_income": [
        6400523.0,
        -22773550.0,
        10030232.0,
        28525108.0
    ],
    "roa": [
        0.025145315772153575,
        -0.1144253579280998,
        0.053412839905819416,
        0.12414456557948732
    ],
    "roe": [
        0.038163090102448734,
        -0.16410567922797697,
        0.0674056987357396,
        0.16085978028695527
    ],
    "debt_ratio": [
        0.34110902171047913,
        0.3027337111890008,
        0.20759162937808012,
        0.22824359601867078
    ],
    "current_ratio": [
        1.6247268168204594,
        1.4790331444805425,
        2.3014433218180543,
        3.142393488922826
    ]
}