{
    "years": [
        "2021",
        "2022",
        "2023",
        "2024"
    ],
    "revenue": [
        77760442.0,
        82188950.0,
        84126359.0,
        53828294.0
    ],
    "net_income": [
        3981850.0,
        3927739.0,
        4844859.0,
        2080017.0
    ],
    "roa": [
        0.06486488089083721,
        0.05627176852473885,
        0.0696632383926847,
        0.03768502425681844
    ],
    "roe": [
        0.07972116322644142,
        0.07628317684143666,
        0.09301633034156974,
        0.04122297335943519
    ],
    "debt_ratio": [
        0.1863530552534233,
        0.26233055760503815,
        0.2510644299031043,
        0.08582469468585713
    ],
    "current_ratio": [
        4.364714053126741,
        2.868069309404517,
        3.1454492681610704,
        8.753942938639785
    ]
}