{
    "years": [
        "2021",
        "2022",
        "2023",
        "2024"
    ],
    "revenue": [
        175539697.0,
        184944100.0,
        186994111.0,
        195257957.0
    ],
    "net_income": [
        69081378.0,
        78996082.0,
        80923759.0,
        73099742.0
    ],
    "roa": [
        0.14089263706951574,
        0.15380122848068317,
        0.14535393960337223,
        0.11931412663891691
    ],
    "roe": [
        0.17552855158613892,
        0.18900884104469393,
        0.17584389398132239,
        0.15335615571893557
    ],
    "debt_ratio": [
        0.19732353627737842,
        0.18627495078754214,
        0.17339217010963537,
        0.2219801932333867
    ],
    "current_ratio": [
        4.384612097862498,
        4.75843015214966,
        4.85489417126841,
        4.102404975125109
    ]
}