{
    "years": [
        "2021",
        "2022",
        "2023",
        "2024"
    ],
    "revenue": [
        349103329.0,
        356105233.0,
        339624215.0,
        242822353.0
    ],
    "net_income": [
        4700845.0,
        4690799.0,
        4741641.0,
        3230004.0
    ],
    "roa": [
        0.030136752539818335,
        0.023106296305516808,
        0.02318313640305406,
        0.021016668018975882
    ],
    "roe": [
        0.09247904014725997,
        0.0943447312726282,
        0.09752032409966829,
        0.0707068728067899
    ],
    "debt_ratio": [
        0.6741234284889878,
        0.7550865215912642,
        0.7622737965948484,
        0.7027634346606589
    ],
    "current_ratio": [
        1.0708649382150892,
        1.0149861333409527,
        1.0308490902160532,
        1.050883589054555
    ]
}