{
    "years": [
        "2021",
        "2022",
        "2023",
        "2024"
    ],
    "revenue": [
        765899476.0,
        918445134.0,
        1172412058.0,
        1118087481.0
    ],
    "net_income": [
        3668113.0,
        2764015.0,
        4661140.0,
        3213701.0
    ],
    "roa": [
        0.003608049074620825,
        0.0017081120207303457,
        0.0032080316314999475,
        0.0022871702651201943
    ],
    "roe": [
        0.010506985202673414,
        0.007881872946642799,
        0.013180870784573919,
        0.00900592816150702
    ],
    "debt_ratio": [
        0.6566047248545865,
        0.7832860244901692,
        0.7566145906494713,
        0.74603725189637
    ],
    "current_ratio": [
        1.3089213620863824,
        1.1228599108380803,
        1.1301035395498464,
        1.1169961255339953
    ]
}