{
    "years": [
        "2020",
        "2021",
        "2022",
        "2023"
    ],
    "revenue": [
        18167601212.0,
        12454210706.0,
        7133722585.0,
        3552262700.0
    ],
    "net_income": [
        37349639.0,
        20625507.0,
        35154236.0,
        31189486.0
    ],
    "roa": [
        0.004496793640707186,
        0.003731583167682146,
        0.011512686125499683,
        0.01680650731141269
    ],
    "roe": [
        0.10267057544334977,
        0.05181706485814608,
        0.08395995097578081,
        0.07356349258472374
    ],
    "debt_ratio": [
        0.9562017294508263,
        0.9279854392004315,
        0.8628788369728724,
        0.7715373927895487
    ],
    "current_ratio": [
        1.0174884068107812,
        1.0321557232906233,
        1.0758382400304713,
        1.1475481474144862
    ]
}