{
    "years": [
        "2021",
        "2022",
        "2023",
        "2024"
    ],
    "revenue": [
        290933878.0,
        285619029.0,
        1302090833.0,
        637448445.0
    ],
    "net_income": [
        2577822.0,
        -28971.0,
        553326.0,
        -6401386.0
    ],
    "roa": [
        0.024459405310188545,
        -0.00022046288546019,
        0.004411850888201074,
        -0.04529656446806561
    ],
    "roe": [
        0.12181874812244169,
        -0.0015146823966519826,
        0.0281160028127893,
        -0.4820784348012983
    ],
    "debt_ratio": [
        0.7992147704095263,
        0.8544494304895232,
        0.8430839932127824,
        0.9060390152346561
    ],
    "current_ratio": [
        0.3043629637274274,
        0.5172498659610558,
        1.0144872482492735,
        0.9324744740643719
    ]
}