{
    "years": [
        "2022",
        "2023",
        "2024"
    ],
    "revenue": [
        211608963.0,
        162952111.0,
        214993874.0
    ],
    "net_income": [
        9767792.0,
        14508899.0,
        15374534.0
    ],
    "roa": [
        0.04096995652482493,
        0.061919273119262604,
        0.06423501394004721
    ],
    "roe": [
        0.06595098778493907,
        0.09634933487849284,
        0.10138381863759849
    ],
    "debt_ratio": [
        0.37878176050334994,
        0.3573461280521589,
        0.36641749341028007
    ],
    "current_ratio": [
        3.535863526170634,
        5.514548638593628,
        5.5587413587960155
    ]
}