{
    "years": [
        "2022",
        "2023",
        "2024"
    ],
    "revenue": [
        71157504.0,
        59144885.0,
        41555418.0
    ],
    "net_income": [
        1215219.0,
        65253.0,
        306445.0
    ],
    "roa": [
        0.006783143188183521,
        0.00038226345825074137,
        0.0019102830421772194
    ],
    "roe": [
        0.020774667938314492,
        0.0011229126916237695,
        0.0052458252298747165
    ],
    "debt_ratio": [
        0.6734896938750369,
        0.6595786465838448,
        0.6358469909942384
    ],
    "current_ratio": [
        0.8965065479258099,
        0.59038555193385,
        0.547271409158373
    ]
}