{
    "years": [
        "2021",
        "2022",
        "2023",
        "2024"
    ],
    "revenue": [
        23142940.0,
        33704478.0,
        34199250.0,
        31735599.0
    ],
    "net_income": [
        32744215.0,
        40001602.0,
        68805254.0,
        75104455.0
    ],
    "roa": [
        0.035294485839765036,
        0.040956652737655315,
        0.0651668461345797,
        0.0664221101882414
    ],
    "roe": [
        0.03565338352639981,
        0.04173764856444031,
        0.06698259104985534,
        0.06813335964763989
    ],
    "debt_ratio": [
        0.010066300898735886,
        0.018712022685685843,
        0.027107713912174407,
        0.02511617610299017
    ],
    "current_ratio": [
        107.38771371064871,
        53.58432408484587,
        36.523449115982054,
        4.964996439289737
    ]
}