{
    "years": [
        "2021",
        "2022",
        "2023",
        "2024"
    ],
    "revenue": [
        589910481.0,
        635511561.0,
        708952704.0,
        820483070.0
    ],
    "net_income": [
        30536765.0,
        37611163.0,
        37712677.0,
        36352327.0
    ],
    "roa": [
        0.08308702454232518,
        0.10482435890933485,
        0.08966486709855531,
        0.08982880896274693
    ],
    "roe": [
        0.11941930244527892,
        0.13593486893542453,
        0.12756414740860447,
        0.12981904219663729
    ],
    "debt_ratio": [
        0.3042412504427594,
        0.2288633539704124,
        0.2970997814037267,
        0.308045973512245
    ],
    "current_ratio": [
        1.940047516349095,
        2.467768046476271,
        2.1339363354308825,
        2.104487005969937
    ]
}