{
    "years": [
        "2020",
        "2021",
        "2022",
        "2023"
    ],
    "revenue": [
        1299667447.0,
        1999012660.0,
        2132864900.0,
        1057690627.0
    ],
    "net_income": [
        14446842.0,
        9478890.0,
        10079356.0,
        -28540035.0
    ],
    "roa": [
        0.0069025429253411425,
        0.0027212251968784635,
        0.002513166570400419,
        -0.0076018334965978675
    ],
    "roe": [
        0.014534803944533587,
        0.00925864775916396,
        0.009744631399988438,
        -0.028353310052009296
    ],
    "debt_ratio": [
        0.525102440206142,
        0.7060882682155104,
        0.742097318283029,
        0.7318890287358476
    ],
    "current_ratio": [
        1.080732883653996,
        0.714796186943107,
        1.0065992586770378,
        0.9835939110672891
    ]
}