{
    "years": [
        "2022",
        "2023"
    ],
    "revenue": [
        2109837473.0,
        1136358537.0
    ],
    "net_income": [
        26001929.0,
        8785062.0
    ],
    "roa": [
        0.03141790988897146,
        0.010214791848126677
    ],
    "roe": [
        0.04321061201286944,
        0.015179399250131911
    ],
    "debt_ratio": [
        0.2729121753791812,
        0.3270621794839536
    ],
    "current_ratio": [
        2.0961782153089192,
        1.7008559784190438
    ]
}