{
    "years": [
        "2021",
        "2022",
        "2023",
        "2025"
    ],
    "revenue": [
        182478693.0,
        618986339.0,
        742665721.0,
        709448760.0
    ],
    "net_income": [
        3120612.0,
        3262039.0,
        3394076.0,
        1633608.0
    ],
    "roa": [
        0.0013653189736105898,
        0.0011456901421070054,
        0.0008680418572809843,
        0.0003594797556026971
    ],
    "roe": [
        0.002805425010882712,
        0.0029237207734916825,
        0.0030328376412988886,
        0.0014538720255120824
    ],
    "debt_ratio": [
        0.5133290077922991,
        0.6081396853986322,
        0.7137855830260588,
        0.7527431924580286
    ],
    "current_ratio": [
        1.037270701255768,
        1.2271449535781072,
        1.0842612601637491,
        1.0133932196611075
    ]
}