{
    "years": [
        "2021",
        "2022",
        "2023",
        "2024"
    ],
    "revenue": [
        1464037245.0,
        1096727838.0,
        729154403.0,
        1152738721.0
    ],
    "net_income": [
        37743118.0,
        43913345.0,
        37313675.0,
        45433864.0
    ],
    "roa": [
        0.09298314748973115,
        0.1216994369057049,
        0.09555366222638566,
        0.0995539254709746
    ],
    "roe": [
        0.1723833430556236,
        0.17716302296862443,
        0.1383558409367694,
        0.15276364240250326
    ],
    "debt_ratio": [
        0.46060248141418214,
        0.31306524992375034,
        0.30936300499192465,
        0.34831401041964644
    ],
    "current_ratio": [
        2.195490532420395,
        3.875724532139479,
        3.757580135081977,
        3.0593396501889303
    ]
}