{
    "years": [
        "2021",
        "2022",
        "2023",
        "2024"
    ],
    "revenue": [
        61012074148.0,
        60074730223.0,
        60478912567.0,
        61823889922.0
    ],
    "net_income": [
        10632535972.0,
        8577575320.0,
        9019354165.0,
        9452892990.0
    ],
    "roa": [
        0.19936352548522474,
        0.17692046126522196,
        0.17123176238695445,
        0.1717176047342142
    ],
    "roe": [
        0.2965830428921599,
        0.261379809619356,
        0.25750642800090157,
        0.2613144171148713
    ],
    "debt_ratio": [
        0.327798637639189,
        0.323128815791591,
        0.3350388814901548,
        0.34286976344390213
    ],
    "current_ratio": [
        2.115598104877704,
        2.0616350884049863,
        2.096769337295863,
        2.034375512821026
    ]
}