{
    "years": [
        "2021",
        "2022",
        "2023",
        "2024"
    ],
    "revenue": [
        348049087.0,
        209391919.0,
        82301925.0,
        78646587.0
    ],
    "net_income": [
        74850001.0,
        31030593.0,
        -10644961.0,
        14679985.0
    ],
    "roa": [
        0.16344648240016926,
        0.0734713223255586,
        -0.02716682753085925,
        0.04005152781647201
    ],
    "roe": [
        0.2832819253285129,
        0.10574405232253394,
        -0.03780707224348159,
        0.04955435935140596
    ],
    "debt_ratio": [
        0.42302537583142424,
        0.30519664499464294,
        0.281435299832212,
        0.19176580343913435
    ],
    "current_ratio": [
        1.3067542560831267,
        1.8725093715402206,
        2.0281510850432087,
        2.74791733042922
    ]
}