{
    "years": [
        "2020",
        "2021",
        "2022",
        "2023"
    ],
    "revenue": [
        1578398460.0,
        1605861780.0,
        1514308360.0,
        1630052986.0
    ],
    "net_income": [
        311071790.0,
        347055680.0,
        378384580.0,
        423439460.0
    ],
    "roa": [
        0.04459337548726534,
        0.048494394966198465,
        0.05309558745998548,
        0.052915009481784084
    ],
    "roe": [
        0.09819268605410389,
        0.10479484221786052,
        0.10855130263156494,
        0.11288701752345696
    ],
    "debt_ratio": [
        0.5458584821409762,
        0.5372444488691314,
        0.5108710243653386,
        0.5312569094068873
    ],
    "current_ratio": [
        6.113354564359298,
        7.6659877171692,
        7.296375103674303,
        4.989776390063468
    ]
}