{
    "years": [
        "2020",
        "2021",
        "2022",
        "2023"
    ],
    "revenue": [
        0.0,
        0.0,
        1089175150.0,
        1218799729.0
    ],
    "net_income": [
        -210578389.0,
        -277167079.0,
        185350736.0,
        151204580.0
    ],
    "roa": [
        -0.10230527555662128,
        -0.17635175086137417,
        0.10092204464077228,
        0.09147020717061619
    ],
    "roe": [
        -0.14190076322978806,
        -0.22978678845188052,
        0.13383522549451984,
        0.12946436815602896
    ],
    "debt_ratio": [
        0.27903646726020453,
        0.23254181822422815,
        0.2459231546263973,
        0.2934719531448426
    ],
    "current_ratio": [
        1.6800874591067216,
        2.7765158696212975,
        4.08829568111323,
        3.094817526092219
    ]
}