{
    "years": [
        "2021",
        "2022",
        "2023",
        "2024"
    ],
    "revenue": [
        2544345802.0,
        1803584707.0,
        879526958.0,
        1433454598.0
    ],
    "net_income": [
        11016557.0,
        -11201327.0,
        -17640228.0,
        227911.0
    ],
    "roa": [
        0.013909300675178949,
        -0.0159402800873207,
        -0.027068863947875447,
        0.00033913627561304283
    ],
    "roe": [
        0.055568054429002214,
        -0.06402654203090309,
        -0.08145557870965614,
        0.0010512962463667048
    ],
    "debt_ratio": [
        0.7496889027678577,
        0.7510363736397485,
        0.6676855732084245,
        0.6774113131430815
    ],
    "current_ratio": [
        1.1704370475528152,
        1.0259354385157062,
        0.9792975452028464,
        1.063394564639702
    ]
}