{
    "years": [
        "2021",
        "2022",
        "2023",
        "2024"
    ],
    "revenue": [
        22557206.0,
        141933363.0,
        252338882.0,
        266567430.0
    ],
    "net_income": [
        1494362.0,
        15170429.0,
        37459084.0,
        41861803.0
    ],
    "roa": [
        0.029068658439129744,
        0.21688579590182647,
        0.3119751655699186,
        0.28346132952602343
    ],
    "roe": [
        0.05334214871879388,
        0.3658366861988673,
        0.5557159100712175,
        0.4861671429645191
    ],
    "debt_ratio": [
        0.45505272777119926,
        0.40715132165851664,
        0.4386067414734669,
        0.4169467566286957
    ],
    "current_ratio": [
        1.9576342121397967,
        2.283007887253914,
        2.1772101113270743,
        2.3030417145804254
    ]
}