{
    "years": [
        "2021",
        "2022",
        "2023",
        "2024"
    ],
    "revenue": [
        178164256.0,
        141822244.0,
        97602141.0,
        112835573.0
    ],
    "net_income": [
        8157445.0,
        5595255.0,
        3381285.0,
        3777670.0
    ],
    "roa": [
        0.0526446382547452,
        0.037954249692213206,
        0.02236521051300655,
        0.02425057975054283
    ],
    "roe": [
        0.11806890166899388,
        0.07491725134048906,
        0.034567426854573986,
        0.0372570542552111
    ],
    "debt_ratio": [
        0.5541193531016794,
        0.4933843805919129,
        0.35299753125688127,
        0.34910098945487805
    ],
    "current_ratio": [
        0.7396580563824952,
        1.323394787146775,
        1.2139518739129387,
        1.4198312411916982
    ]
}