{
    "years": [
        "2021",
        "2022",
        "2023",
        "2024"
    ],
    "revenue": [
        7649059991.0,
        7800524775.0,
        7592705115.0,
        9273323312.0
    ],
    "net_income": [
        -72399459.0,
        -1533916957.0,
        -2317244894.0,
        -1180381102.0
    ],
    "roa": [
        -0.007837745852039174,
        -0.17235573598772713,
        -0.2415138520197499,
        -0.1251178641684362
    ],
    "roe": [
        -0.011449573143518615,
        -0.2999102124228136,
        -0.8246129507025916,
        -1.0653749836961126
    ],
    "debt_ratio": [
        0.3154551917530678,
        0.4253088796298143,
        0.7071185314104346,
        0.8825597877900568
    ],
    "current_ratio": [
        3.064006354891582,
        1.7454500114369478,
        1.023938531807663,
        0.7332667456699555
    ]
}