{
    "years": [
        "2021",
        "2022",
        "2023",
        "2024"
    ],
    "revenue": [
        0.0,
        1613077845.0,
        844057986.0,
        419433897.0
    ],
    "net_income": [
        115470669.0,
        -45624813.0,
        1304642941.0,
        51907473.0
    ],
    "roa": [
        0.06453298111499273,
        -0.02290262627748317,
        0.5616289118418172,
        0.023330598457949905
    ],
    "roe": [
        0.07550920575771523,
        -0.034259509703385295,
        0.5761578648393718,
        0.023983138239240642
    ],
    "debt_ratio": [
        0.14536273468352576,
        0.3314957955974458,
        0.025216965495394546,
        0.027208273361951796
    ],
    "current_ratio": [
        3.0234584795284767,
        1.553409664657461,
        36.259346428990284,
        32.39059743167796
    ]
}