{
    "years": [
        "2021",
        "2022",
        "2023",
        "2024"
    ],
    "revenue": [
        1423851692.0,
        2420426097.0,
        3188690187.0,
        5576148117.0
    ],
    "net_income": [
        490303891.0,
        487942031.0,
        155371166.0,
        335255268.0
    ],
    "roa": [
        0.1785118770558592,
        0.18219732480954015,
        0.05722387509046922,
        0.11595746615818445
    ],
    "roe": [
        0.4858774839570781,
        0.3193224784242214,
        0.09291744270144948,
        0.16856108771464112
    ],
    "debt_ratio": [
        0.6325989926472313,
        0.4294253078936393,
        0.38414281079243967,
        0.31207452603479824
    ],
    "current_ratio": [
        1.502229240208809,
        1.8984532917656383,
        3.01566502622732,
        5.124987436087642
    ]
}