{
    "years": [
        "2021",
        "2022",
        "2023",
        "2024"
    ],
    "revenue": [
        113124861.0,
        90356393.0,
        149911480.0,
        107625582.0
    ],
    "net_income": [
        -18938799.0,
        -48471899.0,
        -13220220.0,
        -50147764.0
    ],
    "roa": [
        -0.053456643482446414,
        -0.14454389840024234,
        -0.041880607565992344,
        -0.17242804005194748
    ],
    "roe": [
        -0.35824760413815465,
        -12.530128258817276,
        1.3326418226849766,
        0.826882125755961
    ],
    "debt_ratio": [
        0.8507829700325605,
        0.9884642921912209,
        1.0314267546260947,
        1.208527956622969
    ],
    "current_ratio": [
        0.38049209148311325,
        0.45373757461278985,
        1.290504672982071,
        0.5671837315314223
    ]
}