{
    "years": [
        "2020",
        "2021",
        "2022",
        "2023"
    ],
    "revenue": [
        2332710350.0,
        3863571827.0,
        5524662573.0,
        6337724618.0
    ],
    "net_income": [
        88342447.0,
        421297581.0,
        62528375.0,
        19381310.0
    ],
    "roa": [
        0.05695510088913063,
        0.17672628743071045,
        0.010460634629232213,
        0.0027086087007692963
    ],
    "roe": [
        0.1705114416580274,
        0.4612471828890112,
        0.04222864468937372,
        0.012981545467981036
    ],
    "debt_ratio": [
        0.6659749027085345,
        0.6168512372828179,
        0.7522858072718471,
        0.7913492883069989
    ],
    "current_ratio": [
        1.3167961455884953,
        1.4643584229315805,
        1.2336615549579522,
        1.2245308808175146
    ]
}