{
    "years": [
        "2021",
        "2022",
        "2023",
        "2024"
    ],
    "revenue": [
        292477562.0,
        162549786.0,
        76123892.0,
        47404126.0
    ],
    "net_income": [
        83368189.0,
        19777587.0,
        -821559.0,
        129495788.0
    ],
    "roa": [
        0.0406464982113402,
        0.008818035525790982,
        -0.00034718683486880417,
        0.06703107625486218
    ],
    "roe": [
        0.07802532198042265,
        0.019353297005835456,
        -0.0008051218260290296,
        0.11852175836099171
    ],
    "debt_ratio": [
        0.4790601668835302,
        0.5443652043818609,
        0.5687772661919043,
        0.4344407543237759
    ],
    "current_ratio": [
        1.6728965915668679,
        1.504234906965355,
        1.4186393926319478,
        1.5663077707950792
    ]
}