{
    "years": [
        "2022",
        "2023",
        "2024"
    ],
    "revenue": [
        41028770.0,
        78778462.0,
        40749972.0
    ],
    "net_income": [
        6603330.0,
        29844580.0,
        10445265.0
    ],
    "roa": [
        0.049247070579659394,
        0.22431872253917245,
        0.07839016399736856
    ],
    "roe": [
        0.07242369528290635,
        0.2563081065181499,
        0.08572093242049682
    ],
    "debt_ratio": [
        0.3200143904935097,
        0.12480831922775008,
        0.08551900004036109
    ],
    "current_ratio": [
        1.7005594437097882,
        4.15261038869507,
        1.2187063103686364
    ]
}