{
    "years": [
        "2021",
        "2022",
        "2023",
        "2024"
    ],
    "revenue": [
        584261134.0,
        595515133.0,
        563274070.0,
        607118129.0
    ],
    "net_income": [
        14644935.0,
        18001183.0,
        14281971.0,
        24919135.0
    ],
    "roa": [
        0.030972356677812916,
        0.035064758072906925,
        0.02683784844031129,
        0.044830517804427615
    ],
    "roe": [
        0.044013281208554224,
        0.05381872854356541,
        0.04278362961880805,
        0.07236273819187582
    ],
    "debt_ratio": [
        0.2962952130050857,
        0.34846550593400666,
        0.37270753604988344,
        0.3804751046656669
    ],
    "current_ratio": [
        2.6406757606038505,
        2.3425964129736023,
        2.222980025479418,
        2.228562987894095
    ]
}