{
    "years": [
        "2022",
        "2023",
        "2024"
    ],
    "revenue": [
        205656783.0,
        204953491.0,
        217995573.0
    ],
    "net_income": [
        9169546.0,
        10165903.0,
        6558121.0
    ],
    "roa": [
        0.009170920711843784,
        0.03525709952223539,
        0.019859445084408654
    ],
    "roe": [
        0.07461929539589499,
        0.08057362468957935,
        0.04427425372862271
    ],
    "debt_ratio": [
        0.8770971949924322,
        0.5624238122826412,
        0.5514448373057547
    ],
    "current_ratio": [
        1.5685514785794397,
        1.5850378207823175,
        1.3041480670282348
    ]
}