{
    "years": [
        "2021",
        "2022",
        "2023",
        "2024"
    ],
    "revenue": [
        157963747.0,
        195464906.0,
        221560994.0,
        243539328.0
    ],
    "net_income": [
        9547217.0,
        12959823.0,
        12158786.0,
        10343982.0
    ],
    "roa": [
        0.07772532335486719,
        0.10328966535723709,
        0.0950551835972096,
        0.07449490937603606
    ],
    "roe": [
        0.107907749301331,
        0.14103882411105123,
        0.13348497540271806,
        0.11586975231430742
    ],
    "debt_ratio": [
        0.2797058241125925,
        0.2676508329656179,
        0.28789600994095055,
        0.3570806195048926
    ],
    "current_ratio": [
        3.0438810724403167,
        3.001163799136686,
        2.9780785836149435,
        2.012340432348166
    ]
}