{
    "years": [
        "2019",
        "2020",
        "2022",
        "2023"
    ],
    "revenue": [
        0.0,
        0.0,
        3648444.0,
        3911753.0
    ],
    "net_income": [
        24958811.0,
        439196.0,
        16713513.0,
        402544.0
    ],
    "roa": [
        0.01489953527968306,
        0.00026070558936445423,
        0.010430373878634191,
        0.000234151895403211
    ],
    "roe": [
        0.01979108071238499,
        0.0003481390764038889,
        0.013270991396049817,
        0.0003195289333999279
    ],
    "debt_ratio": [
        0.24715908665062788,
        0.2511452834958402,
        0.21404712222638853,
        0.2671965793152682
    ],
    "current_ratio": [
        3.840751530254308,
        3.763573484879054,
        4.587715101763849,
        3.426987369137339
    ]
}