{
    "years": [
        "2021",
        "2022",
        "2023",
        "2024"
    ],
    "revenue": [
        5891141000.0,
        7361437084.0,
        9791334560.0,
        8939117000.0
    ],
    "net_income": [
        1315013000.0,
        2777127946.0,
        4408807516.0,
        4095780000.0
    ],
    "roa": [
        0.03472120127937517,
        0.06503646795410399,
        0.09251757275976402,
        0.07416377255114416
    ],
    "roe": [
        0.042903015771612575,
        0.0830861220393901,
        0.11655232908007185,
        0.0976985205540712
    ],
    "debt_ratio": [
        0.19070488041661227,
        0.21724030009162057,
        0.2062142945577336,
        0.2408915495286517
    ],
    "current_ratio": [
        2.362092637651312,
        1.8102459476645616,
        1.6071514843543224,
        2.079541455949227
    ]
}