{
    "years": [
        "2021",
        "2022",
        "2023",
        "2024"
    ],
    "revenue": [
        17826350.0,
        122832198.0,
        548836250.0,
        113587777.0
    ],
    "net_income": [
        4346916.0,
        49923257.0,
        186587915.0,
        58690543.0
    ],
    "roa": [
        0.007011284999823142,
        0.07133113425925612,
        0.1594845110000288,
        0.05706167397823406
    ],
    "roe": [
        0.016080772956543272,
        0.15629059226359884,
        0.4073776144030003,
        0.14409232918926335
    ],
    "debt_ratio": [
        0.5639957719215077,
        0.5435993092984802,
        0.6085093894180991,
        0.6039922853680552
    ],
    "current_ratio": [
        10.250776055308346,
        7.751946618423954,
        3.6103568147631164,
        4.588059031594974
    ]
}