{
    "years": [
        "2020",
        "2021",
        "2022",
        "2023"
    ],
    "revenue": [
        1013146405.0,
        1605521412.0,
        1640573091.0,
        1083660324.0
    ],
    "net_income": [
        36956168.0,
        38467160.0,
        42574270.0,
        42753710.0
    ],
    "roa": [
        0.0595667701871263,
        0.04904148561974407,
        0.062362231850878296,
        0.06755829942019277
    ],
    "roe": [
        0.09797353886085547,
        0.1040990814979543,
        0.11533043847840474,
        0.11490418370921864
    ],
    "debt_ratio": [
        0.3920116504955022,
        0.5288960775248741,
        0.45927343489155786,
        0.41204665279065344
    ],
    "current_ratio": [
        1.8088437795651586,
        1.484926302937164,
        1.606619289006428,
        1.889473296907035
    ]
}