{
    "years": [
        "2021",
        "2022",
        "2023",
        "2024"
    ],
    "revenue": [
        1892131002.0,
        2007397495.0,
        2180945412.0,
        2787912701.0
    ],
    "net_income": [
        413802538.0,
        393139127.0,
        199022026.0,
        434539229.0
    ],
    "roa": [
        0.12668379514344338,
        0.09002889931795444,
        0.038340371563319195,
        0.05574496532793051
    ],
    "roe": [
        0.13811244258221106,
        0.12280991015399262,
        0.06041392991686409,
        0.08875182980535269
    ],
    "debt_ratio": [
        0.08274886190623125,
        0.266924801059896,
        0.36537199920482627,
        0.37190066446868353
    ],
    "current_ratio": [
        5.361431374968935,
        3.010711203130536,
        3.3388187796953916,
        2.5335717340289374
    ]
}