{
    "years": [
        "2021",
        "2022",
        "2023",
        "2024"
    ],
    "revenue": [
        61729311.0,
        68673797.0,
        61253440.0,
        65821066.0
    ],
    "net_income": [
        3160288.0,
        1793193.0,
        -2570159.0,
        1750515.0
    ],
    "roa": [
        0.026349384510291708,
        0.015649381619235583,
        -0.02125629098700607,
        0.014249486119336751
    ],
    "roe": [
        0.03369670352373342,
        0.019417059105132774,
        -0.029258281733037725,
        0.019538234825961693
    ],
    "debt_ratio": [
        0.21804266427031405,
        0.19403955385299454,
        0.2734948968994308,
        0.27068712981161663
    ],
    "current_ratio": [
        3.521441509196161,
        4.555237041217131,
        3.3351530408296264,
        3.366485741052584
    ]
}