{
    "years": [
        "2021",
        "2022",
        "2023",
        "2024"
    ],
    "revenue": [
        16564959487.0,
        17319198677.0,
        23058365916.0,
        21477429895.0
    ],
    "net_income": [
        -324263178.0,
        21108412.0,
        62342032.0,
        29825034.0
    ],
    "roa": [
        -0.04969047783515559,
        0.002475462075288179,
        0.010002350551172993,
        0.004713278552566079
    ],
    "roe": [
        -0.12997207043177994,
        0.008601307562466166,
        0.02529994589875852,
        0.012276039832433668
    ],
    "debt_ratio": [
        0.6176834171366282,
        0.7121993304726782,
        0.6046493304294451,
        0.6160587113676957
    ],
    "current_ratio": [
        0.9874568606696796,
        1.03213234343138,
        1.093879538931758,
        1.1250388768987587
    ]
}