{
    "years": [
        "2020",
        "2022",
        "2023"
    ],
    "revenue": [
        289433028.0,
        336741031.0,
        465001074.0
    ],
    "net_income": [
        19127237.0,
        24150548.0,
        25653079.0
    ],
    "roa": [
        0.029106053867779823,
        0.04513364959922518,
        0.049717996932281315
    ],
    "roe": [
        0.09312084614276808,
        0.12166942666112733,
        0.13201037760059464
    ],
    "debt_ratio": [
        0.6874378286559389,
        0.629046911473241,
        0.623378117418116
    ],
    "current_ratio": [
        1.2766092377519564,
        1.496252598896459,
        1.2998484413924878
    ]
}