{
    "years": [
        "2021",
        "2022",
        "2023",
        "2024"
    ],
    "revenue": [
        259199882.0,
        324314392.0,
        263996470.0,
        294480746.0
    ],
    "net_income": [
        14010796.0,
        15978664.0,
        11745137.0,
        12332713.0
    ],
    "roa": [
        0.122575106100618,
        0.11715517211735375,
        0.09031871769494987,
        0.0991474806507577
    ],
    "roe": [
        0.2207621375840367,
        0.21061362903533964,
        0.14423141192849492,
        0.14025541431706182
    ],
    "debt_ratio": [
        0.44476390996188014,
        0.4437436330499967,
        0.37379301438353213,
        0.2930933815743854
    ],
    "current_ratio": [
        1.517653828076589,
        1.633510736175029,
        2.0184521750702498,
        2.123858214995843
    ]
}