{
    "years": [
        "2021",
        "2022",
        "2023",
        "2024"
    ],
    "revenue": [
        4315550758.0,
        3856545592.0,
        3348672457.0,
        3154806991.0
    ],
    "net_income": [
        148046589.0,
        137451782.0,
        106794229.0,
        111054889.0
    ],
    "roa": [
        0.06471453501045935,
        0.06602943221981708,
        0.04903849062705654,
        0.05273248723324458
    ],
    "roe": [
        0.12184463617570616,
        0.10681404948312687,
        0.08287710442964678,
        0.08575999846418751
    ],
    "debt_ratio": [
        0.46887661991835494,
        0.38182820949740726,
        0.40829869763748045,
        0.3851155762874096
    ],
    "current_ratio": [
        1.7603549962846377,
        2.156354533980789,
        2.0419175273276062,
        2.1914131334173272
    ]
}