{
    "years": [
        "2020",
        "2022",
        "2023",
        "2024"
    ],
    "revenue": [
        465362542.0,
        249825833.0,
        113424029.0,
        114583221.0
    ],
    "net_income": [
        26847214.0,
        22403721.0,
        10709597.0,
        11216216.0
    ],
    "roa": [
        0.0878081218100717,
        0.09557097618687917,
        0.04642979887315277,
        0.04724316982894966
    ],
    "roe": [
        0.12749663061721483,
        0.11956148119350635,
        0.05744560957929302,
        0.06014212915766822
    ],
    "debt_ratio": [
        0.3112906483489794,
        0.20065413013576952,
        0.19176070698553505,
        0.21447460389875345
    ],
    "current_ratio": [
        2.3253998985187536,
        4.62956357384036,
        5.509477882382706,
        4.691063274874361
    ]
}