{
    "years": [
        "2021",
        "2022",
        "2023",
        "2024"
    ],
    "revenue": [
        149970157.0,
        173476934.0,
        167776464.0,
        181202188.0
    ],
    "net_income": [
        10873142.0,
        10713647.0,
        670706.0,
        -5426776.0
    ],
    "roa": [
        0.0913059405541178,
        0.0474772629860841,
        0.0030460041977894937,
        -0.02389570081953572
    ],
    "roe": [
        0.14166668436445629,
        0.07265202158266068,
        0.00453071457896467,
        -0.038053640120460905
    ],
    "debt_ratio": [
        0.355487558957608,
        0.3465114672402296,
        0.3276989435768989,
        0.37205216783749057
    ],
    "current_ratio": [
        2.4779746555396436,
        1.9240516930014409,
        1.968677327573937,
        2.1511066434415156
    ]
}