{
    "years": [
        "2021",
        "2022",
        "2023",
        "2024"
    ],
    "revenue": [
        564425710.0,
        420736160.0,
        381793696.0,
        339912074.0
    ],
    "net_income": [
        2983073.0,
        1484662.0,
        1209856.0,
        404701.0
    ],
    "roa": [
        0.008762247919520062,
        0.004988828880466418,
        0.004350130257682626,
        0.0012988213486946174
    ],
    "roe": [
        0.01736901162809113,
        0.008706591498872195,
        0.007106725171962101,
        0.0023882940901841228
    ],
    "debt_ratio": [
        0.4955240915753224,
        0.42700551862199526,
        0.3878853969413319,
        0.4561719371024
    ],
    "current_ratio": [
        1.9369422635813425,
        2.2497708060441926,
        2.486557439848399,
        2.132826411856308
    ]
}