{
    "years": [
        "2021",
        "2022",
        "2023",
        "2024"
    ],
    "revenue": [
        44587366.0,
        65700884.0,
        36259710.0,
        26280926.0
    ],
    "net_income": [
        -19147561.0,
        27828316.0,
        -7777634.0,
        6104792.0
    ],
    "roa": [
        -0.09337389634941926,
        0.12802047465227986,
        -0.03817918033051158,
        0.029826257182809287
    ],
    "roe": [
        -0.13345274984447986,
        0.1629510429023535,
        -0.04787556877919624,
        0.03627644244625051
    ],
    "debt_ratio": [
        0.3003224252910996,
        0.21436234851841582,
        0.20253312275838933,
        0.1778064448573816
    ],
    "current_ratio": [
        1.5529380903877785,
        3.0633512591549685,
        3.537774841316553,
        6.2235419657221716
    ]
}