{
    "years": [
        "2021",
        "2022",
        "2023",
        "2024"
    ],
    "revenue": [
        298473113.0,
        414674018.0,
        509281516.0,
        762822938.0
    ],
    "net_income": [
        4247820.0,
        2632488.0,
        6635907.0,
        9215906.0
    ],
    "roa": [
        0.022235755712033463,
        0.01072589785036137,
        0.018905355676859595,
        0.0180990241213414
    ],
    "roe": [
        0.051030696156306725,
        0.03065560497933139,
        0.07499197944115117,
        0.09432463090352475
    ],
    "debt_ratio": [
        0.5642670512680158,
        0.650116255817069,
        0.7479016313778557,
        0.8081198521746341
    ],
    "current_ratio": [
        1.3676380545174358,
        1.2557531459228193,
        1.0561140670288505,
        1.0245894663210182
    ]
}