{
    "years": [
        "2021",
        "2022",
        "2023",
        "2024"
    ],
    "revenue": [
        26093344.0,
        11552241.0,
        9247809.0,
        4871069.0
    ],
    "net_income": [
        -8561645.0,
        121872.0,
        44464101.0,
        3388972.0
    ],
    "roa": [
        -0.6684709050457904,
        0.016497288083649503,
        3.694437003444832,
        0.9757028126902874
    ],
    "roe": [
        0.03155919069531901,
        -0.00044943586362112994,
        -0.19613413631812016,
        -0.015175846684117497
    ],
    "debt_ratio": [
        22.181497063704516,
        37.70665698711698,
        19.836277421145255,
        65.29313849825745
    ],
    "current_ratio": [
        0.03187885993451568,
        0.014593684205832638,
        0.03687922987352701,
        0.0015112160225196779
    ]
}