{
    "years": [
        "2021",
        "2022",
        "2023",
        "2024"
    ],
    "revenue": [
        136095956.0,
        214992834.0,
        282513257.0,
        379980830.0
    ],
    "net_income": [
        17025698.0,
        20671107.0,
        25996491.0,
        30613653.0
    ],
    "roa": [
        0.10712845955131432,
        0.11035167033773186,
        0.13988424974529828,
        0.13422086038186448
    ],
    "roe": [
        0.14945495857572463,
        0.16720975920115452,
        0.19263434878700783,
        0.2124798535214722
    ],
    "debt_ratio": [
        0.28320571915293574,
        0.34004049246325374,
        0.2738353745002889,
        0.3683125333654244
    ],
    "current_ratio": [
        2.568031100784945,
        2.2734879055490724,
        2.7182322944389874,
        2.120003275470302
    ]
}