{
    "years": [
        "2021",
        "2022",
        "2023",
        "2024"
    ],
    "revenue": [
        288121015.0,
        334970570.0,
        326314319.0,
        355622091.0
    ],
    "net_income": [
        4082503.0,
        4107961.0,
        4105866.0,
        4112640.0
    ],
    "roa": [
        0.022305462011097003,
        0.019352273720366686,
        0.016762110254439258,
        0.01448830433795362
    ],
    "roe": [
        0.10252199399644703,
        0.10309540104316069,
        0.10092355936319138,
        0.10111707638525924
    ],
    "debt_ratio": [
        0.7824324211654524,
        0.8122877109497358,
        0.8339128112384758,
        0.8567175312431629
    ],
    "current_ratio": [
        0.5835179889499743,
        0.5246398431598761,
        0.51146457565202,
        0.5408700342746505
    ]
}