{
    "years": [
        "2020",
        "2021",
        "2022",
        "2023"
    ],
    "revenue": [
        1165642873.0,
        946220334.0,
        1180182755.0,
        1076621967.0
    ],
    "net_income": [
        69962683.0,
        129305871.0,
        73348041.0,
        75599213.0
    ],
    "roa": [
        0.039171361404222206,
        0.0736342649640686,
        0.04333796470299168,
        0.0459891061075869
    ],
    "roe": [
        0.06355989325399929,
        0.11266848620827515,
        0.06371453417496883,
        0.066067847332538
    ],
    "debt_ratio": [
        0.3837094526310035,
        0.34645198988516823,
        0.3198103813491017,
        0.30391093452597545
    ],
    "current_ratio": [
        1.5159369069859965,
        2.075517900518076,
        2.9697382713969813,
        3.3332358162162885
    ]
}