{
    "years": [
        "2021",
        "2022",
        "2023",
        "2024"
    ],
    "revenue": [
        21452031609.0,
        21628809150.0,
        19587521805.0,
        20734671116.0
    ],
    "net_income": [
        295893014.0,
        256643840.0,
        379877264.0,
        383085842.0
    ],
    "roa": [
        0.054449430679789905,
        0.04478033794017021,
        0.05903948118321368,
        0.06019995870365925
    ],
    "roe": [
        0.22322315076712218,
        0.18465966459121563,
        0.24024374009716304,
        0.24116860040312366
    ],
    "debt_ratio": [
        0.7560762380932686,
        0.7574980002303089,
        0.7542517396734831,
        0.750382269486855
    ],
    "current_ratio": [
        1.2062635921696503,
        1.1912645078886013,
        1.1451270654760073,
        1.0111870064619137
    ]
}