{
    "years": [
        "2020",
        "2022",
        "2023",
        "2024"
    ],
    "revenue": [
        36932447.0,
        60977222.0,
        62630909.0,
        121995392.0
    ],
    "net_income": [
        5592788.0,
        -12091053.0,
        -41428348.0,
        3967669.0
    ],
    "roa": [
        0.02194934830079486,
        -0.050660129260737125,
        -0.21270497808078415,
        0.020044849545625226
    ],
    "roe": [
        0.03175003950029481,
        -0.07251052564437353,
        -0.33029063705503264,
        0.031115226275776005
    ],
    "debt_ratio": [
        0.30868280335238474,
        0.30134102862253753,
        0.35600663713230385,
        0.35578647675685876
    ],
    "current_ratio": [
        0.43226353649469657,
        0.457730801113121,
        0.31201411683209596,
        0.5057550812335498
    ]
}