{
    "years": [
        "2020",
        "2022",
        "2023",
        "2024"
    ],
    "revenue": [
        1522670933.0,
        3824009602.0,
        5948969341.0,
        6734798132.0
    ],
    "net_income": [
        -98948902.0,
        104998037.0,
        79949998.0,
        35304165.0
    ],
    "roa": [
        -0.05325000804463444,
        0.05721559677655273,
        0.03405458174875753,
        0.013309954295246609
    ],
    "roe": [
        -0.5876845432350122,
        0.8676380803027939,
        0.1833223893265396,
        0.07509706991168444
    ],
    "debt_ratio": [
        0.909390150451277,
        0.9340559179276856,
        0.8142366468500559,
        0.8227633340302176
    ],
    "current_ratio": [
        0.9114248206681513,
        0.9794179016309214,
        1.1647927108722211,
        1.174425933956822
    ]
}