{
    "years": [
        "2021",
        "2022",
        "2023",
        "2024"
    ],
    "revenue": [
        2018167236.0,
        4449769735.0,
        2849119203.0,
        1360524438.0
    ],
    "net_income": [
        14034310.0,
        19324280.0,
        5295866.0,
        -7500903.0
    ],
    "roa": [
        0.014826038154569612,
        0.01319027241743017,
        0.004968733961770425,
        -0.007862952432452563
    ],
    "roe": [
        0.03392234450596608,
        0.04535759937563085,
        0.012859863401774906,
        -0.01893653660702024
    ],
    "debt_ratio": [
        0.5629418198980296,
        0.7091937712974098,
        0.6136246702990138,
        0.5847734675232232
    ],
    "current_ratio": [
        1.4408022936029026,
        1.2390459958336602,
        1.3848148359404164,
        1.444288947627001
    ]
}