{
    "years": [
        "2021",
        "2022",
        "2023",
        "2024"
    ],
    "revenue": [
        0.0,
        311529236.0,
        133957263.0,
        184947186.0
    ],
    "net_income": [
        19614083.0,
        7652811.0,
        -78047719.0,
        -104683867.0
    ],
    "roa": [
        0.04220909576211669,
        0.01650550632048499,
        -0.2545955779634338,
        -0.47273053830151823
    ],
    "roe": [
        0.07528152201291054,
        0.028576200831076037,
        -0.41147175771168454,
        -1.2316395162423874
    ],
    "debt_ratio": [
        0.43931665256611085,
        0.42240375415700515,
        0.3812562510260371,
        0.6161778409450736
    ],
    "current_ratio": [
        1.6455885092967923,
        1.414157242321632,
        1.2834478198358714,
        0.6357983195372179
    ]
}