{
    "years": [
        "2021",
        "2022",
        "2023",
        "2024"
    ],
    "revenue": [
        1088361010.0,
        1785508085.0,
        2656605469.0,
        3545799658.0
    ],
    "net_income": [
        22223982.0,
        24931061.0,
        22793051.0,
        58777588.0
    ],
    "roa": [
        0.025084271436633464,
        0.01992525895488426,
        0.013529304085958574,
        0.02438377814880614
    ],
    "roe": [
        0.09175742741758247,
        0.09374881068073966,
        0.04666521245198943,
        0.07197507245443044
    ],
    "debt_ratio": [
        0.726624076735756,
        0.7874612081987955,
        0.710077306518685,
        0.6612191232701539
    ],
    "current_ratio": [
        1.1567927371695228,
        1.0097736190301398,
        1.2567868183708095,
        1.391984652752465
    ]
}