{
    "years": [
        "2019",
        "2020",
        "2021",
        "2022"
    ],
    "revenue": [
        41562240.0,
        62882090.0,
        114351730.0,
        99742430.0
    ],
    "net_income": [
        8114480.0,
        24524270.0,
        19434810.0,
        12653020.0
    ],
    "roa": [
        0.022474483110541493,
        0.06509594565339376,
        0.045310646159212,
        0.035244609683486465
    ],
    "roe": [
        0.023205498067943416,
        0.0671181611468398,
        0.0533215917683717,
        0.038141543638553425
    ],
    "debt_ratio": [
        0.03150179992955051,
        0.030129184990957698,
        0.15023830578725308,
        0.07595219486970992
    ],
    "current_ratio": [
        29.227330835198728,
        30.659395571092286,
        6.282883956849057,
        12.399541868495868
    ]
}