{
    "years": [
        "2021",
        "2022",
        "2023",
        "2024"
    ],
    "revenue": [
        4291067918.0,
        2652994847.0,
        2875695887.0,
        4412893357.0
    ],
    "net_income": [
        -38729625.0,
        -294652062.0,
        -442750886.0,
        -467677226.0
    ],
    "roa": [
        -0.007542519589794685,
        -0.060965594770114775,
        -0.0955126230789755,
        -0.09878570903171768
    ],
    "roe": [
        0.0480920283362117,
        0.2558603831005744,
        0.27394506871651886,
        0.22221525372187645
    ],
    "debt_ratio": [
        1.1568351315329202,
        1.2382768056207836,
        1.3486561138934496,
        1.4445496309418857
    ],
    "current_ratio": [
        0.9680010266744379,
        0.9306915729739176,
        0.9125850585862906,
        0.8742447438914515
    ]
}