{
    "years": [
        "2021",
        "2022",
        "2023",
        "2024"
    ],
    "revenue": [
        3205544511.0,
        4113153000.0,
        2274113278.0,
        3891124661.0
    ],
    "net_income": [
        17593730.0,
        28106899.0,
        17271947.0,
        68436164.0
    ],
    "roa": [
        0.006158173823455468,
        0.008444067810087625,
        0.009232380295449231,
        0.029554070024642675
    ],
    "roe": [
        0.07840642821717833,
        0.11131519079435628,
        0.06079632019216652,
        0.19412783485287727
    ],
    "debt_ratio": [
        0.9214583043319112,
        0.9241427180798064,
        0.8481424489793578,
        0.8477597504394943
    ],
    "current_ratio": [
        0.9728888943918923,
        1.0695192444345814,
        1.1604723534447676,
        1.1707489113901322
    ]
}