{
    "years": [
        "2021",
        "2022",
        "2023",
        "2024"
    ],
    "revenue": [
        252898400.0,
        253755973.0,
        360470860.0,
        265165601.0
    ],
    "net_income": [
        2347380.0,
        2824556.0,
        2899434.0,
        1797679.0
    ],
    "roa": [
        0.014216903292243505,
        0.017785085298146985,
        0.01835114787539662,
        0.01476793193485236
    ],
    "roe": [
        0.05258930490120188,
        0.062067748290462424,
        0.06342265438348561,
        0.04015029702342719
    ],
    "debt_ratio": [
        0.7296616998655445,
        0.7134568952797034,
        0.7106531088333791,
        0.632183743840414
    ],
    "current_ratio": [
        1.35926028949507,
        1.3876806678158258,
        1.3975294402613962,
        1.572260684981458
    ]
}