{
    "years": [
        "2021",
        "2022",
        "2023",
        "2024"
    ],
    "revenue": [
        95020526.0,
        102314692.0,
        85926770.0,
        70727165.0
    ],
    "net_income": [
        3013919.0,
        1900824.0,
        1526882.0,
        8396241.0
    ],
    "roa": [
        0.02902930000020034,
        0.01645674082380324,
        0.014954887011847301,
        0.07606121853694937
    ],
    "roe": [
        0.05451595521764723,
        0.03619257129435248,
        0.029841375068623853,
        0.15817238524306815
    ],
    "debt_ratio": [
        0.46750818390130067,
        0.5453005897270646,
        0.49885395771955116,
        0.519124539848951
    ],
    "current_ratio": [
        1.3177279369434878,
        1.2004537159768123,
        1.2445731850032704,
        1.22276890364947
    ]
}