{
    "years": [
        "2020",
        "2021",
        "2022",
        "2023"
    ],
    "revenue": [
        223655322.0,
        206697756.0,
        145016024.0,
        84323464.0
    ],
    "net_income": [
        8625775.0,
        8056226.0,
        288319.0,
        -20113530.0
    ],
    "roa": [
        0.06857181837641818,
        0.05845055608383205,
        0.0024404110447875044,
        -0.17640892069730285
    ],
    "roe": [
        0.13731791410016675,
        0.12488807708404194,
        0.004874009906249872,
        -0.518446443081478
    ],
    "debt_ratio": [
        0.500634576152982,
        0.5319764908823246,
        0.4993011726015984,
        0.6597354981378881
    ],
    "current_ratio": [
        1.4232661041829513,
        1.4017166446556293,
        1.4922466465033315,
        1.1800675561013152
    ]
}