{
    "years": [
        "2021",
        "2022",
        "2023",
        "2024"
    ],
    "revenue": [
        150730411.0,
        202162539.0,
        151869609.0,
        160950013.0
    ],
    "net_income": [
        5543217.0,
        6688030.0,
        7040761.0,
        2200138.0
    ],
    "roa": [
        0.05246729708314734,
        0.06516849248871695,
        0.05659320930616211,
        0.017911516163506613
    ],
    "roe": [
        0.11654738635844696,
        0.13821908606469976,
        0.09277625561955474,
        0.03066800738784988
    ],
    "debt_ratio": [
        0.5498200455411183,
        0.528513070487155,
        0.3900033049594881,
        0.4159543547454982
    ],
    "current_ratio": [
        1.253231673504309,
        1.1319707563698203,
        1.5110732598369632,
        1.568174291795555
    ]
}