{
    "years": [
        "2021",
        "2022",
        "2023",
        "2024"
    ],
    "revenue": [
        54739152.0,
        94055510.0,
        140258531.0,
        158282286.0
    ],
    "net_income": [
        11663530.0,
        38108392.0,
        66481743.0,
        75470841.0
    ],
    "roa": [
        0.06279026459303153,
        0.1751300047038476,
        0.23392180636044654,
        0.24533827924418147
    ],
    "roe": [
        0.07003988981700086,
        0.1996141527660395,
        0.3276372114260482,
        0.28415919988046695
    ],
    "debt_ratio": [
        0.10350709064378959,
        0.12265737535598939,
        0.28603406999376924,
        0.13661680020430694
    ],
    "current_ratio": [
        10.558018787631726,
        8.454542645793225,
        3.3180132800965243,
        7.206176527762444
    ]
}