{
    "years": [
        "2021",
        "2022",
        "2023",
        "2024"
    ],
    "revenue": [
        780066538.0,
        745412690.0,
        852798423.0,
        961283258.0
    ],
    "net_income": [
        97657483.0,
        71877273.0,
        83431184.0,
        82536316.0
    ],
    "roa": [
        0.1136487258696362,
        0.08472676557631344,
        0.0911099636226,
        0.08937124236652255
    ],
    "roe": [
        0.14036016576436774,
        0.100187158049741,
        0.10926772553365227,
        0.1074934959983174
    ],
    "debt_ratio": [
        0.1903064145676052,
        0.15431511158098504,
        0.16617680858983425,
        0.16858930359915464
    ],
    "current_ratio": [
        1.8747218472308929,
        2.923572017971584,
        3.064975477080408,
        3.725797312077463
    ]
}