{
    "years": [
        "2021",
        "2022",
        "2023",
        "2024"
    ],
    "revenue": [
        36822230.0,
        34714150.0,
        42510047.0,
        20524908.0
    ],
    "net_income": [
        8959780.0,
        -18610190.0,
        1646969.0,
        -31433725.0
    ],
    "roa": [
        0.016683542409693733,
        -0.03578132454266368,
        0.003171304248240521,
        -0.06707748317737956
    ],
    "roe": [
        0.016846543343807717,
        -0.03626044985879807,
        0.0031941568520535957,
        -0.0677519083858241
    ],
    "debt_ratio": [
        0.009675630827489389,
        0.013213441035622858,
        0.007154502697130461,
        0.009954335228521054
    ],
    "current_ratio": [
        96.58068060882601,
        70.78722082291125,
        130.74021142846223,
        97.26651663464659
    ]
}