{
    "years": [
        "2021",
        "2022",
        "2023",
        "2024"
    ],
    "revenue": [
        4835102975.0,
        3229650019.0,
        1091757676.0,
        1588451478.0
    ],
    "net_income": [
        34108641.0,
        41477174.0,
        16152978.0,
        12214486.0
    ],
    "roa": [
        0.11506929108828198,
        0.15920820656152698,
        0.05967664289110952,
        0.025248578999684034
    ],
    "roe": [
        0.17459787128612242,
        0.18326704046264064,
        0.07146631992557334,
        0.05432602558164751
    ],
    "debt_ratio": [
        0.3409467696217666,
        0.13127747269983386,
        0.1649682962092054,
        0.5352397174400783
    ],
    "current_ratio": [
        1.0982460776340237,
        1.3449874804882895,
        1.3277219272313958,
        1.553244026694898
    ]
}