{
    "years": [
        "2021",
        "2022",
        "2023",
        "2024"
    ],
    "revenue": [
        912842057.0,
        1143871221.0,
        1034395081.0,
        1301769511.0
    ],
    "net_income": [
        9474100.0,
        22162163.0,
        20380492.0,
        45223759.0
    ],
    "roa": [
        0.0156391792531788,
        0.0401169959540582,
        0.03455702754068413,
        0.06562981998769431
    ],
    "roe": [
        0.03711903490838346,
        0.08638632173984437,
        0.07862643413921798,
        0.15610816851459855
    ],
    "debt_ratio": [
        0.5786749496106474,
        0.5356093980378973,
        0.5604909733093507,
        0.5795875346423215
    ],
    "current_ratio": [
        1.1446062749303063,
        1.1801523418998583,
        1.1638021679099975,
        1.3077107599925988
    ]
}