{
    "years": [
        "2021",
        "2022",
        "2023",
        "2024"
    ],
    "revenue": [
        990419262.0,
        805549477.0,
        779226496.0,
        1138125576.0
    ],
    "net_income": [
        22916190.0,
        18316005.0,
        18282391.0,
        32772673.0
    ],
    "roa": [
        0.03696382521590148,
        0.028448983524743975,
        0.02568172476348058,
        0.045350237157482924
    ],
    "roe": [
        0.12579307689082536,
        0.05674793786474293,
        0.056502831861861946,
        0.09694445011904322
    ],
    "debt_ratio": [
        0.7061537397007783,
        0.4986781089287983,
        0.545478980128514,
        0.5322038847835542
    ],
    "current_ratio": [
        1.2619813858059141,
        1.4591741550530728,
        1.4065231827109297,
        1.5077885105850535
    ]
}