{
    "years": [
        "2021",
        "2022",
        "2023",
        "2024"
    ],
    "revenue": [
        2206877.0,
        2269527.0,
        1691673.0,
        1558536.0
    ],
    "net_income": [
        -7889686.0,
        -6990349.0,
        97254.0,
        -54024.0
    ],
    "roa": [
        -0.37607565971014995,
        -0.6209720668018879,
        0.011160805734570577,
        -0.00760180735699719
    ],
    "roe": [
        0.04278872380817096,
        0.03652651539783554,
        -0.0005084375438868765,
        0.0002823541866722427
    ],
    "debt_ratio": [
        9.789130084742895,
        18.00058327596957,
        22.951183323814046,
        27.92294896204739
    ],
    "current_ratio": [
        0.033893042613470994,
        0.028153647652199465,
        0.016602321575438322,
        0.01566518899907961
    ]
}