{
    "years": [
        "2020",
        "2021",
        "2022",
        "2023"
    ],
    "revenue": [
        828345795.0,
        529248184.0,
        378296392.0,
        171508249.0
    ],
    "net_income": [
        172306934.0,
        127943716.0,
        73525665.0,
        21500897.0
    ],
    "roa": [
        0.13525757177937817,
        0.11444351166140325,
        0.07691333595619122,
        0.024906616479634585
    ],
    "roe": [
        0.377673411917074,
        0.2441280094080699,
        0.12737346459411775,
        0.03883920970115582
    ],
    "debt_ratio": [
        0.6418663122383718,
        0.5312151524976952,
        0.396158876566013,
        0.35872494133439115
    ],
    "current_ratio": [
        1.7706181806080425,
        1.7517116402418693,
        1.721814353754523,
        1.8695816257715105
    ]
}