{
    "years": [
        "2021",
        "2022",
        "2023",
        "2024"
    ],
    "revenue": [
        548134836.0,
        562668672.0,
        799833446.0,
        554979958.0
    ],
    "net_income": [
        63901244.0,
        34366644.0,
        38079437.0,
        52901073.0
    ],
    "roa": [
        0.1310463248558334,
        0.05549741027219889,
        0.05171253732510773,
        0.07824748806917892
    ],
    "roe": [
        0.2624479051563442,
        0.12409580319801379,
        0.12115023643941267,
        0.144848370530366
    ],
    "debt_ratio": [
        0.5006768113551255,
        0.5527857603399826,
        0.5731536409260809,
        0.4597972501680638
    ],
    "current_ratio": [
        1.3398380515346435,
        1.3029218573613834,
        1.363254259205335,
        1.6896539201584742
    ]
}