{
    "years": [
        "2021",
        "2022",
        "2023",
        "2024"
    ],
    "revenue": [
        271232478.0,
        311163762.0,
        148867289.0,
        464469371.0
    ],
    "net_income": [
        2863280.0,
        5002014.0,
        2850706.0,
        9781884.0
    ],
    "roa": [
        0.020690266149222133,
        0.03492441406045993,
        0.02670794198477957,
        0.06273505039274166
    ],
    "roe": [
        0.05904652588585359,
        0.09879416157765579,
        0.05675162105198615,
        0.17112429875074106
    ],
    "debt_ratio": [
        0.6495938441963589,
        0.6464931378256794,
        0.5293889145419421,
        0.6333948431010299
    ],
    "current_ratio": [
        1.4312174555134696,
        1.4584245204019028,
        1.7446815145336882,
        1.5091386913351157
    ]
}