{
    "years": [
        "2021",
        "2022",
        "2023",
        "2024"
    ],
    "revenue": [
        96562695.0,
        134234274.0,
        101803441.0,
        138464992.0
    ],
    "net_income": [
        -5949810.0,
        3047663.0,
        -2256409.0,
        3216895.0
    ],
    "roa": [
        -0.06371644398843193,
        0.026276846549414656,
        -0.027001934644282164,
        0.040225841774158326
    ],
    "roe": [
        -0.15462937313303435,
        0.07339249708474585,
        -0.05746012052061962,
        0.07571654444020122
    ],
    "debt_ratio": [
        0.587940876319702,
        0.6419682175539967,
        0.5300752173919911,
        0.4687311462565813
    ],
    "current_ratio": [
        1.2908004840949343,
        1.2751923552415083,
        1.4755340859984216,
        1.6900495269649227
    ]
}