{
    "years": [
        "2022",
        "2023",
        "2024"
    ],
    "revenue": [
        80004419.0,
        65320188.0,
        71497768.0
    ],
    "net_income": [
        20622050.0,
        4937551.0,
        17799971.0
    ],
    "roa": [
        0.04865132080678652,
        0.01221502698249943,
        0.04634285939870922
    ],
    "roe": [
        0.12241070700150031,
        0.0286825483254122,
        0.10296693160120614
    ],
    "debt_ratio": [
        0.6025566553897101,
        0.5741303442108334,
        0.5499248285051705
    ],
    "current_ratio": [
        0.3544811905737937,
        0.1926049597256036,
        0.16853131831981075
    ]
}