{
    "years": [
        "2021",
        "2022",
        "2023",
        "2024"
    ],
    "revenue": [
        52825769.0,
        47319668.0,
        39172185.0,
        38136758.0
    ],
    "net_income": [
        -15261967.0,
        -6885887.0,
        -18520636.0,
        -7167415.0
    ],
    "roa": [
        -0.08427201510383944,
        -0.03970776565510694,
        -0.11883072452281206,
        -0.048438655447544054
    ],
    "roe": [
        -0.08561817731128654,
        -0.0404508355437538,
        -0.12208088395547886,
        -0.04958759066671813
    ],
    "debt_ratio": [
        0.01572285523613498,
        0.018369704325220032,
        0.026623000484269903,
        0.02316981332882572
    ],
    "current_ratio": [
        22.836396519556565,
        19.303211469143747,
        11.196328423293165,
        11.68167448953043
    ]
}