{
    "years": [
        "2019",
        "2020",
        "2022",
        "2023"
    ],
    "revenue": [
        435924637.0,
        425669255.0,
        429310145.0,
        555433451.0
    ],
    "net_income": [
        9214752.0,
        13279866.0,
        9864548.0,
        13405039.0
    ],
    "roa": [
        0.020074355671761114,
        0.031677612501426845,
        0.024027695924994454,
        13405039.0
    ],
    "roe": [
        0.05814551600095032,
        0.07731762291696041,
        0.05638634964825509,
        -0.03492978916529194
    ],
    "debt_ratio": [
        0.6547565994352338,
        0.5902924675342284,
        0.5738738883633691,
        383770968.0
    ],
    "current_ratio": [
        1.0021220827337842,
        1.0541241546996252,
        1.0588267452963689,
        1.0013316679451576
    ]
}