{
    "years": [
        "2020",
        "2021",
        "2022",
        "2023"
    ],
    "revenue": [
        1226020879.0,
        1082183356.0,
        317854902.0,
        414366626.0
    ],
    "net_income": [
        -179998905.0,
        29990231.0,
        24890860.0,
        26518959.0
    ],
    "roa": [
        -0.12996602639243518,
        0.02185426372264267,
        0.02005745657596059,
        0.014254454370147095
    ],
    "roe": [
        -0.20447179746961613,
        0.034168984772506995,
        0.027449717747469956,
        0.01917080568644813
    ],
    "debt_ratio": [
        0.36438165066872985,
        0.3604064075024254,
        0.2693019010073687,
        0.2564499060035024
    ],
    "current_ratio": [
        2.2583976592673745,
        2.811615511925489,
        1.9751722719211866,
        2.31910146648953
    ]
}