{
    "years": [
        "2021",
        "2022",
        "2023",
        "2024"
    ],
    "revenue": [
        608915444.0,
        683439631.0,
        559379892.0,
        698777613.0
    ],
    "net_income": [
        10664982.0,
        31996326.0,
        6573569.0,
        9613930.0
    ],
    "roa": [
        0.013658984199341096,
        0.034642281797634955,
        0.006991808169337985,
        0.009344083402128523
    ],
    "roe": [
        0.4904207536664589,
        0.9874478193491324,
        0.16865413997887554,
        0.05350685322925449
    ],
    "debt_ratio": [
        0.9721484376482348,
        0.9649173544983176,
        0.9585435129537068,
        0.8253666056179191
    ],
    "current_ratio": [
        0.951918281663184,
        0.972250830962054,
        1.000709762284319,
        1.0538045916629877
    ]
}